product_no,product_url,product_name,category,sub_category,price,fabric,fit_type,size_range,recommended_body_type,body_cover_features,style_tags,season,length_type,sleeve_type,color_options,recommended_age,coordination_items,product_summary,shoulder,chest,chest_measure_type,armhole,sleeve,sleeve_circumference,length,length_front,length_back,measurement_source,raw_measurements
28902,https://www.misharp.co.kr/product/detail.html?product_no=28902,실키 쿨 터치 베이직 반팔 티셔츠,블라우스/셔츠,셔츠,25100,,,55-66반,어깨좁음;하체통통,뱃살커버;허리라인보정,데일리;오피스룩,여름;겨울,기본,반팔,블랙;화이트;브라운;카키,4050,슬랙스;데님,★ SS제작 상의 77★ 【미샵 전직원 추천 원단!!!】,38.5,47,circumference,42,19,,,,,text,"[{""어깨단면"": ""38.5""}, {""암홀둘레"": ""42""}, {""소매길이"": ""19""}, {""가슴둘레"": ""94""}]"
28803,https://www.misharp.co.kr/product/detail.html?product_no=28803,S. 미샵 뮤즈 슬리밍 티셔츠,블라우스/셔츠,셔츠,26000,면35%와 폴리에스터58%를 혼방하여 면 특유의 쾌적함은 살리되 / 폴리에스터58%를 혼방하여 면 특유의 쾌적함은 살리되,슬림핏;정핏;레글런핏;캡소매,66-66반,어깨좁음;팔뚝통통;복부체형,팔뚝커버;뱃살커버;허리라인보정,페미닌;데일리;오피스룩;모임룩,봄;여름;겨울,기본,캡소매,블랙;아이보리;베이지,4050,슬랙스;데님;스커트,★ 회원전용 20% 세일 ★ 【사이즈별/여름 버전으로 제작】,,45.5,circumference,,24.5,,,,,text,"[{""소매길이"": ""24.5""}, {""가슴둘레"": ""91""}]"
25167,https://www.misharp.co.kr/product/detail.html?product_no=25167,미샵 써머 맨투맨 티셔츠,블라우스/셔츠,셔츠,32100,코튼52% 폴리48% 혼용의 요루 원단입니다 / 폴리48% 혼용의 요루 원단입니다,레글런핏,55-77,어깨좁음;복부체형,팔뚝커버;뱃살커버;허리라인보정,클래식;데일리;오피스룩,여름;겨울,기본,레글런소매,그레이,4050,슬랙스;데님,★ SS제작 상의 72 ★ 【인기 연그레이컬러만 마지막입고!】,,55,circumference,,38.5,,,,,text,"[{""소매길이"": ""38.5""}, {""가슴둘레"": ""110""}]"
28894,https://www.misharp.co.kr/product/detail.html?product_no=28894,로맨틱 무드 코튼 레이스 나시,,,25800,면 100% 소재를 사용하여 땀 흡수력이 뛰어나며 통기성이 매우 우수합니다 / 코튼100%의 실과 만나 과하지 않게 로맨틱한 포인트가 되는 나시형 조끼입니다,세미루즈;민소매핏,55-77,어깨좁음,뱃살커버;허리라인보정,페미닌;데일리;오피스룩,여름;가을;겨울,기본,민소매,아이보리;베이지,4050,데님;스커트,【코튼100 / 체형커버 굿】 【1차 입고량 완판/ 다음주 순차배송】,39,56.5,circumference,44,,,,,,text,"[{""어깨단면"": ""39""}, {""암홀둘레"": ""44""}, {""가슴둘레"": ""113""}]"
28989,https://www.misharp.co.kr/product/detail.html?product_no=28989,다림질 제로 링클 반팔 티셔츠,블라우스/셔츠,셔츠,29500,폴리에스터95% 스판5% 혼용 소재입니다 / 스판5% 혼용 소재입니다,루즈핏;세미루즈,55-77,어깨좁음;팔뚝통통;하체통통,팔뚝커버;뱃살커버;허리라인보정,데일리,여름;겨울,롱,반팔,블랙;화이트;베이지;네이비,4050,데님;스커트,"미샵 - 다림질 제로 링클 반팔 티셔츠 (4 color) 다림질 제로 링클 반팔 티셔츠 (4 color) (해외배송 가능상품) ( 건) 다림질 제로 링클 반팔 티셔츠 (4 color) 29,500원 290원 (1%) 재입고 알림 SMS 상품 옵션 컬러 - [필수] 옵션을 선택해 주세요 - ------------------- 화이트 베이지 네이비 블랙 옵션선택 상품 목록 상품명 상품수 가격 다",,56,circumference,,42,,,,,text,"[{""소매길이"": ""42""}, {""가슴둘레"": ""112""}]"
27648,https://www.misharp.co.kr/product/detail.html?product_no=27648,S. 미키 반팔 레이온 잠옷 세트룩,,,19800,폴리에스터95% 스판5% 소재입니다 / 스판5% 소재입니다,슬림핏;캡소매,55-88,어깨좁음;복부체형;하체통통,힙커버;허리라인보정,데일리;학모룩,봄;여름;가을,기본,캡소매,핑크;네이비,4050,데님,"【디즈니 라이센스/F(여성), XL(남성)】",54,56,circumference,46,24,,,,,text,"[{""어깨단면"": ""54""}, {""암홀둘레"": ""46""}, {""소매길이"": ""24""}, {""가슴둘레"": ""112""}]"
26320,https://www.misharp.co.kr/product/detail.html?product_no=26320,S. 카라 반오픈 반팔 블라우스,블라우스/셔츠,블라우스,39200,폴리 100% 소재로 들뜸 없이 여리한 결을 연출하고,,55-77,어깨좁음;하체통통,뱃살커버;힙커버;허리라인보정,클래식;데일리;오피스룩,봄;여름;겨울,기본,반팔,블랙;화이트;아이보리;베이지;그레이,4050,슬랙스;데님,"★미샵 SS제작 상의 67★ [누적 6,000장 판매 / 최강 여름 클래식T]",38.5,50.5,circumference,49,26,,,,,text,"[{""어깨단면"": ""38.5""}, {""암홀둘레"": ""49""}, {""소매길이"": ""26""}, {""가슴둘레"": ""101""}]"
28983,https://www.misharp.co.kr/product/detail.html?product_no=28983,레브 강연 냉감 캡소매 티셔츠,블라우스/셔츠,셔츠,24500,코튼70% 폴리에스터30% 혼용 소재입니다 / 코튼100% 소재에 비해서 내구성이 강하며 / 폴리에스터30% 혼용 소재입니다,루즈핏;세미루즈;캡소매,55-77,어깨좁음;팔뚝통통;하체통통,팔뚝커버;뱃살커버;허리라인보정,데일리;오피스룩,여름;겨울,기본,캡소매,아이보리;그레이,4050,슬랙스;데님;스커트,【고급 워드 자수】,,,,,,,,,,table,"[{""레브 강연 냉감 캡소매 티셔츠 (3 color)"": """"}]"
28837,https://www.misharp.co.kr/product/detail.html?product_no=28837,S. 맨투맨 반팔 블라우스,블라우스/셔츠,블라우스,32500,폴리에스터19% 혼용 소재입니다 / 레이온81% 폴리에스터19% 혼용 소재입니다,,55-77,어깨좁음;팔뚝통통;하체통통,팔뚝커버;뱃살커버;허리라인보정,클래식;데일리;오피스룩,여름;겨울,롱,반팔,블랙,4050,슬랙스;데님;스커트,【컬러별 재구매율 1위】,42,56,circumference,49,22,,,,,text,"[{""어깨단면"": ""42""}, {""암홀둘레"": ""49""}, {""소매길이"": ""22""}, {""가슴둘레"": ""112""}]"
28796,https://www.misharp.co.kr/product/detail.html?product_no=28796,샌드 배색 스트라이프 티셔츠,블라우스/셔츠,셔츠,26000,코튼100% 소재입니다,세미루즈,55-77,어깨좁음;팔뚝통통,팔뚝커버;힙커버;허리라인보정,클래식;데일리;오피스룩,봄;여름;겨울,하프,긴팔,아이보리;베이지;네이비;브라운;카키,4050,데님;스커트,★ SS제작 상의 64 ★ 【브랜드 공정의 클래식 링거T】,42,49,circumference,44,19.5,,,,,text,"[{""어깨단면"": ""42""}, {""암홀둘레"": ""44""}, {""소매길이"": ""19.5""}, {""가슴둘레"": ""98""}]"
29012,https://www.misharp.co.kr/product/detail.html?product_no=29012,아이리스 아일렛 프릴 티셔츠,블라우스/셔츠,셔츠,27400,,세미루즈;정핏;드롭숄더;캡소매,55-77,어깨좁음;팔뚝통통;복부체형,팔뚝커버;뱃살커버;허리라인보정,클래식;데일리;오피스룩,여름;겨울,기본,캡소매,아이보리;네이비,4050,슬랙스;데님,"【티셔츠이지만, 블라우스처럼~】",,48,circumference,,22,,,,,text,"[{""소매길이"": ""22""}, {""가슴둘레"": ""96""}]"
29000,https://www.misharp.co.kr/product/detail.html?product_no=29000,무아르 카라 레글런 티셔츠,블라우스/셔츠,셔츠,39500,폴리에스터90% 스판10% 혼용 소재이며 / 스판10% 혼용 소재이며,루즈핏;레글런핏,55-77,어깨좁음;팔뚝통통;하체통통,팔뚝커버;허리라인보정,클래식;데일리;오피스룩,여름;겨울,기본,레글런소매,블랙;베이지,4050,슬랙스;데님;스커트,【밀도있는 고텐션 원단】,,60,circumference,,22,,,,,text,"[{""소매길이"": ""22""}, {""가슴둘레"": ""120""}]"
29015,https://www.misharp.co.kr/product/detail.html?product_no=29015,에이커 쿨 스케치 이지 잠옷 세트,,,21900,폴리에스터100% 소재입니다,,55-77,어깨좁음;복부체형;하체통통,힙커버;허리라인보정,데일리,여름;겨울,기본,,아이보리,4050,데님,【최고의 쾌적함 최고의 펴난함】,,60,circumference,41,,,,,,text,"[{""암홀둘레"": ""41""}, {""가슴둘레"": ""120""}]"
27650,https://www.misharp.co.kr/product/detail.html?product_no=27650,에디 실켓 레글런 반팔 티셔츠,블라우스/셔츠,셔츠,26500,,레글런핏,55-77,어깨좁음;팔뚝통통,팔뚝커버;허리라인보정,클래식;페미닌;데일리;오피스룩,여름,기본,반팔,화이트;네이비,4050,데님;스커트,【네이비만 소량 제작】,,53,circumference,,30.5,,,,,text,"[{""소매길이"": ""30.5""}, {""가슴둘레"": ""106""}]"
29003,https://www.misharp.co.kr/product/detail.html?product_no=29003,소프트 돌먼 피케 티셔츠,블라우스/셔츠,셔츠,34500,,드롭숄더,55-77,어깨좁음;팔뚝통통,팔뚝커버;허리라인보정,데일리;오피스룩,여름;겨울,기본,드롭숄더,블랙;아이보리,4050,슬랙스;데님;스커트,【얇은 써머형 PK 원단】,,55,circumference,,33,,,,,text,"[{""소매길이"": ""33""}, {""가슴둘레"": ""110""}]"
22459,https://www.misharp.co.kr/product/detail.html?product_no=22459,이중 쉬폰 슬리브리스,,,25800,,민소매핏,55-77,어깨좁음;팔뚝통통,팔뚝커버,데일리,여름;겨울,기본,민소매,블랙;아이보리;베이지;네이비;브라운,4050,데님,【사이즈별 소량 재입고!】,32,47,circumference,40,,,,,,text,"[{""어깨단면"": ""32""}, {""암홀둘레"": ""40""}, {""가슴둘레"": ""94""}]"
28716,https://www.misharp.co.kr/product/detail.html?product_no=28716,플레어 분또 텐션 티셔츠,블라우스/셔츠,셔츠,32500,코튼50% 폴리에스터,,55-77,어깨좁음;하체통통,뱃살커버;힙커버,데일리;오피스룩,겨울,기본,긴팔,블랙;아이보리;핑크,4050,데님,"미샵 - 플레어 분또 텐션 티셔츠 (3 color) 플레어 분또 텐션 티셔츠 (3 color) (해외배송 가능상품) ( 건) 플레어 분또 텐션 티셔츠 (3 color) 32,500원 320원 (1%) 재입고 알림 SMS 상품 옵션 컬러 - [필수] 옵션을 선택해 주세요 - ------------------- 아이보리 핑크 블랙 옵션선택 상품 목록 상품명 상품수 가격 플레어 분또 텐션 티셔츠",47.5,52,circumference,42,19.5,,,,,text,"[{""어깨단면"": ""47.5""}, {""암홀둘레"": ""42""}, {""소매길이"": ""19.5""}, {""가슴둘레"": ""104""}]"
25151,https://www.misharp.co.kr/product/detail.html?product_no=25151,프레피 카라 스트라이프 티셔츠,블라우스/셔츠,셔츠,35500,,레글런핏,55-77,어깨좁음,팔뚝커버,클래식;데일리;오피스룩,여름;겨울,기본,레글런소매,아이보리;네이비,4050,데님,얇고 부드러운 입체원단,,50,circumference,,29,,,,,text,"[{""소매길이"": ""29""}, {""가슴둘레"": ""100""}]"
27585,https://www.misharp.co.kr/product/detail.html?product_no=27585,오브 드로잉 반팔 티셔츠,블라우스/셔츠,셔츠,23500,코튼100% 소재입니다,,55-77,어깨좁음;하체통통,힙커버;허리라인보정,페미닌;데일리,여름,기본,반팔,화이트;베이지;네이비,4050,데님;스커트,"미샵 - 오브 드로잉 반팔 티셔츠 (2 color) 오브 드로잉 반팔 티셔츠 (2 color) (해외배송 가능상품) ( 건) 오브 드로잉 반팔 티셔츠 (2 color) 23,500원 230원 (1%) 재입고 알림 SMS 상품 옵션 컬러 - [필수] 옵션을 선택해 주세요 - ------------------- 그린 네이비 옵션선택 상품 목록 상품명 상품수 가격 오브 드로잉 반팔 티셔츠 (2 c",46,54,circumference,45,18,,,,,text,"[{""어깨단면"": ""46""}, {""암홀둘레"": ""45""}, {""소매길이"": ""18""}, {""가슴둘레"": ""108""}]"
28994,https://www.misharp.co.kr/product/detail.html?product_no=28994,라온 린넨 블렌드 반팔 티셔츠,블라우스/셔츠,셔츠,19800,,세미루즈,55-77,어깨좁음;팔뚝통통;하체통통,팔뚝커버;뱃살커버;힙커버;허리라인보정,클래식;데일리;오피스룩,여름;겨울,하프,반팔,블랙;화이트;아이보리;베이지;브라운,4050,슬랙스;데님,"【린넨+면, 완벽한 여름 베이직핏】",46,53,circumference,47,22.5,,,,,text,"[{""어깨단면"": ""46""}, {""암홀둘레"": ""47""}, {""소매길이"": ""22.5""}, {""가슴둘레"": ""106""}]"
28996,https://www.misharp.co.kr/product/detail.html?product_no=28996,쿨 실키 링거 스트라이프 티셔츠,블라우스/셔츠,셔츠,29800,코튼32% 폴리에스터68% 혼용 소재입니다 / 폴리에스터68% 혼용 소재입니다,레글런핏,55-77,어깨좁음;팔뚝통통,팔뚝커버;뱃살커버;힙커버;허리라인보정,클래식;데일리;오피스룩,여름;겨울,하프,레글런소매,블랙;화이트;네이비,4050,데님,"미샵 - 쿨 실키 링거 스트라이프 티셔츠 (4 color) 쿨 실키 링거 스트라이프 티셔츠 (4 color) (해외배송 가능상품) ( 건) 쿨 실키 링거 스트라이프 티셔츠 (4 color) 29,800원 290원 (1%) 재입고 알림 SMS 상품 옵션 컬러 - [필수] 옵션을 선택해 주세요 - ------------------- 스카이 모카 네이비 블랙 옵션선택 상품 목록 상품명 상품수 가격",,57,circumference,,37,,,,,text,"[{""소매길이"": ""37""}, {""가슴둘레"": ""114""}]"
23961,https://www.misharp.co.kr/product/detail.html?product_no=23961,데일리 린넨 맨투맨,티셔츠,티셔츠,39500,,오버핏;루즈핏,55-77,어깨좁음,,클래식;데일리,여름,롱,긴팔,블랙;화이트;카키,4050,슬랙스;데님;스커트,【스킨에 닿지않는 린넨100】,56,59,circumference,45,20,,,,,text,"[{""어깨단면"": ""56""}, {""암홀둘레"": ""45""}, {""소매길이"": ""20""}, {""가슴둘레"": ""118""}]"
28987,https://www.misharp.co.kr/product/detail.html?product_no=28987,내추럴 포레스트 린넨 루즈핏 티셔츠,블라우스/셔츠,셔츠,38500,,루즈핏,55-77,어깨좁음,뱃살커버;허리라인보정,클래식;데일리;오피스룩,여름;겨울,기본,긴팔,화이트;베이지;네이비,4050,슬랙스;데님;스커트;원피스,【린넨55%의 시원함에 여리핏까지】,,56,circumference,,74,,,,,text,"[{""소매길이"": ""74""}, {""가슴둘레"": ""112""}]"
28980,https://www.misharp.co.kr/product/detail.html?product_no=28980,블레스터 레터링 반팔 티셔츠,블라우스/셔츠,셔츠,19500,코튼100% 소재입니다,오버핏;드롭숄더,55-77,어깨좁음;팔뚝통통;하체통통,팔뚝커버;허리라인보정,데일리;오피스룩,여름;겨울,롱,반팔,화이트;핑크,4050,데님;스커트,"미샵 - 블레스터 레터링 반팔 티셔츠 (3 color) 블레스터 레터링 반팔 티셔츠 (3 color) (해외배송 가능상품) ( 건) 블레스터 레터링 반팔 티셔츠 (3 color) 19,500원 190원 (1%) 재입고 알림 SMS 상품 옵션 컬러 - [필수] 옵션을 선택해 주세요 - ------------------- 화이트 핑크 카멜 옵션선택 상품 목록 상품명 상품수 가격 블레스터 레터링",49,55,circumference,43,25,,,,,text,"[{""어깨단면"": ""49""}, {""암홀둘레"": ""43""}, {""소매길이"": ""25""}, {""가슴둘레"": ""110""}]"
28977,https://www.misharp.co.kr/product/detail.html?product_no=28977,오디너리 실켓 레글런 티셔츠,블라우스/셔츠,셔츠,32500,코튼100% 소재입니다,레글런핏,55-77,어깨좁음;팔뚝통통;하체통통,팔뚝커버;뱃살커버;허리라인보정,데일리;오피스룩,여름;겨울,기본,7부소매,블랙;화이트,4050,슬랙스;데님;스커트,【섬세한 실켓면/매끈함과 시원함】,,60.5,circumference,,48,,,,,text,"[{""소매길이"": ""48""}, {""가슴둘레"": ""121""}]"
28971,https://www.misharp.co.kr/product/detail.html?product_no=28971,내추럴 무드 찰랑 린넨 나시,,,22500,,정핏;민소매핏,55-66,어깨좁음,뱃살커버;허리라인보정,클래식;데일리,여름;겨울,기본,민소매,블랙;화이트;아이보리;베이지;브라운,4050,데님,【린넨55% 탁월한 통기성】,39,44,circumference,44,,,,,,text,"[{""어깨단면"": ""39""}, {""암홀둘레"": ""44""}, {""가슴둘레"": ""88""}]"
26569,https://www.misharp.co.kr/product/detail.html?product_no=26569,컬러 피그먼트 레글런 티셔츠,블라우스/셔츠,셔츠,29500,,세미루즈;레글런핏,55-77,어깨좁음,팔뚝커버;허리라인보정,페미닌;데일리,여름;겨울,기본,레글런소매,화이트;아이보리;브라운,4050,데님;스커트,(고급 피그먼트 워싱),56,48.5,circumference,38,,,,,,text,"[{""어깨단면"": ""56""}, {""암홀둘레"": ""38""}, {""가슴둘레"": ""97""}]"
27786,https://www.misharp.co.kr/product/detail.html?product_no=27786,파리스 피그먼트 반팔 티셔츠,블라우스/셔츠,셔츠,15800,코튼 100% 소재입니다 / 코튼 100%로 통기성이 뛰어나고 / 코튼100% 소재입니다,오버핏,55-77,어깨좁음;복부체형;하체통통,뱃살커버;허리라인보정,클래식;데일리,여름;겨울,크롭,반팔,화이트,4050,데님,【피그먼트 워싱 코튼100】,60,60.5,circumference,42,20,,,,,text,"[{""어깨단면"": ""60""}, {""암홀둘레"": ""42""}, {""소매길이"": ""20""}, {""가슴둘레"": ""121""}]"
27772,https://www.misharp.co.kr/product/detail.html?product_no=27772,데일리 린넨 플레어 나시,,,39500,코튼40% 혼용 소재입니다,세미루즈;민소매핏,55-77,어깨좁음,허리라인보정,데일리,여름,기본,민소매,블랙;베이지;브라운,4050,슬랙스;데님,【린넨60+코튼40】,38,53,circumference,40,,,,,,text,"[{""어깨단면"": ""38""}, {""암홀둘레"": ""40""}, {""가슴둘레"": ""106""}]"
28958,https://www.misharp.co.kr/product/detail.html?product_no=28958,강연 쿨 가오리 티셔츠,블라우스/셔츠,셔츠,28800,코튼75% 폴리에스터25% 혼용 소재로 여름철에 입기 좋은 고슬고슬하고 청량한 촉감을 선사하면서도 / 폴리에스터25% 혼용 소재로 여름철에 입기 좋은 고슬고슬하고 청량한 촉감을 선사하면서도,,55-77,어깨좁음;팔뚝통통,팔뚝커버;뱃살커버;힙커버;허리라인보정,데일리,여름;겨울,하프,긴팔,블랙;아이보리;그레이,4050,데님,【코튼75%/고슬고슬 강연가공】,,75,circumference,,26,,,,,text,"[{""소매길이"": ""26""}, {""가슴둘레"": ""150""}]"
26239,https://www.misharp.co.kr/product/detail.html?product_no=26239,N. 클레이 브이 맨투맨,티셔츠,티셔츠,36500,코튼100% 소재입니다,레글런핏,55-77,어깨좁음;하체통통,팔뚝커버;힙커버;허리라인보정,클래식;데일리,봄;여름;가을,기본,레글런소매,블랙;화이트;그레이;핑크;카키,4050,데님;스커트,★ SS제작 상의 39 ★,,54,circumference,,40,,,,,text,"[{""소매길이"": ""40""}, {""가슴둘레"": ""108""}]"
28953,https://www.misharp.co.kr/product/detail.html?product_no=28953,메이비 벌룬 블라우스 티셔츠,블라우스/셔츠,블라우스,34500,,벌룬소매,55-66반,어깨좁음;팔뚝통통,팔뚝커버;뱃살커버;허리라인보정,데일리;오피스룩,여름;겨울,기본,벌룬소매,블랙;화이트;핑크,4050,슬랙스;데님;스커트,【사이즈별 제작】,,45,circumference,,34,,,,,text,"[{""소매길이"": ""34""}, {""가슴둘레"": ""90""}]"
24867,https://www.misharp.co.kr/product/detail.html?product_no=24867,프레시 강연 나시,,,11500,,민소매핏,55-66반,어깨좁음;팔뚝통통,팔뚝커버;허리라인보정,클래식;데일리,봄;여름;가을,기본,민소매,블랙;베이지,4050,데님,"미샵 - 프레시 강연 나시 (4 color) 프레시 강연 나시 (4 color) (해외배송 가능상품) ( 건) 프레시 강연 나시 (4 color) 11,500원 110원 (1%) 재입고 알림 SMS 상품 옵션 컬러 - [필수] 옵션을 선택해 주세요 - ------------------- 블랙 바이올렛 옵션선택 상품 목록 상품명 상품수 가격 프레시 강연 나시 (4 color) 수량증가 수량감소",35,47,circumference,42,,,,,,text,"[{""어깨단면"": ""35""}, {""암홀둘레"": ""42""}, {""가슴둘레"": ""94""}]"
27421,https://www.misharp.co.kr/product/detail.html?product_no=27421,데일리 무지 반팔 U넥 티셔츠,블라우스/셔츠,셔츠,19800,코튼100% 소재입니다,오버핏,55-77,어깨좁음,뱃살커버;허리라인보정,페미닌;데일리,여름;겨울,기본,반팔,블랙;화이트;그레이,4050,데님,"【코튼100 / 1+1 = 19,800원】",55,58,circumference,45,19,,,,,text,"[{""어깨단면"": ""55""}, {""암홀둘레"": ""45""}, {""소매길이"": ""19""}, {""가슴둘레"": ""116""}]"
28949,https://www.misharp.co.kr/product/detail.html?product_no=28949,어반 일러스트 루즈핏 반팔 티셔츠,블라우스/셔츠,셔츠,32800,코튼100% 소재입니다 / 코튼 100% 소재라 세탁 후 변형이 걱정되는데 어떻게 관리하나요? A,루즈핏,55-77,어깨좁음;팔뚝통통;하체통통,팔뚝커버;뱃살커버;힙커버;허리라인보정,데일리;오피스룩,여름;겨울,기본,반팔,블랙;화이트;베이지,4050,데님,"미샵 - 어반 일러스트 루즈핏 반팔 티셔츠 (3 color) 어반 일러스트 루즈핏 반팔 티셔츠 (3 color) (해외배송 가능상품) ( 건) 어반 일러스트 루즈핏 반팔 티셔츠 (3 color) 32,800원 320원 (1%) 재입고 알림 SMS 상품 옵션 컬러 - [필수] 옵션을 선택해 주세요 - ------------------- 화이트 베이지 블랙 옵션선택 상품 목록 상품명 상품수 가격",44,58,circumference,50,33.5,,,,,text,"[{""어깨단면"": ""44""}, {""암홀둘레"": ""50""}, {""소매길이"": ""33.5""}, {""가슴둘레"": ""116""}]"
27538,https://www.misharp.co.kr/product/detail.html?product_no=27538,자가드 볼륨 블라우스 티셔츠,블라우스/셔츠,블라우스,36800,폴리에스터95% 스판5% 혼용 소재입니다 / 스판5% 혼용 소재입니다,,55-77,어깨좁음;하체통통,뱃살커버,데일리;오피스룩,봄;여름;가을,기본,긴팔,블랙;화이트;아이보리,4050,슬랙스;데님;스커트,★ SS제작 상의 66 ★ [인기 아이 컬러만 제작],33,47.5,circumference,46,31,,,,,text,"[{""어깨단면"": ""33""}, {""암홀둘레"": ""46""}, {""소매길이"": ""31""}, {""가슴둘레"": ""95""}]"
27769,https://www.misharp.co.kr/product/detail.html?product_no=27769,모엣 실켓 포켓 반팔 티셔츠,블라우스/셔츠,셔츠,32800,,,55-77,어깨좁음;하체통통,힙커버;허리라인보정,클래식;데일리;오피스룩,여름,기본,반팔,베이지,4050,데님,"미샵 - 모엣 실켓 포켓 반팔 티셔츠 (3 color) 모엣 실켓 포켓 반팔 티셔츠 (3 color) (해외배송 가능상품) ( 건) 모엣 실켓 포켓 반팔 티셔츠 (3 color) 32,800원 320원 (1%) 재입고 알림 SMS 상품 옵션 컬러 - [필수] 옵션을 선택해 주세요 - ------------------- 브릭 청록 옵션선택 상품 목록 상품명 상품수 가격 모엣 실켓 포켓 반팔 티",44.5,58,circumference,46,26.5,,,,,text,"[{""어깨단면"": ""44.5""}, {""암홀둘레"": ""46""}, {""소매길이"": ""26.5""}, {""가슴둘레"": ""116""}]"
28947,https://www.misharp.co.kr/product/detail.html?product_no=28947,실키 트윙클 썸머 반팔 니트,니트/가디건,니트,37500,,,55-66반,어깨좁음,허리라인보정,페미닌;데일리,여름;겨울,기본,반팔,블랙;그레이,4050,슬랙스;데님;스커트;니트,【은은한 금사 15% 함유】,36,50,circumference,50,20.5,,,,,text,"[{""어깨단면"": ""36""}, {""암홀둘레"": ""50""}, {""소매길이"": ""20.5""}, {""가슴둘레"": ""100""}]"
26414,https://www.misharp.co.kr/product/detail.html?product_no=26414,에비뉴 린넨 자수 반팔 티셔츠_1,블라우스/셔츠,셔츠,58500,코튼45% 믹스로 부드럽게 표현된 통기성 뛰어난 썸머 원단입니다,,55-77,어깨좁음,,데일리;오피스룩,여름,기본,반팔,화이트;카키,4050,데님,【린넨55+면45】 【인기 화이트컬러만 소량 입고】,56,60,circumference,44,19,,,,,text,"[{""어깨단면"": ""56""}, {""암홀둘레"": ""44""}, {""소매길이"": ""19""}, {""가슴둘레"": ""120""}]"
25264,https://www.misharp.co.kr/product/detail.html?product_no=25264,미샵 카라 반오픈 티셔츠,블라우스/셔츠,셔츠,34800,코튼100% 원단입니다,,55-77,어깨좁음,허리라인보정,클래식;데일리;오피스룩,여름,기본,긴팔,블랙;아이보리;소라,4050,슬랙스;데님,★ SS 제작 상의 69 ★ 【국내제작/ 브랜드 공정】,39,46,circumference,43,15,,,,,text,"[{""어깨단면"": ""39""}, {""암홀둘레"": ""43""}, {""소매길이"": ""15""}, {""가슴둘레"": ""92""}]"
28946,https://www.misharp.co.kr/product/detail.html?product_no=28946,에센셜 쿨린넨 스트라이프 티셔츠,블라우스/셔츠,셔츠,29500,면80% / 폴리에스터15% / 스판5% 혼용률의 린넨 라이크 원단으로,루즈핏,55-77,어깨좁음;팔뚝통통;하체통통,팔뚝커버;뱃살커버,데일리,여름;겨울,기본,긴팔,블랙;화이트;소라,4050,슬랙스;데님,"【면80%, 린넨 라이크 원단】",44,54,circumference,42,24,,,,,text,"[{""어깨단면"": ""44""}, {""암홀둘레"": ""42""}, {""소매길이"": ""24""}, {""가슴둘레"": ""108""}]"
26534,https://www.misharp.co.kr/product/detail.html?product_no=26534,레트 나염 반팔 티셔츠,블라우스/셔츠,셔츠,39800,코튼100% 소재에 비해서 차르르한 맛도 있고 / 코튼55% 폴리,루즈핏;드롭숄더,55-77,어깨좁음,허리라인보정,데일리;오피스룩,봄;여름;가을,기본,반팔,아이보리,4050,데님,【코튼55/ 여름 티셔츠의 럭스】,,55.5,circumference,,40,,,,,text,"[{""소매길이"": ""40""}, {""가슴둘레"": ""111""}]"
26615,https://www.misharp.co.kr/product/detail.html?product_no=26615,모던핏 브이넥 반팔 티셔츠,블라우스/셔츠,셔츠,29500,,,55-77,어깨좁음,허리라인보정,클래식;데일리,봄;여름;겨울,기본,반팔,블랙;화이트;베이지,4050,데님,"미샵 - 모던핏 브이넥 반팔 티셔츠 (5 color) 모던핏 브이넥 반팔 티셔츠 (5 color) (해외배송 가능상품) ( 건) 모던핏 브이넥 반팔 티셔츠 (5 color) 29,500원 290원 (1%) 재입고 알림 SMS 상품 옵션 컬러 - [필수] 옵션을 선택해 주세요 - ------------------- 화이트 베이지 브릭 스틸블루 블랙 옵션선택 상품 목록 상품명 상품수 가격 모던핏",46,55,circumference,48,24,,,,,text,"[{""어깨단면"": ""46""}, {""암홀둘레"": ""48""}, {""소매길이"": ""24""}, {""가슴둘레"": ""110""}]"
28940,https://www.misharp.co.kr/product/detail.html?product_no=28940,앙크레 배색 자수 반팔 티셔츠,블라우스/셔츠,셔츠,28500,,,55-77,어깨좁음,뱃살커버;허리라인보정,데일리;오피스룩,여름;겨울,기본,반팔,아이보리;네이비;브라운,4050,슬랙스;데님,"미샵 - 앙크레 배색 자수 반팔 티셔츠 (3 color) 앙크레 배색 자수 반팔 티셔츠 (3 color) (해외배송 가능상품) ( 건) 앙크레 배색 자수 반팔 티셔츠 (3 color) 28,500원 280원 (1%) 재입고 알림 SMS 상품 옵션 컬러 - [필수] 옵션을 선택해 주세요 - ------------------- 아이보리 브라운 네이비 옵션선택 상품 목록 상품명 상품수 가격 앙크레",,58,circumference,,37,,,,,text,"[{""소매길이"": ""37""}, {""가슴둘레"": ""116""}]"
26440,https://www.misharp.co.kr/product/detail.html?product_no=26440,클로젯 레터링 반팔 티셔츠 / 사이즈별,블라우스/셔츠,셔츠,33900,면90% 스판10% 혼용 소재입니다 / 스판10% 혼용 소재입니다,,55-77,어깨좁음,,데일리;오피스룩,여름;겨울,기본,반팔,베이지,4050,슬랙스;데님;스커트,★미샵 SS제작 63★ [또 재진행! 텐타 컴팩공정 원단],38.5,48,circumference,40,19.5,,,,,text,"[{""어깨단면"": ""38.5""}, {""암홀둘레"": ""40""}, {""소매길이"": ""19.5""}, {""가슴둘레"": ""96""}]"
23880,https://www.misharp.co.kr/product/detail.html?product_no=23880,번 언밸런스 티셔츠,블라우스/셔츠,셔츠,18500,코튼 100% 원단입니다,,55-77,어깨좁음,허리라인보정,데일리,여름,롱,긴팔,블랙;화이트;베이지,4050,데님;스커트,"미샵 - 번 언밸런스 티셔츠 (4 color) 번 언밸런스 티셔츠 (4 color) (해외배송 가능상품) ( 건) 번 언밸런스 티셔츠 (4 color) 18,500원 180원 (1%) 재입고 알림 SMS 상품 옵션 컬러 - [필수] 옵션을 선택해 주세요 - ------------------- 화이트 민트 모카베이지 블랙 옵션선택 상품 목록 상품명 상품수 가격 번 언밸런스 티셔츠 (4 colo",43,58,circumference,46,23,,,,,text,"[{""어깨단면"": ""43""}, {""암홀둘레"": ""46""}, {""소매길이"": ""23""}, {""가슴둘레"": ""116""}]"
27758,https://www.misharp.co.kr/product/detail.html?product_no=27758,루크 레이어드 반팔 티셔츠,블라우스/셔츠,셔츠,29500,코튼100% 소재입니다,세미루즈,55-77,어깨좁음;복부체형,허리라인보정,클래식;데일리;오피스룩,여름,기본,반팔,브라운,4050,슬랙스;데님,【바이오가공 코튼100 / 허리 잘록핏】,40,50,circumference,46,23.5,,,,,text,"[{""어깨단면"": ""40""}, {""암홀둘레"": ""46""}, {""소매길이"": ""23.5""}, {""가슴둘레"": ""100""}]"
28933,https://www.misharp.co.kr/product/detail.html?product_no=28933,내추럴 린넨 블렌드 슬릿 티셔츠,블라우스/셔츠,셔츠,24500,,레글런핏,55-77,어깨좁음,팔뚝커버;허리라인보정,데일리,여름;겨울,기본,레글런소매,아이보리;베이지;브라운,4050,슬랙스;데님,【린넨10+면55의 고급 쿨터치】,,52.5,circumference,,36,,,,,text,"[{""소매길이"": ""36""}, {""가슴둘레"": ""105""}]"
27694,https://www.misharp.co.kr/product/detail.html?product_no=27694,에디 레글런 반팔 티셔츠,블라우스/셔츠,셔츠,28500,나일론8% 혼용으로 전제적인 조직에 힘을 더해 늘어짐 방지,레글런핏;민소매핏,55-77,어깨좁음;하체통통,팔뚝커버;허리라인보정,데일리;오피스룩,여름,기본,민소매,블랙;아이보리;브라운;소라,4050,슬랙스;데님;스커트,"미샵 - 에디 레글런 반팔 티셔츠 (4 color) 에디 레글런 반팔 티셔츠 (4 color) (해외배송 가능상품) ( 건) 에디 레글런 반팔 티셔츠 (4 color) 28,500원 280원 (1%) 재입고 알림 SMS 상품 옵션 컬러 - [필수] 옵션을 선택해 주세요 - ------------------- 아이보리 소라 브라운 블랙 옵션선택 상품 목록 상품명 상품수 가격 에디 레글런 반팔",,64,circumference,,30,,,,,text,"[{""소매길이"": ""30""}, {""가슴둘레"": ""128""}]"
28923,https://www.misharp.co.kr/product/detail.html?product_no=28923,비스토우 강연 반팔 티셔츠,블라우스/셔츠,셔츠,36500,면60% / 폴리에스터35% / 스판5% 혼용 소재입니다,루즈핏,55-77,어깨좁음;팔뚝통통,팔뚝커버;허리라인보정,클래식;페미닌;데일리;오피스룩,여름;겨울,기본,반팔,화이트;베이지;그레이,4050,데님,"미샵 - 비스토우 강연 반팔 티셔츠 (3 color) 비스토우 강연 반팔 티셔츠 (3 color) (해외배송 가능상품) ( 건) 비스토우 강연 반팔 티셔츠 (3 color) 36,500원 360원 (1%) 재입고 알림 SMS 상품 옵션 컬러 - [필수] 옵션을 선택해 주세요 - ------------------- 화이트 베이지 먹 옵션선택 상품 목록 상품명 상품수 가격 비스토우 강연 반팔 티",39,39,circumference,38,28,,,,,text,"[{""어깨단면"": ""39""}, {""암홀둘레"": ""38""}, {""소매길이"": ""28""}, {""가슴둘레"": ""78""}]"
27804,https://www.misharp.co.kr/product/detail.html?product_no=27804,컴포트 레글런 U넥 반팔 티셔츠,블라우스/셔츠,셔츠,22800,코튼100% 소재입니다,레글런핏;민소매핏,55-77,어깨좁음,팔뚝커버;허리라인보정,클래식;페미닌;데일리,여름;겨울,기본,민소매,블랙;화이트,4050,데님,"미샵 - 컴포트 레글런 U넥 반팔 티셔츠 (3 color) 컴포트 레글런 U넥 반팔 티셔츠 (3 color) (해외배송 가능상품) ( 건) 컴포트 레글런 U넥 반팔 티셔츠 (3 color) 22,800원 220원 (1%) 재입고 알림 SMS 상품 옵션 컬러 - [필수] 옵션을 선택해 주세요 - ------------------- 백멜란지 옵션선택 상품 목록 상품명 상품수 가격 컴포트 레글런",,54,circumference,,35,,,,,text,"[{""소매길이"": ""35""}, {""가슴둘레"": ""108""}]"
28919,https://www.misharp.co.kr/product/detail.html?product_no=28919,플라워 가든 소프트 반팔 티셔츠,블라우스/셔츠,셔츠,36500,코튼100% 소재입니다 / 코튼 100% 소재로 비침은 거의 없습니다,세미루즈;드롭숄더,55-77,어깨좁음,허리라인보정,페미닌;데일리,여름;겨울,기본,반팔,화이트;베이지,4050,슬랙스;데님,【고급 워싱코튼에 디지털 나염】,53,57,circumference,42,19,,,,,text,"[{""어깨단면"": ""53""}, {""암홀둘레"": ""42""}, {""소매길이"": ""19""}, {""가슴둘레"": ""114""}]"
28895,https://www.misharp.co.kr/product/detail.html?product_no=28895,소프트 린넨 스트라이프 나시,,,23500,,세미루즈;민소매핏,55-66,어깨좁음,허리라인보정,클래식;페미닌;데일리,여름;겨울,기본,민소매,블랙;화이트;베이지,4050,슬랙스;데님,"미샵 - 소프트 린넨 스트라이프 나시 (2 color) 소프트 린넨 스트라이프 나시 (2 color) (해외배송 가능상품) ( 건) 소프트 린넨 스트라이프 나시 (2 color) 23,500원 230원 (1%) 재입고 알림 SMS 상품 옵션 컬러 - [필수] 옵션을 선택해 주세요 - ------------------- 오트베이지 블랙 옵션선택 상품 목록 상품명 상품수 가격 소프트 린넨 스트라",32,45.5,circumference,38,,,,,,text,"[{""어깨단면"": ""32""}, {""암홀둘레"": ""38""}, {""가슴둘레"": ""91""}]"
26564,https://www.misharp.co.kr/product/detail.html?product_no=26564,아멜리 레터링 레글런 반팔 티셔츠,블라우스/셔츠,셔츠,29500,코튼100% 소재입니다,레글런핏;캡소매,55-77,어깨좁음,팔뚝커버;허리라인보정,페미닌;데일리,여름;겨울,크롭,캡소매,블랙;아이보리;그레이;핑크,4050,데님,"미샵 - 아멜리 레터링 레글런 반팔 티셔츠 (3 color) 아멜리 레터링 레글런 반팔 티셔츠 (3 color) (해외배송 가능상품) ( 건) 아멜리 레터링 레글런 반팔 티셔츠 (3 color) 29,500원 290원 (1%) 재입고 알림 SMS 상품 옵션 컬러 - [필수] 옵션을 선택해 주세요 - ------------------- 아이보리 멜란지 블랙 옵션선택 상품 목록 상품명 상품수 가",56,51,circumference,38,,,,,,text,"[{""어깨단면"": ""56""}, {""암홀둘레"": ""38""}, {""가슴둘레"": ""102""}]"
25306,https://www.misharp.co.kr/product/detail.html?product_no=25306,캐롤리나 레터링 반팔 티셔츠,블라우스/셔츠,셔츠,27500,코튼100% 원단으로 피부에는 더욱 부드럽고 / 코튼100% 원단입니다,,55-77,어깨좁음,허리라인보정,데일리,여름,기본,반팔,화이트;네이비,4050,데님,"미샵 - 캐롤리나 레터링 반팔 티셔츠 (4 color) 캐롤리나 레터링 반팔 티셔츠 (4 color) (해외배송 가능상품) ( 건) 캐롤리나 레터링 반팔 티셔츠 (4 color) 27,500원 270원 (1%) 재입고 알림 SMS 상품 옵션 컬러 - [필수] 옵션을 선택해 주세요 - ------------------- 화이트 크림 그린 네이비 옵션선택 상품 목록 상품명 상품수 가격 캐롤리나",46,53,circumference,44,20,,,,,text,"[{""어깨단면"": ""46""}, {""암홀둘레"": ""44""}, {""소매길이"": ""20""}, {""가슴둘레"": ""106""}]"
27541,https://www.misharp.co.kr/product/detail.html?product_no=27541,피그먼트 무드 베이직 나시,,,27500,코튼 100% 소재로 겉면은 은은한 텍스처가 살아 있고 / 코튼100% 소재입니다,정핏;민소매핏,55-77,어깨좁음;팔뚝통통,팔뚝커버;허리라인보정,클래식;데일리,봄;여름;가을,기본,민소매,화이트;브라운;카키,4050,데님,"미샵 - 피그먼트 무드 베이직 나시 (4 color) 피그먼트 무드 베이직 나시 (4 color) (해외배송 가능상품) ( 건) 피그먼트 무드 베이직 나시 (4 color) 27,500원 270원 (1%) 재입고 알림 SMS 상품 옵션 컬러 - [필수] 옵션을 선택해 주세요 - ------------------- 화이트 연카키 카키브라운 먹 옵션선택 상품 목록 상품명 상품수 가격 피그먼트 무",46.5,49,circumference,36,,,,,,text,"[{""어깨단면"": ""46.5""}, {""암홀둘레"": ""36""}, {""가슴둘레"": ""98""}]"
28878,https://www.misharp.co.kr/product/detail.html?product_no=28878,파르페 반팔 티셔츠,블라우스/셔츠,셔츠,24500,코튼100% 소재입니다,세미루즈,55-77,어깨좁음;팔뚝통통,팔뚝커버;뱃살커버;허리라인보정,클래식;데일리;오피스룩,여름;겨울,크롭,반팔,아이보리,4050,슬랙스;데님,"미샵 - 파르페 반팔 티셔츠 (3 color) 파르페 반팔 티셔츠 (3 color) (해외배송 가능상품) ( 건) 파르페 반팔 티셔츠 (3 color) 24,500원 240원 (1%) 재입고 알림 SMS 상품 옵션 컬러 - [필수] 옵션을 선택해 주세요 - ------------------- 먹 옵션선택 상품 목록 상품명 상품수 가격 파르페 반팔 티셔츠 (3 color) 수량증가 수량감소 2",50,52,circumference,48,20,,,,,text,"[{""어깨단면"": ""50""}, {""암홀둘레"": ""48""}, {""소매길이"": ""20""}, {""가슴둘레"": ""104""}]"
28874,https://www.misharp.co.kr/product/detail.html?product_no=28874,뮤트 에어-플로우 셋업,,,59800,폴리에스터95%와 스판5% 혼용 소재로 구김이 잘 가지 않는 탄탄한 복원력을 자랑하며 / 스판5% 혼용 소재로 구김이 잘 가지 않는 탄탄한 복원력을 자랑하며,,55-66,어깨좁음;팔뚝통통;복부체형,팔뚝커버;힙커버;허리라인보정,데일리;오피스룩,여름;겨울,기본,긴팔,블랙;베이지,4050,데님,【상/하의 별도 활용 가능】,,55,circumference,,23,,,,,text,"[{""소매길이"": ""23""}, {""가슴둘레"": ""110""}]"
26391,https://www.misharp.co.kr/product/detail.html?product_no=26391,레글런 드롭 나시 티셔츠,블라우스/셔츠,셔츠,18600,코튼50% 폴리,레글런핏;민소매핏,55-77,어깨좁음;팔뚝통통,팔뚝커버;뱃살커버;허리라인보정,페미닌;데일리;오피스룩,여름,기본,민소매,베이지,4050,슬랙스;데님;스커트,"미샵 - 레글런 드롭 나시 티셔츠 (4 color) 레글런 드롭 나시 티셔츠 (4 color) (해외배송 가능상품) ( 건) 레글런 드롭 나시 티셔츠 (4 color) 26,500원 18,600원 남은시간 155일 09:50:46 (7,900원 할인) 2017-02-21 00:00 ~ 2026-12-31 23:55 180원 (1%) 재입고 알림 SMS 상품 옵션 컬러 - [필수] 옵션을 선택",,53,circumference,,22,,,,,text,"[{""소매길이"": ""22""}, {""가슴둘레"": ""106""}]"
23742,https://www.misharp.co.kr/product/detail.html?product_no=23742,여리핏 찰랑 나시,,,19500,,민소매핏,55-77,어깨좁음,허리라인보정,데일리,여름,기본,민소매,블랙;화이트;베이지,4050,데님,"미샵 - 여리핏 찰랑 나시 (4 color) 여리핏 찰랑 나시 (4 color) (해외배송 가능상품) ( 건) 여리핏 찰랑 나시 (4 color) 19,500원 190원 (1%) 재입고 알림 SMS 상품 옵션 컬러 - [필수] 옵션을 선택해 주세요 - ------------------- 화이트 연베이지 차콜 블랙 옵션선택 상품 목록 상품명 상품수 가격 여리핏 찰랑 나시 (4 color) 수량",40,51,circumference,38,,,,,,text,"[{""어깨단면"": ""40""}, {""암홀둘레"": ""38""}, {""가슴둘레"": ""102""}]"
27549,https://www.misharp.co.kr/product/detail.html?product_no=27549,송송 크링클 쿨 반팔 블라우스 티셔츠,블라우스/셔츠,블라우스,32400,폴리에스터46% 레이온,루즈핏;벌룬소매,55-77,어깨좁음;팔뚝통통,팔뚝커버;뱃살커버;허리라인보정,데일리;오피스룩,여름;겨울,기본,반팔,화이트;아이보리;핑크;네이비,4050,데님;스커트,★ SS 제작 상의 70 ★ 【7부 소매에서 5부로 시원하게】,46,55,circumference,48,29,,,,,text,"[{""어깨단면"": ""46""}, {""암홀둘레"": ""48""}, {""소매길이"": ""29""}, {""가슴둘레"": ""110""}]"
25172,https://www.misharp.co.kr/product/detail.html?product_no=25172,바이오 실켓 반팔 티셔츠,블라우스/셔츠,셔츠,22000,코튼100% 원단입니다,,55-77,어깨좁음,힙커버;허리라인보정,클래식;데일리,봄;여름;가을,하프,반팔,브라운,4050,데님;스커트,"미샵 - 바이오 실켓 반팔 티셔츠 (5 color) 바이오 실켓 반팔 티셔츠 (5 color) (해외배송 가능상품) ( 건) 바이오 실켓 반팔 티셔츠 (5 color) 27,500원 22,000원 남은시간 886일 09:50:39 (5,500원 할인) 2022-08-24 00:00 ~ 2028-12-31 23:55 220원 (1%) 재입고 알림 SMS 상품 옵션 컬러 - [필수] 옵션을 선택",55.5,54.5,circumference,45,18,,,,,text,"[{""어깨단면"": ""55.5""}, {""암홀둘레"": ""45""}, {""소매길이"": ""18""}, {""가슴둘레"": ""109""}]"
27747,https://www.misharp.co.kr/product/detail.html?product_no=27747,케미 스트라이프 레글런 티셔츠,블라우스/셔츠,셔츠,32500,코튼90% 스판10% 혼용 소재입니다 / 스판10% 혼용 소재입니다,레글런핏;민소매핏,55-77,어깨좁음,팔뚝커버;뱃살커버,클래식;데일리,,기본,민소매,블랙;화이트;브라운,4050,슬랙스;데님;스커트,"미샵 - 케미 스트라이프 레글런 티셔츠 (3 color) 케미 스트라이프 레글런 티셔츠 (3 color) (해외배송 가능상품) ( 건) 케미 스트라이프 레글런 티셔츠 (3 color) 32,500원 320원 (1%) 재입고 알림 SMS 상품 옵션 컬러 - [필수] 옵션을 선택해 주세요 - ------------------- 크림 브라운 블랙 옵션선택 상품 목록 상품명 상품수 가격 케미 스트라",58,54,circumference,49,,,,,,text,"[{""어깨단면"": ""58""}, {""암홀둘레"": ""49""}, {""가슴둘레"": ""108""}]"
15943,https://www.misharp.co.kr/product/detail.html?product_no=15943,크로스 컷 티셔츠,블라우스/셔츠,셔츠,25500,,,55-66반,어깨좁음;복부체형,뱃살커버;허리라인보정,데일리;오피스룩,여름,기본,긴팔,블랙;화이트,4050,데님,"【후기 150+ / 5,000장 판매돌파】",35,45.5,circumference,38,20,,,,,text,"[{""어깨단면"": ""35""}, {""암홀둘레"": ""38""}, {""소매길이"": ""20""}, {""가슴둘레"": ""91""}]"
27794,https://www.misharp.co.kr/product/detail.html?product_no=27794,골든 레터링 반팔 티셔츠,블라우스/셔츠,셔츠,27500,코튼70% 폴리에스터30% 혼용 소재이며 / 폴리에스터30% 혼용 소재이며,루즈핏,55-77,어깨좁음,뱃살커버,데일리,여름,기본,반팔,화이트,4050,데님;스커트,"미샵 - 골든 레터링 반팔 티셔츠 (3 color) 골든 레터링 반팔 티셔츠 (3 color) (해외배송 가능상품) ( 건) 골든 레터링 반팔 티셔츠 (3 color) 27,500원 270원 (1%) 재입고 알림 SMS 상품 옵션 컬러 - [필수] 옵션을 선택해 주세요 - ------------------- 화이트 라임 먹 옵션선택 상품 목록 상품명 상품수 가격 골든 레터링 반팔 티셔츠 (3",53,53,circumference,46,18,,,,,text,"[{""어깨단면"": ""53""}, {""암홀둘레"": ""46""}, {""소매길이"": ""18""}, {""가슴둘레"": ""106""}]"
26331,https://www.misharp.co.kr/product/detail.html?product_no=26331,내추럴 쿨 린넨 니트 나시,니트/가디건,니트,20700,,민소매핏,55-66반,어깨좁음;하체통통,허리라인보정,데일리;오피스룩,여름,기본,민소매,화이트,4050,데님;스커트;니트,【고슬고슬 / 통기성 좋은 나시 】,38,43,circumference,34,,,,,,text,"[{""어깨단면"": ""38""}, {""암홀둘레"": ""34""}, {""가슴둘레"": ""86""}]"
27809,https://www.misharp.co.kr/product/detail.html?product_no=27809,드뮤어 크롭 뷔스티에,,,28400,폴리에스터75% 레이온25% 소재입니다 / 레이온25% 소재입니다,정핏,55-77,4050 여성 일반체형,,클래식;데일리,여름,크롭,,블랙;그레이,4050,데님;원피스,【안 입은듯 가볍고 쿨한 원단】,,,,,,,,,,,
28838,https://www.misharp.co.kr/product/detail.html?product_no=28838,파리 플라쥬 레글런 배색 티셔츠,블라우스/셔츠,셔츠,32800,코튼 100% 소재로 땀 흡수가 빠르고 통기성이 뛰어나며 / 코튼 100%로 통기성이 뛰어나 여름에도 쾌적하게 착용 가능합니다,레글런핏,55-77,어깨좁음;팔뚝통통,팔뚝커버;뱃살커버;허리라인보정,클래식;데일리,여름;겨울,기본,레글런소매,네이비;브라운,4050,데님,"미샵 - 파리 플라쥬 레글런 배색 티셔츠 (2 color) 파리 플라쥬 레글런 배색 티셔츠 (2 color) (해외배송 가능상품) ( 건) 파리 플라쥬 레글런 배색 티셔츠 (2 color) 32,800원 320원 (1%) 재입고 알림 SMS 상품 옵션 컬러 - [필수] 옵션을 선택해 주세요 - ------------------- 네이비 옵션선택 상품 목록 상품명 상품수 가격 파리 플라쥬 레글",,54,circumference,,35,,,,,text,"[{""소매길이"": ""35""}, {""가슴둘레"": ""108""}]"
28834,https://www.misharp.co.kr/product/detail.html?product_no=28834,블루 아트 고밀도 반팔 티셔츠,블라우스/셔츠,셔츠,29800,코튼81% 폴리에스터19% 혼용 소재로 아주 부드럽고 매끄러우며 / 폴리에스터19% 혼용 소재로 아주 부드럽고 매끄러우며,,55-77,어깨좁음;팔뚝통통;복부체형,팔뚝커버;뱃살커버;허리라인보정,클래식;데일리;오피스룩,여름;겨울,기본,반팔,블랙;화이트;베이지,4050,데님,"미샵 - 블루 아트 고밀도 반팔 티셔츠 (3 color) 블루 아트 고밀도 반팔 티셔츠 (3 color) (해외배송 가능상품) ( 건) 블루 아트 고밀도 반팔 티셔츠 (3 color) 29,800원 290원 (1%) 재입고 알림 SMS 상품 옵션 컬러 - [필수] 옵션을 선택해 주세요 - ------------------- 화이트 베이지 블랙 옵션선택 상품 목록 상품명 상품수 가격 블루 아트",57,61,circumference,44,16,,,,,text,"[{""어깨단면"": ""57""}, {""암홀둘레"": ""44""}, {""소매길이"": ""16""}, {""가슴둘레"": ""122""}]"
26461,https://www.misharp.co.kr/product/detail.html?product_no=26461,토미 반바지 세트룩,팬츠,팬츠,54500,코튼62% 폴리,,55-66반,어깨좁음;복부체형;하체통통,힙커버;허리라인보정,데일리,여름;겨울,기본,없음,베이지;그레이,4050,데님;스커트,"미샵 - 토미 반바지 세트룩 (3 color) 토미 반바지 세트룩 (3 color) (해외배송 가능상품) ( 건) 토미 반바지 세트룩 (3 color) 54,500원 540원 (1%) 재입고 알림 SMS 상품 옵션 컬러 - [필수] 옵션을 선택해 주세요 - ------------------- 연베이지 먹 옵션선택 상품 목록 상품명 상품수 가격 토미 반바지 세트룩 (3 color) 수량증가 수",,50,circumference,,41.5,,,,,text,"[{""소매길이"": ""41.5""}, {""가슴둘레"": ""100""}]"
28828,https://www.misharp.co.kr/product/detail.html?product_no=28828,원픽 백핀턱 반팔 티셔츠,블라우스/셔츠,셔츠,19800,면100% 소재로 제작되어 피부에 닿는 느낌이 부드럽고 쾌적하며,,55-77,어깨좁음;하체통통,힙커버;허리라인보정,클래식;데일리;오피스룩,여름;겨울,롱,반팔,블랙;화이트;베이지,4050,슬랙스;데님;스커트,"미샵 - 원픽 백핀턱 반팔 티셔츠 (3 color) 원픽 백핀턱 반팔 티셔츠 (3 color) (해외배송 가능상품) ( 건) 원픽 백핀턱 반팔 티셔츠 (3 color) 19,800원 190원 (1%) 재입고 알림 SMS 상품 옵션 컬러 - [필수] 옵션을 선택해 주세요 - ------------------- 머드베이지 블랙 옵션선택 상품 목록 상품명 상품수 가격 원픽 백핀턱 반팔 티셔츠 (3",,60,circumference,,36.5,,,,,text,"[{""소매길이"": ""36.5""}, {""가슴둘레"": ""120""}]"
27622,https://www.misharp.co.kr/product/detail.html?product_no=27622,디어 자수 레글런 반팔 맨투맨,티셔츠,티셔츠,29500,코튼67% 폴리에스터33% 혼용 소재입니다 / 폴리에스터33% 혼용 소재입니다,레글런핏,55-77,어깨좁음;하체통통,팔뚝커버;허리라인보정,클래식;데일리,여름;겨울,크롭,반팔,화이트;아이보리;네이비,4050,데님;스커트,"미샵 - 디어 자수 레글런 반팔 맨투맨 (3 color) 디어 자수 레글런 반팔 맨투맨 (3 color) (해외배송 가능상품) ( 건) 디어 자수 레글런 반팔 맨투맨 (3 color) 29,500원 290원 (1%) 재입고 알림 SMS 상품 옵션 컬러 - [필수] 옵션을 선택해 주세요 - ------------------- 네이비 옵션선택 상품 목록 상품명 상품수 가격 디어 자수 레글런 반팔",,56,circumference,,34,,,,,text,"[{""소매길이"": ""34""}, {""가슴둘레"": ""112""}]"
26405,https://www.misharp.co.kr/product/detail.html?product_no=26405,레귤러 쿨링 기능성 반팔 티셔츠,블라우스/셔츠,셔츠,22800,폴리에스터95% 스판5% 혼용의 기능성 소재입니다 / 스판5% 혼용의 기능성 소재입니다,오버핏;루즈핏,55-66,어깨좁음;하체통통,힙커버,클래식;데일리,여름,기본,반팔,블랙;베이지;그레이;핑크,4050,데님,【국내생산/ 1+1 / 3 size / 가족T】,37.5,46,circumference,44,18.5,,,,,text,"[{""어깨단면"": ""37.5""}, {""암홀둘레"": ""44""}, {""소매길이"": ""18.5""}, {""가슴둘레"": ""92""}]"
27565,https://www.misharp.co.kr/product/detail.html?product_no=27565,에어백 플레어 반팔 티셔츠,블라우스/셔츠,셔츠,36500,코튼45% 폴리에스터55% 혼용 소재입니다 / 폴리에스터55% 혼용 소재입니다,,55-77,어깨좁음;팔뚝통통;복부체형,팔뚝커버;뱃살커버;힙커버;허리라인보정,데일리;오피스룩,여름;겨울,기본,반팔,블랙;그레이,4050,슬랙스;데님,"미샵 - 에어백 플레어 반팔 티셔츠 (3 color) 에어백 플레어 반팔 티셔츠 (3 color) (해외배송 가능상품) ( 건) 에어백 플레어 반팔 티셔츠 (3 color) 36,500원 360원 (1%) 재입고 알림 SMS 상품 옵션 컬러 - [필수] 옵션을 선택해 주세요 - ------------------- 크림 그레이 블랙 옵션선택 상품 목록 상품명 상품수 가격 에어백 플레어 반팔 티",,59.5,circumference,,32.5,,,,,text,"[{""소매길이"": ""32.5""}, {""가슴둘레"": ""119""}]"
27767,https://www.misharp.co.kr/product/detail.html?product_no=27767,플루아 쿨 플리츠 세트룩,,,41700,폴리에스터95% 스판5% 혼용 소재입니다 / 스판5% 혼용 소재입니다,,55-66반,어깨좁음;복부체형;하체통통,힙커버,데일리,여름,기본,긴팔,블랙,4050,데님,【그야말로 프리하게 우아하게】,,59,circumference,,45,,,,,text,"[{""소매길이"": ""45""}, {""가슴둘레"": ""118""}]"
28810,https://www.misharp.co.kr/product/detail.html?product_no=28810,소프트 블러쉬 배색 티셔츠,블라우스/셔츠,셔츠,27000,면30%와 나일론70%가 블렌딩된 소재로 바스락한 터치감에 은은한 결감이 살아 있어 가볍고 산뜻하게 피부에 닿습니다 / 면50% / 폴리에스터45% / 나일론70%가 블렌딩된 소재로 바스락한 터치감에 은은한 결감이 살아 있어 가볍고 산뜻하게 피부에 닿습니다,루즈핏;세미루즈;레글런핏,55-77,어깨좁음;복부체형,뱃살커버;허리라인보정,클래식;데일리;오피스룩;모임룩,겨울,기본,레글런소매,블랙;화이트;아이보리;핑크,4050,슬랙스;데님,"【앞,뒤 블렌딩된 셔츠형 티셔츠】",,58,circumference,,51,,,,,text,"[{""소매길이"": ""51""}, {""가슴둘레"": ""116""}]"
27716,https://www.misharp.co.kr/product/detail.html?product_no=27716,모노 쾌적 스타일 티셔츠,블라우스/셔츠,셔츠,27600,레이온52% 나일론48% 혼용 소재이며 / 레이온52% 나일론48% 혼용 소재입니다 / 나일론48% 혼용 소재이며 / 나일론48% 혼용 소재입니다,세미루즈,55-77,어깨좁음;팔뚝통통;복부체형,팔뚝커버;허리라인보정,데일리,겨울,기본,긴팔,화이트;베이지;카키,4050,데님;스커트,"미샵 - 모노 쾌적 스타일 티셔츠 (3 color) 모노 쾌적 스타일 티셔츠 (3 color) (해외배송 가능상품) ( 건) 모노 쾌적 스타일 티셔츠 (3 color) 34,500원 27,600원 남은시간 886일 09:50:14 (6,900원 할인) 2022-08-24 00:00 ~ 2028-12-31 23:55 270원 (1%) 재입고 알림 SMS 상품 옵션 컬러 - [필수] 옵션을 선택",,57,circumference,,33,,,,,text,"[{""소매길이"": ""33""}, {""가슴둘레"": ""114""}]"
26431,https://www.misharp.co.kr/product/detail.html?product_no=26431,데일리 린넨 니트 나시,니트/가디건,니트,32800,,민소매핏,55-66반,어깨좁음;하체통통,허리라인보정,데일리;오피스룩,여름,기본,민소매,베이지,4050,데님;스커트;니트,【린넨 15 / 단품으로도! 이너로도!】,41,45.5,circumference,36,,,,,,text,"[{""어깨단면"": ""41""}, {""암홀둘레"": ""36""}, {""가슴둘레"": ""91""}]"
28788,https://www.misharp.co.kr/product/detail.html?product_no=28788,디에르 링클 반팔 티셔츠 / 사이즈별,블라우스/셔츠,셔츠,27500,폴리에스터 95%와 스판 5%의 혼합 소재로 제작되었습니다 / 스판 5%의 혼합 소재로 제작되었습니다,,55-66반,어깨좁음;하체통통,힙커버,페미닌;데일리;오피스룩;모임룩,여름;겨울,롱,반팔,블랙;화이트;아이보리;베이지,4050,슬랙스;데님;스커트,【사이즈별로 제작 / 굿텐션】,37,48,circumference,41,19,,,,,text,"[{""어깨단면"": ""37""}, {""암홀둘레"": ""41""}, {""소매길이"": ""19""}, {""가슴둘레"": ""96""}]"
28780,https://www.misharp.co.kr/product/detail.html?product_no=28780,클래식 찰랑 레이어드 티셔츠 - 사이즈별,블라우스/셔츠,셔츠,38500,폴리에스터60% 레이온,,55-77,어깨좁음,뱃살커버;허리라인보정,클래식;데일리;오피스룩,여름;겨울,기본,긴팔,블랙;네이비,4050,슬랙스;데님,【원단확인 필수! / 사이즈별 제작】,39,49,circumference,42,22,,,,,text,"[{""어깨단면"": ""39""}, {""암홀둘레"": ""42""}, {""소매길이"": ""22""}, {""가슴둘레"": ""98""}]"
27475,https://www.misharp.co.kr/product/detail.html?product_no=27475,노멀 나시 블라우스,블라우스/셔츠,블라우스,25800,,민소매핏,55-66반,어깨좁음;하체통통,뱃살커버;힙커버,페미닌;데일리;오피스룩,봄;여름,기본,민소매,블랙;화이트;베이지,4050,슬랙스;데님,【F/L 사이즈별】,32,44,circumference,36,,,,,,text,"[{""어깨단면"": ""32""}, {""암홀둘레"": ""36""}, {""가슴둘레"": ""88""}]"
28773,https://www.misharp.co.kr/product/detail.html?product_no=28773,아이리스 언밸런스 레이스 나시,,,44800,폴리에스터94% 스판6% 혼용 소재입니다 / 스판6% 혼용 소재입니다,세미루즈;민소매핏,55-66반,어깨좁음;복부체형,뱃살커버;허리라인보정,페미닌;데일리,봄;여름;가을,기본,민소매,블랙;아이보리,4050,데님;니트,【MD팀 강추!/체형커버와 최상 슬림핏】,,47,circumference,,,,,,,text,"[{""가슴둘레"": ""94""}]"
28767,https://www.misharp.co.kr/product/detail.html?product_no=28767,실크라이크 라운드 나시,,,23600,폴리에스터100% 소재입니다,정핏;민소매핏,55-66반,어깨좁음;복부체형,뱃살커버;허리라인보정,데일리;오피스룩;모임룩,여름;겨울,기본,민소매,블랙;아이보리,4050,데님,"미샵 - 실크라이크 라운드 나시 (3 color) 실크라이크 라운드 나시 (3 color) (해외배송 가능상품) ( 건) 실크라이크 라운드 나시 (3 color) 29,500원 23,600원 남은시간 886일 09:50:04 (5,900원 할인) 2022-08-24 00:00 ~ 2028-12-31 23:55 230원 (1%) 재입고 알림 SMS 상품 옵션 컬러 - [필수] 옵션을 선택해 주",34,46,circumference,40,,,,,,text,"[{""어깨단면"": ""34""}, {""암홀둘레"": ""40""}, {""가슴둘레"": ""92""}]"
26698,https://www.misharp.co.kr/product/detail.html?product_no=26698,N. 클린 실켓 코튼 티셔츠,블라우스/셔츠,셔츠,18800,,세미루즈;정핏,55-66반,어깨좁음,허리라인보정,데일리,봄;가을;간절기,기본,긴팔,화이트;아이보리;베이지,4050,데님,"미샵 - N. 클린 실켓 코튼 티셔츠 (4 color) N. 클린 실켓 코튼 티셔츠 (4 color) (해외배송 가능상품) ( 건) N. 클린 실켓 코튼 티셔츠 (4 color) 23,500원 18,800원 남은시간 1250일 21:55:02 (4,700원 할인) 2024-11-26 12:00 ~ 2029-12-31 12:00 180원 (1%) 재입고 알림 SMS 상품 옵션 컬러 - [필수]",38,49,circumference,42,60,,,,,text,"[{""어깨단면"": ""38""}, {""암홀둘레"": ""42""}, {""소매길이"": ""60""}, {""가슴둘레"": ""98""}]"
28754,https://www.misharp.co.kr/product/detail.html?product_no=28754,디에르 블라우스 나시,블라우스/셔츠,블라우스,18800,폴리에스터100% 소재입니다 / 폴리 100% 소재입니다,민소매핏,55-66반,어깨좁음;하체통통,뱃살커버;허리라인보정,데일리;오피스룩,여름;겨울,기본,민소매,블랙;화이트;베이지,4050,슬랙스;데님,【비침없이 하늘하늘】,33,46.5,circumference,43,,,,,,text,"[{""어깨단면"": ""33""}, {""암홀둘레"": ""43""}, {""가슴둘레"": ""93""}]"
27414,https://www.misharp.co.kr/product/detail.html?product_no=27414,소프트 모이스처 반팔 티셔츠,블라우스/셔츠,셔츠,13000,,민소매핏,55-66반,어깨좁음,,클래식;데일리;오피스룩,봄;여름;겨울,크롭,민소매,그레이,4050,데님,"【땀,흡수 최적의 하이퍼포먼스 원단】 라스트 그레이만 !",38.5,47.5,circumference,41,13.5,,,,,text,"[{""어깨단면"": ""38.5""}, {""암홀둘레"": ""41""}, {""소매길이"": ""13.5""}, {""가슴둘레"": ""95""}]"
26629,https://www.misharp.co.kr/product/detail.html?product_no=26629,N. 브린 레이온 나시,,,38500,폴리10% 원단으로 아주 부드럽고 매끄러운 결을 연출하며 / 폴리10% 혼용 소재입니다 / 레이온90% 폴리10% 원단으로 아주 부드럽고 매끄러운 결을 연출하며 / 레이온90% 폴리10% 혼용 소재입니다,세미루즈;민소매핏,55-77,어깨좁음,,데일리,,기본,민소매,블랙;아이보리,4050,데님,【고퀄한 실키 브랜드 원단】,34.5,49.5,circumference,40,,,,,,text,"[{""어깨단면"": ""34.5""}, {""암홀둘레"": ""40""}, {""가슴둘레"": ""99""}]"
27789,https://www.misharp.co.kr/product/detail.html?product_no=27789,런던 레터링 피그먼트 반팔 티셔츠,블라우스/셔츠,셔츠,19800,,정핏,55-77,어깨좁음,,클래식;데일리,여름;겨울,기본,반팔,블랙;화이트;브라운,4050,슬랙스;데님;스커트,"미샵 - 런던 레터링 피그먼트 반팔 티셔츠 (3 color) 런던 레터링 피그먼트 반팔 티셔츠 (3 color) (해외배송 가능상품) ( 건) 런던 레터링 피그먼트 반팔 티셔츠 (3 color) 19,800원 190원 (1%) 재입고 알림 SMS 상품 옵션 컬러 - [필수] 옵션을 선택해 주세요 - ------------------- 화이트 옵션선택 상품 목록 상품명 상품수 가격 런던 레터링",44,52,circumference,41,23,,,,,text,"[{""어깨단면"": ""44""}, {""암홀둘레"": ""41""}, {""소매길이"": ""23""}, {""가슴둘레"": ""104""}]"
22500,https://www.misharp.co.kr/product/detail.html?product_no=22500,슬림 코튼 나시,,,17800,,루즈핏;민소매핏,,4050 여성 일반체형,,데일리,여름,기본,민소매,블랙;화이트;카키,4050,데님;니트,【후기입증! 최상 국내 수피마코튼】,,,,,,,,,,,
27402,https://www.misharp.co.kr/product/detail.html?product_no=27402,미르 라운드 반팔 티셔츠,블라우스/셔츠,셔츠,20600,코튼100% 소재입니다,정핏,55-66반,어깨좁음,허리라인보정,클래식;데일리,여름,크롭,반팔,,4050,슬랙스;데님;스커트,"미샵 - 미르 라운드 반팔 티셔츠 (3 color) 미르 라운드 반팔 티셔츠 (3 color) (해외배송 가능상품) ( 건) 미르 라운드 반팔 티셔츠 (3 color) 25,800원 20,600원 남은시간 886일 09:49:52 (5,200원 할인) 2022-08-24 00:00 ~ 2028-12-31 23:55 200원 (1%) 재입고 알림 SMS 상품 옵션 컬러 - [필수] 옵션을 선택",42,47,circumference,41,19,,,,,text,"[{""어깨단면"": ""42""}, {""암홀둘레"": ""41""}, {""소매길이"": ""19""}, {""가슴둘레"": ""94""}]"
22294,https://www.misharp.co.kr/product/detail.html?product_no=22294,컴포트 5부 티셔츠,블라우스/셔츠,셔츠,16500,,슬림핏,55-77,어깨좁음;팔뚝통통,팔뚝커버;허리라인보정,데일리,봄;여름;가을,기본,반팔,블랙;아이보리,4050,데님,【여리여리핏 / 후기극찬】,41,52,circumference,44,31,,,,,text,"[{""어깨단면"": ""41""}, {""암홀둘레"": ""44""}, {""소매길이"": ""31""}, {""가슴둘레"": ""104""}]"
27210,https://www.misharp.co.kr/product/detail.html?product_no=27210,뉴 클래식 바이오 반팔 티셔츠,블라우스/셔츠,셔츠,14800,코튼 95%와 스판 5% 혼방 소재로 피부에 자극 없이 부드럽고 편안합니다 / 코튼95% 스판5% 혼용 소재로 처음 그대로의 핏을 오래도록 유지합니다 / 스판 5% 혼방 소재로 피부에 자극 없이 부드럽고 편안합니다 / 스판5% 혼용 소재로 처음 그대로의 핏을 오래도록 유지합니다,,55-77,어깨좁음,뱃살커버;허리라인보정,클래식;데일리;오피스룩,여름;겨울,크롭,반팔,블랙;화이트;핑크;브라운,4050,데님;니트,【바이오 워싱 /국내 고퀄 원단】,40,50,circumference,40,21,,,,,text,"[{""어깨단면"": ""40""}, {""암홀둘레"": ""40""}, {""소매길이"": ""21""}, {""가슴둘레"": ""100""}]"
25414,https://www.misharp.co.kr/product/detail.html?product_no=25414,링클 라운드 볼륨 티셔츠 - 스카이 컬러만 진행,팬츠,데님,16000,,,55-77,어깨좁음,허리라인보정,페미닌;데일리;오피스룩,,기본,없음,블랙;아이보리;소라,4050,슬랙스;데님;스커트;니트,"미샵 - 링클 라운드 볼륨 티셔츠 (3 color) - 스카이 컬러만 진행 링클 라운드 볼륨 티셔츠 (3 color) - 스카이 컬러만 진행 (해외배송 가능상품) ( 건) 링클 라운드 볼륨 티셔츠 (3 color) - 스카이 컬러만 진행 22,800원 16,000원 남은시간 1250일 21:54:47 (6,800원 할인) 2017-02-03 00:00 ~ 2029-12-31 12:00 160",38,50,circumference,44,60.5,,,,,text,"[{""어깨단면"": ""38""}, {""암홀둘레"": ""44""}, {""소매길이"": ""60.5""}, {""가슴둘레"": ""100""}]"
27958,https://www.misharp.co.kr/product/detail.html?product_no=27958,(기획) 찰랑핏 유넥 긴팔 티셔츠,블라우스/셔츠,셔츠,10000,폴리에스터65% 레이온,정핏,55-66,어깨좁음,허리라인보정,클래식;데일리;오피스룩,,기본,긴팔,블랙;아이보리;그레이,4050,데님,"미샵 - (기획) 찰랑핏 유넥 긴팔 티셔츠 (6 color) (기획) 찰랑핏 유넥 긴팔 티셔츠 (6 color) (해외배송 가능상품) ( 건) (기획) 찰랑핏 유넥 긴팔 티셔츠 (6 color) 12,500원 10,000원 남은시간 1250일 21:54:45 (2,500원 할인) 2024-11-26 12:00 ~ 2029-12-31 12:00 100원 (1%) 재입고 알림 SMS 상품 옵션",38,43,circumference,39,55,,,,,text,"[{""어깨단면"": ""38""}, {""암홀둘레"": ""39""}, {""소매길이"": ""55""}, {""가슴둘레"": ""86""}]"
27956,https://www.misharp.co.kr/product/detail.html?product_no=27956,남녀공용 덤블 워싱 베이직 티셔츠,블라우스/셔츠,셔츠,12640,코튼100% 소재입니다,오버핏;세미루즈,55-77,어깨좁음;팔뚝통통,팔뚝커버;뱃살커버,데일리,겨울,기본,긴팔,블랙;화이트,4050,데님;스커트,【온가족 데일리T/ 4가지 SIZE】,48,46,circumference,41,51,,,,,text,"[{""어깨단면"": ""48""}, {""암홀둘레"": ""41""}, {""소매길이"": ""51""}, {""가슴둘레"": ""92""}]"
24166,https://www.misharp.co.kr/product/detail.html?product_no=24166,밀리 도트 소매 티셔츠,블라우스/셔츠,셔츠,30800,,,55-66반,어깨좁음;팔뚝통통;복부체형,팔뚝커버;허리라인보정,데일리;오피스룩,봄;여름;가을,기본,긴팔,블랙;베이지,4050,슬랙스;데님;스커트,"【누적 1,000장 판매 기록】",,,,,,,,,,table,"[{""밀리 도트 소매 티셔츠 (2 color)"": """"}]"
26169,https://www.misharp.co.kr/product/detail.html?product_no=26169,리베르 담보루 5부 티셔츠,블라우스/셔츠,셔츠,27600,코튼55% 폴리45% 혼용의 담보루 소재로 / 코튼55% 폴리45% 혼용 소재입니다 / 폴리45% 혼용의 담보루 소재로 / 폴리45% 혼용 소재입니다,,55-77,어깨좁음;하체통통,허리라인보정,데일리;오피스룩,겨울,기본,5부소매,,4050,데님,"미샵 - 리베르 담보루 5부 티셔츠 (3 color) 리베르 담보루 5부 티셔츠 (3 color) (해외배송 가능상품) ( 건) 리베르 담보루 5부 티셔츠 (3 color) 34,500원 27,600원 남은시간 1250일 21:54:41 (6,900원 할인) 2024-11-26 12:00 ~ 2029-12-31 12:00 270원 (1%) 재입고 알림 SMS 상품 옵션 컬러 - [필수] 옵션",,55,circumference,,58,,,,,text,"[{""소매길이"": ""58""}, {""가슴둘레"": ""110""}]"
27265,https://www.misharp.co.kr/product/detail.html?product_no=27265,마그넷 트임 후드,아우터,점퍼,36400,코튼100% 소재입니다,루즈핏;드롭숄더,55-77,어깨좁음,뱃살커버,클래식;데일리,봄,기본,드롭숄더,블랙;베이지,4050,데님;스커트,【늘 새 옷! 고급 텐타 공정】,65,61,circumference,42,29,,,,,text,"[{""어깨단면"": ""65""}, {""암홀둘레"": ""42""}, {""소매길이"": ""29""}, {""가슴둘레"": ""122""}]"
28614,https://www.misharp.co.kr/product/detail.html?product_no=28614,남녀공용 CP쭈리 맨투맨 / 사이즈별,티셔츠,티셔츠,21440,코튼35% 폴리에스터65% 혼용 소재입니다 / 폴리에스터65% 혼용 소재입니다,오버핏,55-88,어깨좁음,뱃살커버;허리라인보정,클래식;데일리,겨울,기본,긴팔,블랙;그레이;네이비,4050,데님,【365g의 밀도있는 중량감 코튼혼방】,57,61.5,circumference,52,61,,,,,text,"[{""어깨단면"": ""57""}, {""암홀둘레"": ""52""}, {""소매길이"": ""61""}, {""가슴둘레"": ""123""}]"
28617,https://www.misharp.co.kr/product/detail.html?product_no=28617,뉴욕1988 루즈핏 후드 티셔츠,아우터,점퍼,25100,면60%와 폴리에스터40% 혼용 소재로 면 특유의 부드러운 터치감은 살리고 / 폴리에스터40% 혼용 소재로 면 특유의 부드러운 터치감은 살리고,루즈핏;드롭숄더;벌룬소매,55-77,어깨좁음,허리라인보정,페미닌;데일리,,크롭,벌룬소매,그레이,4050,데님;스커트,"미샵 - 뉴욕1988 루즈핏 후드 티셔츠 (3 color) 뉴욕1988 루즈핏 후드 티셔츠 (3 color) (해외배송 가능상품) ( 건) 뉴욕1988 루즈핏 후드 티셔츠 (3 color) 35,800원 25,100원 남은시간 1250일 21:54:36 (10,700원 할인) 2017-02-03 00:00 ~ 2029-12-31 12:00 250원 (1%) 재입고 알림 SMS 상품 옵션 컬러",65,63,circumference,54,54,,,,,text,"[{""어깨단면"": ""65""}, {""암홀둘레"": ""54""}, {""소매길이"": ""54""}, {""가슴둘레"": ""126""}]"
28601,https://www.misharp.co.kr/product/detail.html?product_no=28601,로맨틱 슬럽 자수 카라 티셔츠,블라우스/셔츠,셔츠,28640,코튼60% 레이온,루즈핏;세미루즈,55-66반,어깨좁음;팔뚝통통;복부체형,팔뚝커버;뱃살커버;허리라인보정,데일리;모임룩,봄,기본,긴팔,아이보리,4050,슬랙스;데님;스커트;니트,【은은하게 부드러운 슬럽 코튼】,34.5,47.2,circumference,40,55,,,,,text,"[{""어깨단면"": ""34.5""}, {""암홀둘레"": ""40""}, {""소매길이"": ""55""}, {""가슴둘레"": ""94.5""}]"
24797,https://www.misharp.co.kr/product/detail.html?product_no=24797,멀린 7부 절개 티셔츠,블라우스/셔츠,셔츠,15840,,정핏,55-66반,어깨좁음,허리라인보정,데일리;오피스룩,겨울,기본,7부소매,,4050,데님,"미샵 - 멀린 7부 절개 티셔츠 (5 color) 멀린 7부 절개 티셔츠 (5 color) (해외배송 가능상품) ( 건) 멀린 7부 절개 티셔츠 (5 color) 19,800원 15,840원 남은시간 1250일 21:54:33 (3,960원 할인) 2024-11-26 12:00 ~ 2029-12-31 12:00 150원 (1%) 재입고 알림 SMS 상품 옵션 컬러 - [필수] 옵션을 선택해",36,46,circumference,38,39.5,,,,,text,"[{""어깨단면"": ""36""}, {""암홀둘레"": ""38""}, {""소매길이"": ""39.5""}, {""가슴둘레"": ""92""}]"
28264,https://www.misharp.co.kr/product/detail.html?product_no=28264,비아 자수 레글런 맨투맨,티셔츠,티셔츠,28640,코튼50% 폴리에스터50% 혼용 소재입니다 / 폴리에스터50% 혼용 소재입니다,세미루즈;레글런핏,55-77,어깨좁음,팔뚝커버,페미닌;데일리,,기본,레글런소매,블랙,4050,슬랙스;데님;스커트,"미샵 - 비아 자수 레글런 맨투맨 (3 color) 비아 자수 레글런 맨투맨 (3 color) (해외배송 가능상품) ( 건) 비아 자수 레글런 맨투맨 (3 color) 35,800원 28,640원 남은시간 1250일 21:54:31 (7,160원 할인) 2024-11-26 12:00 ~ 2029-12-31 12:00 280원 (1%) 재입고 알림 SMS 상품 옵션 컬러 - [필수] 옵션을 선",,52.5,circumference,,74,,,,,text,"[{""소매길이"": ""74""}, {""가슴둘레"": ""105""}]"
28477,https://www.misharp.co.kr/product/detail.html?product_no=28477,앤 레이스 맨투맨,티셔츠,티셔츠,37440,,루즈핏;세미루즈;드롭숄더,55-77,어깨좁음;하체통통,뱃살커버;힙커버;허리라인보정,페미닌;데일리,,기본,드롭숄더,,4050,슬랙스;데님;스커트,"미샵 - 앤 레이스 맨투맨 (3 color) 앤 레이스 맨투맨 (3 color) (해외배송 가능상품) ( 건) 앤 레이스 맨투맨 (3 color) 46,800원 37,440원 남은시간 1250일 21:54:15 (9,360원 할인) 2024-11-26 12:00 ~ 2029-12-31 12:00 370원 (1%) 재입고 알림 SMS 상품 옵션 컬러 - [필수] 옵션을 선택해 주세요 - ---",63,60,circumference,50,52,,,,,text,"[{""어깨단면"": ""63""}, {""암홀둘레"": ""50""}, {""소매길이"": ""52""}, {""가슴둘레"": ""120""}]"
27225,https://www.misharp.co.kr/product/detail.html?product_no=27225,에잇 자수 레글런 맨투맨,티셔츠,티셔츠,22800,코튼100% 소재입니다,세미루즈;레글런핏,55-77,어깨좁음;하체통통,팔뚝커버;뱃살커버,클래식;데일리,겨울,크롭,레글런소매,화이트;그레이;네이비,4050,슬랙스;데님;스커트,"미샵 - 에잇 자수 레글런 맨투맨 (3 color) 에잇 자수 레글런 맨투맨 (3 color) (해외배송 가능상품) ( 건) 에잇 자수 레글런 맨투맨 (3 color) 32,500원 22,800원 남은시간 1250일 21:54:13 (9,700원 할인) 2017-02-03 00:00 ~ 2029-12-31 12:00 220원 (1%) 재입고 알림 SMS 상품 옵션 컬러 - [필수] 옵션을 선",,51.5,circumference,,78,,,,,text,"[{""소매길이"": ""78""}, {""가슴둘레"": ""103""}]"
28185,https://www.misharp.co.kr/product/detail.html?product_no=28185,모크 스트라이프 긴팔 티셔츠,블라우스/셔츠,셔츠,27900,코튼100% 소재이며,드롭숄더,55-77,어깨좁음,허리라인보정,클래식;데일리,겨울,기본,드롭숄더,브라운,4050,데님,"미샵 - 모크 스트라이프 긴팔 티셔츠 (2 color) 모크 스트라이프 긴팔 티셔츠 (2 color) (해외배송 가능상품) ( 건) 모크 스트라이프 긴팔 티셔츠 (2 color) 39,800원 27,900원 남은시간 1250일 21:54:12 (11,900원 할인) 2017-01-12 00:00 ~ 2029-12-31 12:00 270원 (1%) 재입고 알림 SMS 상품 옵션 컬러 - [필수",49,57.5,circumference,46,52,,,,,text,"[{""어깨단면"": ""49""}, {""암홀둘레"": ""46""}, {""소매길이"": ""52""}, {""가슴둘레"": ""115""}]"
28439,https://www.misharp.co.kr/product/detail.html?product_no=28439,피치기모 가오리 스트라이프 티셔츠,블라우스/셔츠,셔츠,31840,면96% + 스판4%의 피치기모 스트라이프 원단입니다 / 스판4%의 피치기모 스트라이프 원단입니다,레글런핏,55-77,어깨좁음;복부체형,팔뚝커버;뱃살커버;허리라인보정,클래식;데일리,겨울,기본,레글런소매,블랙;네이비,4050,데님,【따스한 터치의 피치코튼 96%】 네이비만,54,69.5,circumference,60,48,,,,,text,"[{""어깨단면"": ""54""}, {""암홀둘레"": ""60""}, {""소매길이"": ""48""}, {""가슴둘레"": ""139""}]"
28533,https://www.misharp.co.kr/product/detail.html?product_no=28533,브루클린 레터링 루즈핏 맨투맨,티셔츠,티셔츠,39840,면100%의 탄탄하고 매끄러운 원단으로 형태는 안정감 있게 잡아주고,루즈핏,55-77,어깨좁음;복부체형;하체통통,뱃살커버;힙커버,클래식;데일리;오피스룩;모임룩,봄;가을;겨울,기본,긴팔,베이지,4050,슬랙스;데님,"미샵 - 브루클린 레터링 루즈핏 맨투맨 (2 color) 브루클린 레터링 루즈핏 맨투맨 (2 color) (해외배송 가능상품) ( 건) 브루클린 레터링 루즈핏 맨투맨 (2 color) 49,800원 39,840원 남은시간 1250일 21:54:09 (9,960원 할인) 2024-11-26 12:00 ~ 2029-12-31 12:00 390원 (1%) 재입고 알림 SMS 상품 옵션 컬러 - [",61,64.5,circumference,52,59,,,,,text,"[{""어깨단면"": ""61""}, {""암홀둘레"": ""52""}, {""소매길이"": ""59""}, {""가슴둘레"": ""129""}]"
28461,https://www.misharp.co.kr/product/detail.html?product_no=28461,마이 스트라이프 기모 맨투맨,티셔츠,티셔츠,27600,,,55-77,어깨좁음,뱃살커버,데일리,겨울,기본,긴팔,그레이,4050,슬랙스;데님,【따뜻한 안기모】,59,57,circumference,48,55,,,,,text,"[{""어깨단면"": ""59""}, {""암홀둘레"": ""48""}, {""소매길이"": ""55""}, {""가슴둘레"": ""114""}]"
28524,https://www.misharp.co.kr/product/detail.html?product_no=28524,엔젤 레터링 후드 맨투맨,아우터,점퍼,23040,면90%에 폴리에스터10%를 더한 혼방 소재로 / 폴리에스터10%를 더한 혼방 소재로,루즈핏,55-77,어깨좁음;하체통통,뱃살커버;힙커버,페미닌;데일리,겨울,기본,긴팔,블랙;그레이,4050,데님;스커트,"미샵 - 엔젤 레터링 후드 맨투맨 (2 color) 엔젤 레터링 후드 맨투맨 (2 color) (해외배송 가능상품) ( 건) 엔젤 레터링 후드 맨투맨 (2 color) 28,800원 23,040원 남은시간 1250일 21:54:06 (5,760원 할인) 2024-11-26 12:00 ~ 2029-12-31 12:00 230원 (1%) 재입고 알림 SMS 상품 옵션 컬러 - [필수] 옵션을 선",58,57,circumference,48,54,,,,,text,"[{""어깨단면"": ""58""}, {""암홀둘레"": ""48""}, {""소매길이"": ""54""}, {""가슴둘레"": ""114""}]"
25589,https://www.misharp.co.kr/product/detail.html?product_no=25589,소브 골지 레이스 티셔츠,블라우스/셔츠,셔츠,21440,,,55-66반,어깨좁음,허리라인보정,데일리,봄;겨울,기본,긴팔,블랙;베이지,4050,데님,"미샵 - 소브 골지 레이스 티셔츠 (3 color) 소브 골지 레이스 티셔츠 (3 color) (해외배송 가능상품) ( 건) 소브 골지 레이스 티셔츠 (3 color) 26,800원 21,440원 남은시간 1250일 21:54:05 (5,360원 할인) 2024-11-26 12:00 ~ 2029-12-31 12:00 210원 (1%) 재입고 알림 SMS 상품 옵션 컬러 - [필수] 옵션을 선",35,46.5,circumference,37,59,,,,,text,"[{""어깨단면"": ""35""}, {""암홀둘레"": ""37""}, {""소매길이"": ""59""}, {""가슴둘레"": ""93""}]"
27276,https://www.misharp.co.kr/product/detail.html?product_no=27276,머드 5부 반폴라 티셔츠,블라우스/셔츠,셔츠,22240,코튼89% 스판11% 혼용 소재입니다 / 스판11% 혼용 소재입니다,세미루즈;정핏,55-77,어깨좁음,힙커버;허리라인보정,클래식;데일리;오피스룩,봄;여름;가을,하프,반팔,아이보리;베이지,4050,슬랙스;데님;스커트,"미샵 - 머드 5부 반폴라 티셔츠 (4 color) 머드 5부 반폴라 티셔츠 (4 color) (해외배송 가능상품) ( 건) 머드 5부 반폴라 티셔츠 (4 color) 27,800원 22,240원 남은시간 1250일 21:54:03 (5,560원 할인) 2024-11-26 12:00 ~ 2029-12-31 12:00 220원 (1%) 재입고 알림 SMS 상품 옵션 컬러 - [필수] 옵션을 선",37,52,circumference,44,31.5,,,,,text,"[{""어깨단면"": ""37""}, {""암홀둘레"": ""44""}, {""소매길이"": ""31.5""}, {""가슴둘레"": ""104""}]"
28429,https://www.misharp.co.kr/product/detail.html?product_no=28429,NYC 레터링 기모 맨투맨,티셔츠,티셔츠,31400,면100% 소재에 기모 안감을 더해 포근하고 따뜻한 착용감을 전합니다,세미루즈,55-77,어깨좁음,뱃살커버,데일리,겨울,기본,긴팔,그레이,4050,슬랙스;데님;스커트,【코튼100 / 따뜻한 안기모】,38,49.5,circumference,41,57,,,,,text,"[{""어깨단면"": ""38""}, {""암홀둘레"": ""41""}, {""소매길이"": ""57""}, {""가슴둘레"": ""99""}]"
28221,https://www.misharp.co.kr/product/detail.html?product_no=28221,와니 스트라이프 티셔츠,블라우스/셔츠,셔츠,26240,코튼100% 쭈리 소재입니다,벌룬소매,55-77,어깨좁음,허리라인보정,데일리,겨울,크롭,벌룬소매,화이트;베이지;그레이,4050,데님;스커트,【밀도좋은 쭈리 코튼100%】,48,55,circumference,46,58,,,,,text,"[{""어깨단면"": ""48""}, {""암홀둘레"": ""46""}, {""소매길이"": ""58""}, {""가슴둘레"": ""110""}]"
23098,https://www.misharp.co.kr/product/detail.html?product_no=23098,슬림 기모 하프넥 티셔츠,블라우스/셔츠,셔츠,8800,,,55-66반,어깨좁음,힙커버,데일리,겨울,하프,긴팔,블랙;아이보리;베이지,4050,데님,【4000장 판매돌파/겨울이너웨어로 추천】,37,44,circumference,40,59,,,,,text,"[{""어깨단면"": ""37""}, {""암홀둘레"": ""40""}, {""소매길이"": ""59""}, {""가슴둘레"": ""88""}]"
28394,https://www.misharp.co.kr/product/detail.html?product_no=28394,엑스트라 히트 기모 나시,,,13440,폴리에스터 91%에 스판 9%가 더해진 원단으로 부드럽게 늘어나고 / 스판 9%가 더해진 원단으로 부드럽게 늘어나고,민소매핏,66-66반,어깨좁음,뱃살커버;허리라인보정,데일리;오피스룩,겨울,기본,민소매,베이지,4050,데님;니트,【친환경원단/발열소재】,32,40,circumference,38,,,,,,text,"[{""어깨단면"": ""32""}, {""암홀둘레"": ""38""}, {""가슴둘레"": ""80""}]"
28398,https://www.misharp.co.kr/product/detail.html?product_no=28398,엑스트라 히트 기모 긴팔 티셔츠,블라우스/셔츠,셔츠,15840,폴리에스터 91%에 스판 9%가 더해져 부드럽게 늘어나고 몸을 조이지 않습니다 / 폴리에스터 91%에 스판 9%가 더해진 원단으로 부드럽게 늘어나고 / 스판 9%가 더해져 부드럽게 늘어나고 몸을 조이지 않습니다 / 스판 9%가 더해진 원단으로 부드럽게 늘어나고,,66-66반,어깨좁음,뱃살커버,데일리;오피스룩,봄;가을;겨울,기본,긴팔,블랙;아이보리;베이지,4050,데님;니트,【친환경원단/발열소재】,33,37.5,circumference,38,51,,,,,text,"[{""어깨단면"": ""33""}, {""암홀둘레"": ""38""}, {""소매길이"": ""51""}, {""가슴둘레"": ""75""}]"
24475,https://www.misharp.co.kr/product/detail.html?product_no=24475,웰던 맨투맨,티셔츠,티셔츠,27900,,정핏,55-66반,어깨좁음;하체통통,허리라인보정,데일리,,크롭,긴팔,그레이,4050,슬랙스;데님;스커트,【손끝 포근함이 그대로】,56,57,circumference,40,50,,,,,text,"[{""어깨단면"": ""56""}, {""암홀둘레"": ""40""}, {""소매길이"": ""50""}, {""가슴둘레"": ""114""}]"
27124,https://www.misharp.co.kr/product/detail.html?product_no=27124,메르텐스 기모 트레이닝 세트,,,34800,코튼60% 폴리에스터40% 혼용 소재입니다 / 폴리에스터40% 혼용 소재입니다,오버핏;슬림핏,55-77,어깨좁음;복부체형;하체통통,뱃살커버;힙커버,데일리,봄;가을;겨울,기본,긴팔,그레이,4050,데님,"미샵 - 메르텐스 기모 트레이닝 세트 (2 color) 메르텐스 기모 트레이닝 세트 (2 color) (해외배송 가능상품) ( 건) 메르텐스 기모 트레이닝 세트 (2 color) 43,500원 34,800원 남은시간 1250일 21:53:52 (8,700원 할인) 2024-11-30 12:00 ~ 2029-12-31 12:00 340원 (1%) 재입고 알림 SMS 상품 옵션 컬러 - [필수]",77,70,circumference,50,42,,,,,text,"[{""어깨단면"": ""77""}, {""암홀둘레"": ""50""}, {""소매길이"": ""42""}, {""가슴둘레"": ""140""}]"
27091,https://www.misharp.co.kr/product/detail.html?product_no=27091,코어 기모 하프넥 맨투맨,티셔츠,티셔츠,31840,코튼40% 폴리에스터,정핏,55-77,어깨좁음,뱃살커버;힙커버;허리라인보정,클래식;데일리;오피스룩,겨울,하프,긴팔,베이지,4050,슬랙스;데님,【따뜻 안기모】,52,60,circumference,50,55,,,,,text,"[{""어깨단면"": ""52""}, {""암홀둘레"": ""50""}, {""소매길이"": ""55""}, {""가슴둘레"": ""120""}]"
28272,https://www.misharp.co.kr/product/detail.html?product_no=28272,기모 스판 반폴라 긴팔 티셔츠,블라우스/셔츠,셔츠,13000,폴리에스터66% 레이온,세미루즈,55-88,어깨좁음,허리라인보정,데일리;오피스룩,겨울,기본,긴팔,블랙;아이보리;베이지;브라운;카키,4050,데님;니트,【안기모/남녀 사이즈】 베이지/M 딱 1장! 세일!!,45,49,circumference,44,58,,,,,text,"[{""어깨단면"": ""45""}, {""암홀둘레"": ""44""}, {""소매길이"": ""58""}, {""가슴둘레"": ""98""}]"
26990,https://www.misharp.co.kr/product/detail.html?product_no=26990,엑스트라 웜 히트택 티셔츠,블라우스/셔츠,셔츠,13440,폴리에스터92% 스판8% 혼용 소재입니다 / 스판8% 혼용 소재입니다,,55-77,어깨좁음,허리라인보정,데일리,겨울,기본,긴팔,블랙,4050,데님;니트,"미샵 - 엑스트라 웜 히트택 티셔츠 (4 color) 엑스트라 웜 히트택 티셔츠 (4 color) (해외배송 가능상품) ( 건) 엑스트라 웜 히트택 티셔츠 (4 color) 16,800원 13,440원 남은시간 1250일 21:53:47 (3,360원 할인) 2024-11-30 12:00 ~ 2029-12-31 12:00 130원 (1%) 재입고 알림 SMS 상품 옵션 컬러 - [필수] 옵션",35.5,39,circumference,36,52,,,,,text,"[{""어깨단면"": ""35.5""}, {""암홀둘레"": ""36""}, {""소매길이"": ""52""}, {""가슴둘레"": ""78""}]"
27115,https://www.misharp.co.kr/product/detail.html?product_no=27115,밀리언 레터링 기모 맨투맨,티셔츠,티셔츠,27600,코튼 100% 소재입니다,,55-77,어깨좁음,허리라인보정,클래식;데일리,봄;겨울,크롭,긴팔,블랙,4050,데님;스커트,"미샵 - 밀리언 레터링 기모 맨투맨 (3 color) 밀리언 레터링 기모 맨투맨 (3 color) (해외배송 가능상품) ( 건) 밀리언 레터링 기모 맨투맨 (3 color) 34,500원 27,600원 남은시간 1250일 21:53:46 (6,900원 할인) 2024-11-30 12:00 ~ 2029-12-31 12:00 270원 (1%) 재입고 알림 SMS 상품 옵션 컬러 - [필수] 옵션",57,57,circumference,49,54,,,,,text,"[{""어깨단면"": ""57""}, {""암홀둘레"": ""49""}, {""소매길이"": ""54""}, {""가슴둘레"": ""114""}]"
27025,https://www.misharp.co.kr/product/detail.html?product_no=27025,이브닝 누빔 잠옷 세트,,,29440,면80%의 느낌이 도저히 아니라 다시 섬유 구성을 확인했는데 믿어지지는 않습니다ᆢ 쓸데없이 겉만 부드러워요 반품도 못하고ᆢ 속상하네요 + 더 보기 5 / 코튼80% 폴리에스터20% 혼용 소재입니다 / 폴리에스터20% 혼용 소재입니다,,55-77,어깨좁음;복부체형;하체통통,힙커버;허리라인보정,클래식;데일리,,기본,긴팔,베이지;브라운,4050,데님,【브라운 마지막 기회! 딱 1장】,39,53.5,circumference,51,55,,,,,text,"[{""어깨단면"": ""39""}, {""암홀둘레"": ""51""}, {""소매길이"": ""55""}, {""가슴둘레"": ""107""}]"
26963,https://www.misharp.co.kr/product/detail.html?product_no=26963,보니 절개 레글런 맨투맨,티셔츠,티셔츠,33300,코튼60% 폴리에스터40% 혼용 소재입니다 / 폴리에스터40% 혼용 소재입니다,루즈핏;레글런핏,55-77,어깨좁음,팔뚝커버;뱃살커버;허리라인보정,데일리,겨울,기본,레글런소매,브라운;소라,4050,데님;스커트,【면60 / 기모이상 부드러운 고급원단】,,62,circumference,,76,,,,,text,"[{""소매길이"": ""76""}, {""가슴둘레"": ""124""}]"
27825,https://www.misharp.co.kr/product/detail.html?product_no=27825,썸머 라이트 체크 블라우스,블라우스/셔츠,블라우스,25100,코튼65% 나일론35% 혼용 소재로 땀과 열기를 빠르게 날려주고 / 코튼 65%와 가볍고 청량한 촉감의 나일론 35%가 조화를 이룬 여름에 최적화된 혼방 소재입니다 세탁방법 드라이크리닝/손세탁/건조기사용 자제 사이즈 정보 사이즈 TIP free사이즈로 77까지 추천드립니다 / 나일론35% 혼용 소재로 땀과 열기를 빠르게 날려주고 / 나일론 35%가 조화를 이룬 여름에 최적화된 혼방 소재입니다 세탁방법 드라이크리닝/손세탁/건조기사용 자제 사이즈 정보 사이즈 TIP free사이즈로 77까지 추천드립니다,,55-77,어깨좁음;복부체형,허리라인보정,클래식;데일리,여름,기본,긴팔,블랙,4050,슬랙스;데님;스커트,★ SS제작 상의 73 ★ 【인기 블랙 컬러 마지막 입고!】,57,57.5,circumference,48,20.5,,,,,text,"[{""어깨단면"": ""57""}, {""암홀둘레"": ""48""}, {""소매길이"": ""20.5""}, {""가슴둘레"": ""115""}]"
26584,https://www.misharp.co.kr/product/detail.html?product_no=26584,쿨 체크 러플 블라우스,블라우스/셔츠,블라우스,35000,,퍼프소매,55-77,어깨좁음;팔뚝통통,팔뚝커버;뱃살커버;허리라인보정,데일리;오피스룩,여름;겨울,기본,반팔,화이트,4050,데님;원피스,★ SS제작 상의 79 ★ 【최단기간 판매기록】,35,52,circumference,50,27,,,,,text,"[{""어깨단면"": ""35""}, {""암홀둘레"": ""50""}, {""소매길이"": ""27""}, {""가슴둘레"": ""104""}]"
28975,https://www.misharp.co.kr/product/detail.html?product_no=28975,버베나 체크 프릴 블라우스,블라우스/셔츠,블라우스,56500,코튼100% 소재입니다 / 스판2% 혼용으로 은은한 신축성과 유연함이 있으며,,55-77,어깨좁음;복부체형,뱃살커버;허리라인보정,클래식;페미닌;데일리;오피스룩,여름;겨울,기본,긴팔,네이비,4050,슬랙스;데님;스커트,【결고운 코튼에 비침없는 체크】,40,52,circumference,45,27,,,,,text,"[{""어깨단면"": ""40""}, {""암홀둘레"": ""45""}, {""소매길이"": ""27""}, {""가슴둘레"": ""104""}]"
28997,https://www.misharp.co.kr/product/detail.html?product_no=28997,모어 클라우드 링클 블라우스,블라우스/셔츠,블라우스,45500,,세미루즈;드롭숄더,55-77,어깨좁음;팔뚝통통;하체통통,팔뚝커버;뱃살커버;힙커버;허리라인보정,데일리;오피스룩,여름;겨울,기본,5부소매,아이보리,4050,데님,"미샵 - 모어 클라우드 링클 블라우스 (2 color) 모어 클라우드 링클 블라우스 (2 color) (해외배송 가능상품) ( 건) 모어 클라우드 링클 블라우스 (2 color) 45,500원 450원 (1%) 재입고 알림 SMS 상품 옵션 컬러 - [필수] 옵션을 선택해 주세요 - ------------------- 크림아이보리 먹색 옵션선택 상품 목록 상품명 상품수 가격 모어 클라우드 링",55,59.5,circumference,54,24.5,,,,,text,"[{""어깨단면"": ""55""}, {""암홀둘레"": ""54""}, {""소매길이"": ""24.5""}, {""가슴둘레"": ""119""}]"
22579,https://www.misharp.co.kr/product/detail.html?product_no=22579,리버 블라우스,블라우스/셔츠,블라우스,40900,,슬림핏,55-77,어깨좁음;팔뚝통통,팔뚝커버;허리라인보정,클래식;페미닌;데일리;오피스룩,여름,기본,긴팔,블랙;소라,4050,슬랙스;데님,★ SS제작 상의 77 ★ 【최다 판매와 수많은 후기】,41,59,circumference,48,24,,,,,text,"[{""어깨단면"": ""41""}, {""암홀둘레"": ""48""}, {""소매길이"": ""24""}, {""가슴둘레"": ""118""}]"
28979,https://www.misharp.co.kr/product/detail.html?product_no=28979,80수 경량 에어 스판 밴딩 셔츠,블라우스/셔츠,셔츠,56500,코튼27% 나일론67% 스판6% 원단으로 제작되었습니다 / 나일론67% 스판6% 원단으로 제작되었습니다 / 스판6% 원단으로 제작되었습니다,드롭숄더;민소매핏,55-77,어깨좁음;복부체형;하체통통,뱃살커버;허리라인보정,데일리;오피스룩,봄;여름;가을,기본,민소매,블랙;아이보리;베이지,4050,데님,【80수의 고밀도의 경량 원단】,,66,circumference,,41,,,,,text,"[{""소매길이"": ""41""}, {""가슴둘레"": ""132""}]"
26587,https://www.misharp.co.kr/product/detail.html?product_no=26587,페플럼 쿨 러플 블라우스,블라우스/셔츠,블라우스,37400,,,55-77,어깨좁음;하체통통,힙커버,페미닌;데일리;오피스룩,여름;겨울,기본,긴팔,핑크;네이비,4050,데님,★ SS제작 상의 58 ★,35,49,circumference,46,25,,,,,text,"[{""어깨단면"": ""35""}, {""암홀둘레"": ""46""}, {""소매길이"": ""25""}, {""가슴둘레"": ""98""}]"
28861,https://www.misharp.co.kr/product/detail.html?product_no=28861,여름 동행 블라우스,블라우스/셔츠,블라우스,39500,레이온68% 나일론32% 혼용 소재입니다 / 나일론32% 혼용 소재입니다,민소매핏,55-77,어깨좁음;하체통통,뱃살커버;힙커버,클래식;데일리;오피스룩,여름;겨울,기본,민소매,네이비;소라,4050,슬랙스;데님,"미샵 - 여름 동행 블라우스 (2 color) 여름 동행 블라우스 (2 color) (해외배송 가능상품) ( 건) 여름 동행 블라우스 (2 color) 39,500원 390원 (1%) 재입고 알림 SMS 상품 옵션 컬러 - [필수] 옵션을 선택해 주세요 - ------------------- 소라 네이비 옵션선택 상품 목록 상품명 상품수 가격 여름 동행 블라우스 (2 color) 수량증가 수",39.5,62.5,circumference,48,24,,,,,text,"[{""어깨단면"": ""39.5""}, {""암홀둘레"": ""48""}, {""소매길이"": ""24""}, {""가슴둘레"": ""125""}]"
23938,https://www.misharp.co.kr/product/detail.html?product_no=23938,스윗 시어서커 블라우스,블라우스/셔츠,블라우스,27500,,민소매핏,55-77,어깨좁음,뱃살커버;허리라인보정,데일리;오피스룩,여름,기본,민소매,블랙;베이지,4050,데님,【고객요청 전컬러 재생산!】,,62,circumference,,43,,,,,text,"[{""소매길이"": ""43""}, {""가슴둘레"": ""124""}]"
29013,https://www.misharp.co.kr/product/detail.html?product_no=29013,블루밍 프릴 코튼 블라우스,블라우스/셔츠,블라우스,52600,면100% 원단입니다,캡소매,55-77,어깨좁음;팔뚝통통;하체통통,팔뚝커버;뱃살커버;허리라인보정,페미닌;데일리;오피스룩,여름;겨울,기본,캡소매,화이트;아이보리;베이지,4050,슬랙스;데님;스커트,【가장 섬세하게 얇은 코튼100%】,,67,circumference,,25,,,,,text,"[{""소매길이"": ""25""}, {""가슴둘레"": ""134""}]"
27634,https://www.misharp.co.kr/product/detail.html?product_no=27634,드라이 쿨 터치 카브라 셔츠,블라우스/셔츠,셔츠,42300,코튼25% 나일론75% 혼용 원단입니다 / 나일론75% 혼용 원단입니다,레글런핏,55-77,어깨좁음,팔뚝커버,데일리;오피스룩,겨울,기본,레글런소매,블랙;화이트;아이보리;핑크,4050,슬랙스;데님;스커트,"미샵 - 드라이 쿨 터치 카브라 셔츠 (3 color) 드라이 쿨 터치 카브라 셔츠 (3 color) (해외배송 가능상품) ( 건) 드라이 쿨 터치 카브라 셔츠 (3 color) 45,500원 42,300원 남은시간 0일 21:53:26 (3,200원 할인) 2026-07-29 12:00 ~ 2026-07-30 12:00 420원 (1%) 재입고 알림 SMS 상품 옵션 컬러 - [필수] 옵션",,58,circumference,,33.5,,,,,text,"[{""소매길이"": ""33.5""}, {""가슴둘레"": ""116""}]"
29007,https://www.misharp.co.kr/product/detail.html?product_no=29007,코튼 리프레시 체크 셔츠,블라우스/셔츠,셔츠,28800,코튼100% 소재입니다,루즈핏;드롭숄더;민소매핏,55-77,어깨좁음,허리라인보정,데일리,여름;겨울,롱,민소매,블랙,4050,데님,【살안타템 강추! 출근룩&휴가룩】,56,56,circumference,58,49.5,,,,,text,"[{""어깨단면"": ""56""}, {""암홀둘레"": ""58""}, {""소매길이"": ""49.5""}, {""가슴둘레"": ""112""}]"
26295,https://www.misharp.co.kr/product/detail.html?product_no=26295,S. 이븐 배색 블라우스,블라우스/셔츠,블라우스,34500,폴리95% 스판5% 소재로 만듭니다 / 폴리95% 스판5% 혼용 원단입니다 / 스판5% 소재로 만듭니다 / 스판5% 혼용 원단입니다,,55-77,어깨좁음,허리라인보정,클래식;페미닌;데일리;오피스룩,여름,기본,긴팔,블랙;아이보리;베이지;네이비,4050,슬랙스;데님,"미샵 - S. 이븐 배색 블라우스 (4 color) S. 이븐 배색 블라우스 (4 color) (해외배송 가능상품) ( 건) S. 이븐 배색 블라우스 (4 color) 34,500원 340원 (1%) 재입고 알림 SMS 상품 옵션 컬러 - [필수] 옵션을 선택해 주세요 - ------------------- 아이보리+블랙테두리 베이지 네이비 블랙 옵션선택 상품 목록 상품명 상품수 가격 S.",,60,circumference,,33,,,,,text,"[{""소매길이"": ""33""}, {""가슴둘레"": ""120""}]"
23903,https://www.misharp.co.kr/product/detail.html?product_no=23903,릴리 고방 블라우스,블라우스/셔츠,블라우스,32500,,퍼프소매,55-66반,어깨좁음;팔뚝통통,팔뚝커버,페미닌;데일리,,기본,퍼프소매,블랙;화이트,4050,슬랙스;데님,"미샵 - 릴리 고방 블라우스 (2 color) 릴리 고방 블라우스 (2 color) (해외배송 가능상품) ( 건) 릴리 고방 블라우스 (2 color) 32,500원 320원 (1%) 재입고 알림 SMS 상품 옵션 컬러 - [필수] 옵션을 선택해 주세요 - ------------------- 스카이 블랙 옵션선택 상품 목록 상품명 상품수 가격 릴리 고방 블라우스 (2 color) 수량증가 수",38,50,circumference,46,28,,,,,text,"[{""어깨단면"": ""38""}, {""암홀둘레"": ""46""}, {""소매길이"": ""28""}, {""가슴둘레"": ""100""}]"
28999,https://www.misharp.co.kr/product/detail.html?product_no=28999,글로우 입체 플라워 텐션 블라우스,블라우스/셔츠,블라우스,54500,폴리에스터100% 원사 특유의 탄탄함에 아주 뛰어난 텐션감이 더해진 고신축 소재입니다,루즈핏,55-77,어깨좁음,허리라인보정,페미닌;데일리;오피스룩;모임룩,여름;겨울,기본,긴팔,블랙;베이지;핑크,4050,슬랙스;데님,【고텐션과 하이퀄리티 핏】,,48,circumference,,30,,,,,text,"[{""소매길이"": ""30""}, {""가슴둘레"": ""96""}]"
27784,https://www.misharp.co.kr/product/detail.html?product_no=27784,로라 잔체크 블라우스 스커트 세트,블라우스/셔츠,블라우스,38500,코튼60% 폴리에스터40% 혼용 소재입니다 / 폴리에스터40% 혼용 소재입니다,세미루즈;민소매핏,55-77,어깨좁음;복부체형;하체통통,힙커버,클래식;페미닌;데일리,여름,기본,민소매,네이비,4050,데님;스커트,【고슬고슬 코튼60 / 상하 별도 구매가능】,42,56,circumference,34,,,,,,text,"[{""어깨단면"": ""42""}, {""암홀둘레"": ""34""}, {""가슴둘레"": ""112""}]"
25120,https://www.misharp.co.kr/product/detail.html?product_no=25120,리플 스트라이프 반팔 셔츠,블라우스/셔츠,셔츠,34500,코튼100% 원단입니다,,55-77,어깨좁음;하체통통,,클래식;데일리;오피스룩,여름;겨울,기본,반팔,화이트,4050,슬랙스;데님,"미샵 - 리플 스트라이프 반팔 셔츠 (2 color) 리플 스트라이프 반팔 셔츠 (2 color) (해외배송 가능상품) ( 건) 리플 스트라이프 반팔 셔츠 (2 color) 34,500원 340원 (1%) 재입고 알림 SMS 상품 옵션 컬러 - [필수] 옵션을 선택해 주세요 - ------------------- 블루 레드 옵션선택 상품 목록 상품명 상품수 가격 리플 스트라이프 반팔 셔츠 (",48,54,circumference,48,23.5,,,,,text,"[{""어깨단면"": ""48""}, {""암홀둘레"": ""48""}, {""소매길이"": ""23.5""}, {""가슴둘레"": ""108""}]"
28992,https://www.misharp.co.kr/product/detail.html?product_no=28992,허밍 에어 스트라이프 셔츠,블라우스/셔츠,셔츠,54500,코튼27% 나일론67% 스판6% 혼용 소재입니다 / 나일론67% 스판6% 혼용 소재입니다 / 스판6% 혼용 소재입니다,,55-77,어깨좁음;팔뚝통통;하체통통,팔뚝커버;뱃살커버;허리라인보정,페미닌;데일리;오피스룩,여름;겨울,기본,5부소매,화이트;핑크,4050,데님,【가장 섬세한 결로 안 입은 듯!】,46,58,circumference,45,25,,,,,text,"[{""어깨단면"": ""46""}, {""암홀둘레"": ""45""}, {""소매길이"": ""25""}, {""가슴둘레"": ""116""}]"
23800,https://www.misharp.co.kr/product/detail.html?product_no=23800,쿨 체크 블라우스,블라우스/셔츠,블라우스,23500,,벌룬소매,55-77,하체통통,힙커버;허리라인보정,데일리;오피스룩,여름,기본,벌룬소매,블랙;베이지,4050,데님,"미샵 - 쿨 체크 블라우스 (3 color) 쿨 체크 블라우스 (3 color) (해외배송 가능상품) ( 건) 쿨 체크 블라우스 (3 color) 23,500원 230원 (1%) 재입고 알림 SMS 상품 옵션 컬러 - [필수] 옵션을 선택해 주세요 - ------------------- 베이지 블루 옵션선택 상품 목록 상품명 상품수 가격 쿨 체크 블라우스 (3 color) 수량증가 수량감소",,60,circumference,,43,,,,,text,"[{""소매길이"": ""43""}, {""가슴둘레"": ""120""}]"
28985,https://www.misharp.co.kr/product/detail.html?product_no=28985,드 디어 쿨 크링클 블라우스 자켓,아우터,자켓,53500,레이온63%의 구김을 없애도록 폴리가 믹스되었고,민소매핏,55-77,어깨좁음;팔뚝통통,팔뚝커버;허리라인보정,페미닌;데일리;오피스룩,여름;겨울,기본,민소매,블랙;아이보리,4050,데님,【세로 링클 텍스처의 통풍】,42,55,circumference,50,22.5,,,,,text,"[{""어깨단면"": ""42""}, {""암홀둘레"": ""50""}, {""소매길이"": ""22.5""}, {""가슴둘레"": ""110""}]"
28984,https://www.misharp.co.kr/product/detail.html?product_no=28984,벨 에어 반전 트임 블라우스 셔츠,블라우스/셔츠,블라우스,48500,레이온81% 나일론19% 혼용 소재입니다 / 나일론19% 혼용 소재입니다,민소매핏,55-77,어깨좁음;하체통통,힙커버;허리라인보정,클래식;데일리;오피스룩,여름;겨울,롱,민소매,아이보리;그레이;카키,4050,슬랙스;데님;스커트,【실키한 터치의 고급스러움】,48,61,circumference,43,52,,,,,text,"[{""어깨단면"": ""48""}, {""암홀둘레"": ""43""}, {""소매길이"": ""52""}, {""가슴둘레"": ""122""}]"
27674,https://www.misharp.co.kr/product/detail.html?product_no=27674,하늘 뒷트임 반팔 블라우스,블라우스/셔츠,블라우스,37500,레이온 78%로 피부에 닿자마자 느껴지는 차르르함 / 레이온78% 혼용 소재입니다 / 나일론 15%는 바람 솔솔 통하는 가벼운 터치감으로,,55-77,어깨좁음;팔뚝통통;하체통통,팔뚝커버;힙커버;허리라인보정,데일리,여름;겨울,기본,반팔,화이트,4050,데님;스커트,"미샵 - 하늘 뒷트임 반팔 블라우스 (2 color) 하늘 뒷트임 반팔 블라우스 (2 color) (해외배송 가능상품) ( 건) 하늘 뒷트임 반팔 블라우스 (2 color) 37,500원 370원 (1%) 재입고 알림 SMS 상품 옵션 컬러 - [필수] 옵션을 선택해 주세요 - ------------------- 스카이 옵션선택 상품 목록 상품명 상품수 가격 하늘 뒷트임 반팔 블라우스 (2",39,57,circumference,53,25,,,,,text,"[{""어깨단면"": ""39""}, {""암홀둘레"": ""53""}, {""소매길이"": ""25""}, {""가슴둘레"": ""114""}]"
28899,https://www.misharp.co.kr/product/detail.html?product_no=28899,에어리 스트라이프 퍼프 블라우스,블라우스/셔츠,블라우스,49500,,퍼프소매,55-77,어깨좁음;팔뚝통통;복부체형,팔뚝커버;뱃살커버;힙커버;허리라인보정,클래식;페미닌;데일리;오피스룩,여름;겨울,기본,퍼프소매,아이보리;그레이,4050,슬랙스;데님;스커트,"미샵 - 에어리 스트라이프 퍼프 블라우스 (2 color) 에어리 스트라이프 퍼프 블라우스 (2 color) (해외배송 가능상품) ( 건) 에어리 스트라이프 퍼프 블라우스 (2 color) 49,500원 490원 (1%) 재입고 알림 SMS 상품 옵션 컬러 - [필수] 옵션을 선택해 주세요 - ------------------- 아이보리 연그레이 옵션선택 상품 목록 상품명 상품수 가격 에어리",,57,circumference,,33.5,,,,,text,"[{""소매길이"": ""33.5""}, {""가슴둘레"": ""114""}]"
28965,https://www.misharp.co.kr/product/detail.html?product_no=28965,소르베 고슬 체크 블라우스,블라우스/셔츠,블라우스,42700,코튼100% 소재입니다,,55-77,어깨좁음;팔뚝통통,팔뚝커버;허리라인보정,데일리;오피스룩;모임룩,여름;겨울,크롭,긴팔,네이비,4050,데님;스커트,"미샵 - 소르베 고슬 체크 블라우스 (1 color) 소르베 고슬 체크 블라우스 (1 color) (해외배송 가능상품) ( 건) 소르베 고슬 체크 블라우스 (1 color) 48,500원 42,700원 남은시간 1일 21:53:04 (5,800원 할인) 2026-07-28 12:00 ~ 2026-07-31 12:00 420원 (1%) 재입고 알림 SMS 상품 옵션 옵션선택 상품 목록 상품명",,59,circumference,,35,,,,,text,"[{""소매길이"": ""35""}, {""가슴둘레"": ""118""}]"
27605,https://www.misharp.co.kr/product/detail.html?product_no=27605,롤업 레글런 썸머 블라우스,블라우스/셔츠,블라우스,25500,폴리에스터100% 소재입니다,레글런핏,55-77,어깨좁음;팔뚝통통,팔뚝커버,클래식;데일리;오피스룩,여름;겨울,기본,레글런소매,화이트,4050,슬랙스;데님,"미샵 - 롤업 레글런 썸머 블라우스 (2 color) 롤업 레글런 썸머 블라우스 (2 color) (해외배송 가능상품) ( 건) 롤업 레글런 썸머 블라우스 (2 color) 25,500원 250원 (1%) 재입고 알림 SMS 상품 옵션 컬러 - [필수] 옵션을 선택해 주세요 - ------------------- 화이트 스카이 옵션선택 상품 목록 상품명 상품수 가격 롤업 레글런 썸머 블라우스",,55,circumference,,31,,,,,text,"[{""소매길이"": ""31""}, {""가슴둘레"": ""110""}]"
27678,https://www.misharp.co.kr/product/detail.html?product_no=27678,브리즈 플레어 밴딩 블라우스,블라우스/셔츠,블라우스,48500,,레글런핏,55-77,어깨좁음;팔뚝통통;하체통통,팔뚝커버;허리라인보정,페미닌;데일리,여름,기본,레글런소매,블랙;화이트;아이보리,4050,데님,【통풍최고 / 안 입은듯 시원함】,,57,circumference,,24,,,,,text,"[{""소매길이"": ""24""}, {""가슴둘레"": ""114""}]"
28969,https://www.misharp.co.kr/product/detail.html?product_no=28969,시어 매트 체크 쿨 셔츠,블라우스/셔츠,셔츠,29500,폴리에스터80% 레이온20% 혼용 소재입니다 / 레이온20% 혼용 소재입니다,루즈핏;드롭숄더;민소매핏,55-77,어깨좁음,허리라인보정,클래식;데일리,여름;겨울,기본,민소매,화이트;베이지,4050,슬랙스;데님,【스킨에 붙지 않는 시원함】,48,55,circumference,45,48.5,,,,,text,"[{""어깨단면"": ""48""}, {""암홀둘레"": ""45""}, {""소매길이"": ""48.5""}, {""가슴둘레"": ""110""}]"
28961,https://www.misharp.co.kr/product/detail.html?product_no=28961,르베르 엠보 텐션 자켓 블라우스,아우터,자켓,34500,폴리에스터 100%의 엠보(시어커서) 텍스처 소재입니다,정핏;민소매핏,55-66반,어깨좁음;팔뚝통통;하체통통,팔뚝커버;뱃살커버;허리라인보정,클래식;페미닌;데일리;오피스룩,여름;겨울,기본,민소매,블랙;아이보리;브라운,4050,슬랙스;데님;스커트,"미샵 - 르베르 엠보 텐션 자켓 블라우스 (3 color) 르베르 엠보 텐션 자켓 블라우스 (3 color) (해외배송 가능상품) ( 건) 르베르 엠보 텐션 자켓 블라우스 (3 color) 34,500원 340원 (1%) 재입고 알림 SMS 상품 옵션 컬러 - [필수] 옵션을 선택해 주세요 - ------------------- 아이보리 브라운 블랙 옵션선택 상품 목록 상품명 상품수 가격 르",37.5,46,circumference,44,20.5,,,,,text,"[{""어깨단면"": ""37.5""}, {""암홀둘레"": ""44""}, {""소매길이"": ""20.5""}, {""가슴둘레"": ""92""}]"
28955,https://www.misharp.co.kr/product/detail.html?product_no=28955,깅엄 고슬 퍼프 블라우스,블라우스/셔츠,블라우스,43500,코튼35% 폴리에스터65% 혼용 소재입니다 / 폴리에스터65% 혼용 소재입니다,루즈핏;퍼프소매,55-77,어깨좁음;팔뚝통통,팔뚝커버;뱃살커버;허리라인보정,데일리,여름;겨울,기본,7부소매,화이트;브라운,4050,데님,"미샵 - 깅엄 고슬 퍼프 블라우스 (3 color) 깅엄 고슬 퍼프 블라우스 (3 color) (해외배송 가능상품) ( 건) 깅엄 고슬 퍼프 블라우스 (3 color) 43,500원 430원 (1%) 재입고 알림 SMS 상품 옵션 컬러 - [필수] 옵션을 선택해 주세요 - ------------------- 브라운 레드 청록 옵션선택 상품 목록 상품명 상품수 가격 깅엄 고슬 퍼프 블라우스 (",,58.5,circumference,,46,,,,,text,"[{""소매길이"": ""46""}, {""가슴둘레"": ""117""}]"
25158,https://www.misharp.co.kr/product/detail.html?product_no=25158,제니 레글런 커버 블라우스,블라우스/셔츠,블라우스,31500,,레글런핏,55-77,어깨좁음,팔뚝커버;허리라인보정,데일리;오피스룩,여름;겨울,기본,레글런소매,베이지;네이비,4050,데님,★ SS제작 상의 76 ★ 【인기 오렌지/베이지만 제작】,,61,circumference,,36,,,,,text,"[{""소매길이"": ""36""}, {""가슴둘레"": ""122""}]"
26386,https://www.misharp.co.kr/product/detail.html?product_no=26386,링클프리 반팔 히든 블라우스,블라우스/셔츠,블라우스,36800,,,55-88,어깨좁음,뱃살커버,클래식;데일리;오피스룩,여름,기본,반팔,화이트;베이지;네이비,4050,데님,"【1+1 상품 / F, L 사이즈별 제작】",38,52.5,circumference,45,22,,,,,text,"[{""어깨단면"": ""38""}, {""암홀둘레"": ""45""}, {""소매길이"": ""22""}, {""가슴둘레"": ""105""}]"
25304,https://www.misharp.co.kr/product/detail.html?product_no=25304,위니 린넨 블라우스,블라우스/셔츠,블라우스,58500,,벌룬소매,55-77,어깨좁음,허리라인보정,데일리,여름,기본,벌룬소매,화이트;네이비,4050,데님,"미샵 - 위니 린넨 블라우스 (3 color) 위니 린넨 블라우스 (3 color) (해외배송 가능상품) ( 건) 위니 린넨 블라우스 (3 color) 58,500원 580원 (1%) 재입고 알림 SMS 상품 옵션 컬러 - [필수] 옵션을 선택해 주세요 - ------------------- 화이트 그린 옵션선택 상품 목록 상품명 상품수 가격 위니 린넨 블라우스 (3 color) 수량증가 수",51,60,circumference,53,25,,,,,text,"[{""어깨단면"": ""51""}, {""암홀둘레"": ""53""}, {""소매길이"": ""25""}, {""가슴둘레"": ""120""}]"
28950,https://www.misharp.co.kr/product/detail.html?product_no=28950,윈디 프릴 체크 블라우스,블라우스/셔츠,블라우스,54500,코튼100% 소재입니다,캡소매,55-77,어깨좁음;팔뚝통통,팔뚝커버;뱃살커버;허리라인보정,클래식;데일리;오피스룩;학모룩,여름;겨울,롱,캡소매,블랙;화이트;네이비;브라운,4050,슬랙스;데님;스커트,【미세한 요철감의 쾌적코튼】,38,66,circumference,54,18,,,,,text,"[{""어깨단면"": ""38""}, {""암홀둘레"": ""54""}, {""소매길이"": ""18""}, {""가슴둘레"": ""132""}]"
28943,https://www.misharp.co.kr/product/detail.html?product_no=28943,아일렛 자수 레글런 블라우스,블라우스/셔츠,블라우스,32500,면100% 소재로 제작되었습니다,레글런핏,55-77,어깨좁음;팔뚝통통,팔뚝커버;뱃살커버;허리라인보정,페미닌;데일리;오피스룩,여름;겨울,기본,레글런소매,화이트;아이보리,4050,슬랙스;데님;스커트,"미샵 - 아일렛 자수 레글런 블라우스 (2 color) 아일렛 자수 레글런 블라우스 (2 color) (해외배송 가능상품) ( 건) 아일렛 자수 레글런 블라우스 (2 color) 32,500원 320원 (1%) 재입고 알림 SMS 상품 옵션 컬러 - [필수] 옵션을 선택해 주세요 - ------------------- 화이트 크림 옵션선택 상품 목록 상품명 상품수 가격 아일렛 자수 레글런 블",,50,circumference,,23,,,,,text,"[{""소매길이"": ""23""}, {""가슴둘레"": ""100""}]"
27602,https://www.misharp.co.kr/product/detail.html?product_no=27602,얀 크링클 쿨링 5부 블라우스,블라우스/셔츠,블라우스,48800,폴리에스터100% 소재입니다,세미루즈,55-66반,어깨좁음;팔뚝통통,팔뚝커버,페미닌;데일리,,기본,5부소매,블랙;베이지,4050,데님,★ SS제작 상의 66 ★,33,49,circumference,48,43,,,,,text,"[{""어깨단면"": ""33""}, {""암홀둘레"": ""48""}, {""소매길이"": ""43""}, {""가슴둘레"": ""98""}]"
26454,https://www.misharp.co.kr/product/detail.html?product_no=26454,아이스 밴딩 반팔 셔츠,블라우스/셔츠,셔츠,26500,,,55-66반,어깨좁음,,데일리,여름,크롭,반팔,화이트;네이비,4050,데님,"미샵 - 아이스 밴딩 반팔 셔츠 (3 color) 아이스 밴딩 반팔 셔츠 (3 color) (해외배송 가능상품) ( 건) 아이스 밴딩 반팔 셔츠 (3 color) 26,500원 260원 (1%) 재입고 알림 SMS 상품 옵션 컬러 - [필수] 옵션을 선택해 주세요 - ------------------- 화이트 민트그린 네이비 옵션선택 상품 목록 상품명 상품수 가격 아이스 밴딩 반팔 셔츠 (3",51,57,circumference,48,21,,,,,text,"[{""어깨단면"": ""51""}, {""암홀둘레"": ""48""}, {""소매길이"": ""21""}, {""가슴둘레"": ""114""}]"
28938,https://www.misharp.co.kr/product/detail.html?product_no=28938,트위스트 나풀 소매 블라우스,블라우스/셔츠,블라우스,49800,레이온70%와 나일론30% 혼용 소재로 적당한 탄력과 형태 안정성 / 나일론30% 혼용 소재로 적당한 탄력과 형태 안정성,,55-77,어깨좁음;팔뚝통통;복부체형,팔뚝커버;뱃살커버;허리라인보정,페미닌;데일리;오피스룩,여름;겨울,기본,반팔,블랙;화이트,4050,슬랙스;데님,"미샵 - 트위스트 나풀 소매 블라우스 (2 color) 트위스트 나풀 소매 블라우스 (2 color) (해외배송 가능상품) ( 건) 트위스트 나풀 소매 블라우스 (2 color) 49,800원 490원 (1%) 재입고 알림 SMS 상품 옵션 컬러 - [필수] 옵션을 선택해 주세요 - ------------------- 화이트 블랙 옵션선택 상품 목록 상품명 상품수 가격 트위스트 나풀 소매 블",,,,,,,,,,table,"[{""트위스트 나풀 소매 블라우스 (2 color)"": """"}]"
27692,https://www.misharp.co.kr/product/detail.html?product_no=27692,보태니컬 패턴 쿨 블라우스,블라우스/셔츠,블라우스,49800,,,55-77,어깨좁음,,페미닌;데일리,여름,기본,긴팔,브라운,4050,데님,"미샵 - 보태니컬 패턴 쿨 블라우스 (2 color) 보태니컬 패턴 쿨 블라우스 (2 color) (해외배송 가능상품) ( 건) 보태니컬 패턴 쿨 블라우스 (2 color) 49,800원 490원 (1%) 재입고 알림 SMS 상품 옵션 컬러 - [필수] 옵션을 선택해 주세요 - ------------------- 브라운 옵션선택 상품 목록 상품명 상품수 가격 보태니컬 패턴 쿨 블라우스 (2",51,62,circumference,43,21,,,,,text,"[{""어깨단면"": ""51""}, {""암홀둘레"": ""43""}, {""소매길이"": ""21""}, {""가슴둘레"": ""124""}]"
28929,https://www.misharp.co.kr/product/detail.html?product_no=28929,무결점 실키 썸머 블라우스,블라우스/셔츠,블라우스,38500,,레글런핏,55-77,어깨좁음;팔뚝통통,팔뚝커버;허리라인보정,클래식;데일리;오피스룩,여름;겨울,기본,레글런소매,블랙;아이보리;베이지,4050,슬랙스;데님;스커트,"미샵 - 무결점 실키 썸머 블라우스 (3 color) 무결점 실키 썸머 블라우스 (3 color) (해외배송 가능상품) ( 건) 무결점 실키 썸머 블라우스 (3 color) 38,500원 380원 (1%) 재입고 알림 SMS 상품 옵션 컬러 - [필수] 옵션을 선택해 주세요 - ------------------- 아이보리 베이지 블랙 옵션선택 상품 목록 상품명 상품수 가격 무결점 실키 썸머",,60,circumference,,,,,,,text,"[{""가슴둘레"": ""120""}]"
27856,https://www.misharp.co.kr/product/detail.html?product_no=27856,리아 브이넥 반팔 블라우스,블라우스/셔츠,블라우스,37500,폴리에스터30% 혼용 소재로 제작되어 부드럽고 가벼운 착용감을 자랑합니다 / 레이온70%,정핏;퍼프소매;민소매핏,55-77,어깨좁음;팔뚝통통,팔뚝커버;허리라인보정,데일리;오피스룩;모임룩,여름,기본,민소매,블랙;화이트,4050,슬랙스;데님;스커트,"미샵 - 리아 브이넥 반팔 블라우스 (2 color) 리아 브이넥 반팔 블라우스 (2 color) (해외배송 가능상품) ( 건) 리아 브이넥 반팔 블라우스 (2 color) 37,500원 370원 (1%) 재입고 알림 SMS 상품 옵션 컬러 - [필수] 옵션을 선택해 주세요 - ------------------- 화이트 블랙 옵션선택 상품 목록 상품명 상품수 가격 리아 브이넥 반팔 블라우스",32,50,circumference,50,24.5,,,,,text,"[{""어깨단면"": ""32""}, {""암홀둘레"": ""50""}, {""소매길이"": ""24.5""}, {""가슴둘레"": ""100""}]"
28918,https://www.misharp.co.kr/product/detail.html?product_no=28918,에센셜 스트라이프 반팔 쾌적 셔츠,블라우스/셔츠,셔츠,29500,코튼100% 소재입니다,세미루즈,55-77,어깨좁음;팔뚝통통,팔뚝커버;허리라인보정,클래식;데일리;오피스룩;학모룩,여름;겨울,기본,반팔,화이트;베이지,4050,슬랙스;데님;스커트,"미샵 - 에센셜 스트라이프 반팔 쾌적 셔츠 (2 color) 에센셜 스트라이프 반팔 쾌적 셔츠 (2 color) (해외배송 가능상품) ( 건) 에센셜 스트라이프 반팔 쾌적 셔츠 (2 color) 29,500원 290원 (1%) 재입고 알림 SMS 상품 옵션 컬러 - [필수] 옵션을 선택해 주세요 - ------------------- 연베이지 블루 옵션선택 상품 목록 상품명 상품수 가격 에센",48,54,circumference,45,17.5,,,,,text,"[{""어깨단면"": ""48""}, {""암홀둘레"": ""45""}, {""소매길이"": ""17.5""}, {""가슴둘레"": ""108""}]"
28905,https://www.misharp.co.kr/product/detail.html?product_no=28905,텐셀 러스틱 무드 블라우스,블라우스/셔츠,블라우스,23600,나일론18% 혼용 소재로 피부에 닿는 감촉이 매우 쾌적합니다,슬림핏;정핏,55-66,어깨좁음,뱃살커버;허리라인보정,클래식;데일리;오피스룩,여름;겨울,기본,긴팔,브라운,4050,슬랙스;데님;스커트,"미샵 - 텐셀 러스틱 무드 블라우스 (3 color) 텐셀 러스틱 무드 블라우스 (3 color) (해외배송 가능상품) ( 건) 텐셀 러스틱 무드 블라우스 (3 color) 29,500원 23,600원 남은시간 886일 09:47:32 (5,900원 할인) 2022-08-24 00:00 ~ 2028-12-31 23:55 230원 (1%) 재입고 알림 SMS 상품 옵션 컬러 - [필수] 옵션을",,46,circumference,,25,,,,,text,"[{""소매길이"": ""25""}, {""가슴둘레"": ""92""}]"
28880,https://www.misharp.co.kr/product/detail.html?product_no=28880,프리미엄 린넨-코튼 데일리 셔츠,블라우스/셔츠,셔츠,54500,면 50%와 린넨 50% 혼용 소재입니다,,55-77,어깨좁음,뱃살커버;허리라인보정,클래식;데일리,여름;겨울,크롭,긴팔,화이트;네이비,4050,슬랙스;데님,"미샵 - 프리미엄 린넨-코튼 데일리 셔츠 (2 color) 프리미엄 린넨-코튼 데일리 셔츠 (2 color) (해외배송 가능상품) ( 건) 프리미엄 린넨-코튼 데일리 셔츠 (2 color) 54,500원 540원 (1%) 재입고 알림 SMS 상품 옵션 컬러 - [필수] 옵션을 선택해 주세요 - ------------------- 화이트 네이비 옵션선택 상품 목록 상품명 상품수 가격 프리미엄",53,58,circumference,48,57.5,,,,,text,"[{""어깨단면"": ""53""}, {""암홀둘레"": ""48""}, {""소매길이"": ""57.5""}, {""가슴둘레"": ""116""}]"
27773,https://www.misharp.co.kr/product/detail.html?product_no=27773,린넨 프릴 반팔 블라우스,블라우스/셔츠,블라우스,35500,코튼70% 혼용 소재입니다,세미루즈,55-77,어깨좁음,뱃살커버,데일리;오피스룩,여름,크롭,반팔,블랙;화이트,4050,슬랙스;데님,【린넨30+코튼70】,39,51.5,circumference,51,23,,,,,text,"[{""어깨단면"": ""39""}, {""암홀둘레"": ""51""}, {""소매길이"": ""23""}, {""가슴둘레"": ""103""}]"
27618,https://www.misharp.co.kr/product/detail.html?product_no=27618,이프 쿨 크링클 배색 블라우스,블라우스/셔츠,블라우스,37400,폴리에스터100% 소재입니다 / 폴리에스터95% 스판5% 혼용 소재입니다 / 스판5% 혼용 소재입니다,세미루즈,55-66반,어깨좁음;팔뚝통통,팔뚝커버,클래식;페미닌;데일리,여름,기본,긴팔,아이보리,4050,데님,★ SS제작 상의 71 ★ 【인기 크림컬러만 제작】,35,47.5,circumference,48,37,,,,,text,"[{""어깨단면"": ""35""}, {""암홀둘레"": ""48""}, {""소매길이"": ""37""}, {""가슴둘레"": ""95""}]"
27740,https://www.misharp.co.kr/product/detail.html?product_no=27740,스티치 언밸런스 루즈핏 반팔 셔츠,블라우스/셔츠,셔츠,34800,코튼85% 폴리에스터15% 혼용 소재입니다 / 폴리에스터15% 혼용 소재입니다,루즈핏,55-77,어깨좁음;팔뚝통통;하체통통,팔뚝커버;뱃살커버;힙커버;허리라인보정,데일리;오피스룩,여름;겨울,기본,반팔,핑크,4050,슬랙스;데님;스커트,"미샵 - 스티치 언밸런스 루즈핏 반팔 셔츠 (2 color) 스티치 언밸런스 루즈핏 반팔 셔츠 (2 color) (해외배송 가능상품) ( 건) 스티치 언밸런스 루즈핏 반팔 셔츠 (2 color) 34,800원 340원 (1%) 재입고 알림 SMS 상품 옵션 컬러 - [필수] 옵션을 선택해 주세요 - ------------------- 핑크 먹 옵션선택 상품 목록 상품명 상품수 가격 스티치 언",60,70,circumference,44,9,,,,,text,"[{""어깨단면"": ""60""}, {""암홀둘레"": ""44""}, {""소매길이"": ""9""}, {""가슴둘레"": ""140""}]"
27770,https://www.misharp.co.kr/product/detail.html?product_no=27770,로지 레글런 쿨링 체크 블라우스,블라우스/셔츠,블라우스,38500,코튼50% 폴리에스터50% 혼용 소재입니다 / 폴리에스터50% 혼용 소재입니다,레글런핏,55-77,어깨좁음,팔뚝커버,페미닌;데일리,여름;겨울,기본,레글런소매,그레이;핑크;네이비;브라운,4050,데님,【국내 린넨 / 국내 제작】,,60,circumference,,35,,,,,text,"[{""소매길이"": ""35""}, {""가슴둘레"": ""120""}]"
27768,https://www.misharp.co.kr/product/detail.html?product_no=27768,써니 스모크 반팔 블라우스,블라우스/셔츠,블라우스,54500,코튼30% 나일론,레글런핏,55-77,어깨좁음;하체통통,팔뚝커버;허리라인보정,클래식;페미닌;데일리,여름,기본,반팔,블랙,4050,슬랙스;데님;스커트,"미샵 - 써니 스모크 반팔 블라우스 (3 color) 써니 스모크 반팔 블라우스 (3 color) (해외배송 가능상품) ( 건) 써니 스모크 반팔 블라우스 (3 color) 54,500원 540원 (1%) 재입고 알림 SMS 상품 옵션 컬러 - [필수] 옵션을 선택해 주세요 - ------------------- 크림 피치오렌지 블랙 옵션선택 상품 목록 상품명 상품수 가격 써니 스모크 반팔",36,58,circumference,52,24.5,,,,,text,"[{""어깨단면"": ""36""}, {""암홀둘레"": ""52""}, {""소매길이"": ""24.5""}, {""가슴둘레"": ""116""}]"
27757,https://www.misharp.co.kr/product/detail.html?product_no=27757,자수 펀칭 레이스 반팔 블라우스,블라우스/셔츠,블라우스,39800,코튼100% 소재입니다,,55-77,어깨좁음;복부체형;하체통통,뱃살커버;힙커버;허리라인보정,클래식;페미닌;데일리,여름,기본,반팔,블랙;화이트,4050,데님;스커트,【인기 블랙 컬러는 소량 입고】,35,50,circumference,52,26,,,,,text,"[{""어깨단면"": ""35""}, {""암홀둘레"": ""52""}, {""소매길이"": ""26""}, {""가슴둘레"": ""100""}]"
28849,https://www.misharp.co.kr/product/detail.html?product_no=28849,블루밍 오가닉 살안타 셔츠 / 사이즈별,블라우스/셔츠,셔츠,39600,,오버핏;세미루즈;민소매핏,55-88,어깨좁음,뱃살커버;허리라인보정,데일리;오피스룩,여름;겨울,기본,민소매,화이트,4050,데님,【면과 린넨만으로 고급진 쾌적함】,41,57,circumference,45,57.5,,,,,text,"[{""어깨단면"": ""41""}, {""암홀둘레"": ""45""}, {""소매길이"": ""57.5""}, {""가슴둘레"": ""114""}]"
28844,https://www.misharp.co.kr/product/detail.html?product_no=28844,쿨 모먼트 자켓 블라우스,아우터,자켓,38500,,정핏;벌룬소매,55-77,어깨좁음;팔뚝통통;하체통통,팔뚝커버;허리라인보정,데일리,여름;겨울,크롭,긴팔,,4050,슬랙스;데님,"미샵 - 쿨 모먼트 자켓 블라우스 (2 color) 쿨 모먼트 자켓 블라우스 (2 color) (해외배송 가능상품) ( 건) 쿨 모먼트 자켓 블라우스 (2 color) 38,500원 380원 (1%) 재입고 알림 SMS 상품 옵션 컬러 - [필수] 옵션을 선택해 주세요 - ------------------- 블루 차콜 옵션선택 상품 목록 상품명 상품수 가격 쿨 모먼트 자켓 블라우스 (2 co",45,54,circumference,48,35,,,,,text,"[{""어깨단면"": ""45""}, {""암홀둘레"": ""48""}, {""소매길이"": ""35""}, {""가슴둘레"": ""108""}]"
28833,https://www.misharp.co.kr/product/detail.html?product_no=28833,페이퍼 셔링 볼륨 크롭 셔츠,블라우스/셔츠,셔츠,62800,코튼40% 나일론,,55-77,어깨좁음;복부체형;하체통통,뱃살커버;허리라인보정,데일리;오피스룩,겨울,크롭,긴팔,화이트;아이보리,4050,슬랙스;데님;스커트,【가장 섬세한 코튼의 쾌적함】,50,60,circumference,52,53.5,,,,,text,"[{""어깨단면"": ""50""}, {""암홀둘레"": ""52""}, {""소매길이"": ""53.5""}, {""가슴둘레"": ""120""}]"
28832,https://www.misharp.co.kr/product/detail.html?product_no=28832,리프레시 시어서커 7부 카라 셔츠,블라우스/셔츠,셔츠,69500,폴리에스터 100%의 고급 시어서커 원단으로 여름철 최고의 쾌적함을 선사합니다,,55-77,어깨좁음;팔뚝통통;하체통통,팔뚝커버;뱃살커버;허리라인보정,클래식;데일리;오피스룩,여름;겨울,롱,7부소매,화이트;아이보리;카키,4050,슬랙스;데님;스커트,【국내생산 / 코튼 40% 시어서커】,40,51.5,circumference,48,38,,,,,text,"[{""어깨단면"": ""40""}, {""암홀둘레"": ""48""}, {""소매길이"": ""38""}, {""가슴둘레"": ""103""}]"
26520,https://www.misharp.co.kr/product/detail.html?product_no=26520,N. 슬로우 쾌적 롤업 블라우스,블라우스/셔츠,블라우스,37500,레이온100% 원단이라면 구김에 취약하지만 폴리가 적절히 혼용된 원단으로 구김이나 비침에서 자유롭습니다 / 레이온55% 폴리 혼용 원단입니다,,55-77,어깨좁음,뱃살커버;허리라인보정,클래식;데일리,여름,기본,긴팔,아이보리;베이지,4050,데님,★ SS 제작 상의 68 ★,,56.5,circumference,,27,,,,,text,"[{""소매길이"": ""27""}, {""가슴둘레"": ""113""}]"
26417,https://www.misharp.co.kr/product/detail.html?product_no=26417,클로저 경량 7부 셔츠 자켓,아우터,자켓,63000,나일론97% 스판3% 혼용 소재입니다 / 스판3% 혼용 소재입니다,,55-77,어깨좁음,,클래식;데일리;오피스룩,여름;겨울,기본,7부소매,블랙,4050,데님,"미샵 - 클로저 경량 7부 셔츠 자켓 (3 color) 클로저 경량 7부 셔츠 자켓 (3 color) (해외배송 가능상품) ( 건) 클로저 경량 7부 셔츠 자켓 (3 color) 78,800원 63,000원 남은시간 886일 09:47:07 (15,800원 할인) 2022-08-24 00:00 ~ 2028-12-31 23:55 630원 (1%) 재입고 알림 SMS 상품 옵션 컬러 - [필수]",46.5,57,circumference,44,31,,,,,text,"[{""어깨단면"": ""46.5""}, {""암홀둘레"": ""44""}, {""소매길이"": ""31""}, {""가슴둘레"": ""114""}]"
27640,https://www.misharp.co.kr/product/detail.html?product_no=27640,츄츄 블랙 도트 프릴 블라우스,블라우스/셔츠,블라우스,38000,폴리에스터98% / 스판2% 혼용 소재입니다,정핏,55-66반,어깨좁음,,페미닌;데일리,여름,롱,긴팔,블랙;아이보리,4050,데님;스커트,"미샵 - 츄츄 블랙 도트 프릴 블라우스 (1 color) 츄츄 블랙 도트 프릴 블라우스 (1 color) (해외배송 가능상품) ( 건) 츄츄 블랙 도트 프릴 블라우스 (1 color) 47,500원 38,000원 남은시간 886일 09:47:05 (9,500원 할인) 2022-08-24 00:00 ~ 2028-12-31 23:55 380원 (1%) 재입고 알림 SMS 상품 옵션 옵션선택 상품",36,47,circumference,48,19.5,,,,,text,"[{""어깨단면"": ""36""}, {""암홀둘레"": ""48""}, {""소매길이"": ""19.5""}, {""가슴둘레"": ""94""}]"
26269,https://www.misharp.co.kr/product/detail.html?product_no=26269,멜로 라운드 반팔 블라우스,블라우스/셔츠,블라우스,31500,,루즈핏,55-77,어깨좁음;하체통통,뱃살커버;힙커버;허리라인보정,클래식;데일리;오피스룩,여름;겨울,기본,반팔,블랙;화이트;아이보리;네이비,4050,슬랙스;데님,"★ SS제작 상의 63 ★ 2,000장 판매완료",38,61,circumference,48,36,,,,,text,"[{""어깨단면"": ""38""}, {""암홀둘레"": ""48""}, {""소매길이"": ""36""}, {""가슴둘레"": ""122""}]"
26614,https://www.misharp.co.kr/product/detail.html?product_no=26614,티얼 블라우스,블라우스/셔츠,블라우스,37200,레이온59% 나일론41% 혼용 소재입니다 / 나일론41% 혼용 소재입니다,,55-77,어깨좁음,,데일리,여름,기본,긴팔,아이보리,4050,슬랙스;데님;스커트,"미샵 - 티얼 블라우스 (3 color) 티얼 블라우스 (3 color) (해외배송 가능상품) ( 건) 티얼 블라우스 (3 color) 46,500원 37,200원 남은시간 886일 09:47:02 (9,300원 할인) 2022-08-24 00:00 ~ 2028-12-31 23:55 370원 (1%) 재입고 알림 SMS 상품 옵션 컬러 - [필수] 옵션을 선택해 주세요 - ----------",49,58,circumference,43,16,,,,,text,"[{""어깨단면"": ""49""}, {""암홀둘레"": ""43""}, {""소매길이"": ""16""}, {""가슴둘레"": ""116""}]"
28776,https://www.misharp.co.kr/product/detail.html?product_no=28776,퓨어 코튼 자수 벌룬 블라우스,블라우스/셔츠,블라우스,36640,코튼 100%소재가 흐트러짐 없는 핏을 잡아주어 하나만 입어도 차려입은 듯한 느낌을 줍니다,루즈핏;세미루즈;퍼프소매;벌룬소매,55-77,어깨좁음;팔뚝통통,팔뚝커버;허리라인보정,페미닌;데일리;오피스룩,겨울,기본,퍼프소매,블랙;아이보리,4050,슬랙스;데님;스커트,"미샵 - 퓨어 코튼 자수 벌룬 블라우스 (2 color) 퓨어 코튼 자수 벌룬 블라우스 (2 color) (해외배송 가능상품) ( 건) 퓨어 코튼 자수 벌룬 블라우스 (2 color) 45,800원 36,640원 남은시간 1250일 21:52:01 (9,160원 할인) 2024-11-26 12:00 ~ 2029-12-31 12:00 360원 (1%) 재입고 알림 SMS 상품 옵션 컬러 - [",34,55,circumference,59,47.5,,,,,text,"[{""어깨단면"": ""34""}, {""암홀둘레"": ""59""}, {""소매길이"": ""47.5""}, {""가슴둘레"": ""110""}]"
27874,https://www.misharp.co.kr/product/detail.html?product_no=27874,로제 블룸 모달 블라우스,블라우스/셔츠,블라우스,49500,폴리에스터4% 혼용 소재로 매우 가볍고 시어한 결을 자랑합니다 / 나일론17% 폴리에스터4% 혼용 소재로 매우 가볍고 시어한 결을 자랑합니다,,55-77,어깨좁음,,페미닌;데일리,봄;여름;가을,기본,긴팔,블랙;아이보리,4050,슬랙스;데님;스커트,"【모달79/셔츠룩,아우터룩】",,60,circumference,,56.5,,,,,text,"[{""소매길이"": ""56.5""}, {""가슴둘레"": ""120""}]"
27684,https://www.misharp.co.kr/product/detail.html?product_no=27684,경량 페이퍼 후드 셔츠 자켓,아우터,자켓,48160,나일론95% 스판5% 혼용 원단입니다 / 스판5% 혼용 원단입니다,민소매핏,55-77,어깨좁음;하체통통,허리라인보정,페미닌;데일리;오피스룩,여름,기본,민소매,화이트;네이비,4050,슬랙스;데님;스커트,【80수의 섬세하게 얇고 가벼운 질감】,,59,circumference,,35,,,,,text,"[{""소매길이"": ""35""}, {""가슴둘레"": ""118""}]"
28760,https://www.misharp.co.kr/product/detail.html?product_no=28760,포레스트 아크 아사 셔츠,블라우스/셔츠,셔츠,29900,,정핏,55-77,어깨좁음;팔뚝통통;하체통통,팔뚝커버,클래식;데일리,여름;겨울,기본,긴팔,화이트;베이지,4050,슬랙스;데님,【엄마 선물 특집 아이템】,36.5,56,circumference,55,44,,,,,text,"[{""어깨단면"": ""36.5""}, {""암홀둘레"": ""55""}, {""소매길이"": ""44""}, {""가슴둘레"": ""112""}]"
28732,https://www.misharp.co.kr/product/detail.html?product_no=28732,비율 완성 크롭 캔버스 셔츠,블라우스/셔츠,셔츠,34800,코튼100% 소재입니다,,55-77,어깨좁음;하체통통,허리라인보정,데일리;오피스룩,겨울,크롭,긴팔,화이트;아이보리;네이비,4050,슬랙스;데님;스커트,"미샵 - 비율 완성 크롭 캔버스 셔츠 (2 color) 비율 완성 크롭 캔버스 셔츠 (2 color) (해외배송 가능상품) ( 건) 비율 완성 크롭 캔버스 셔츠 (2 color) 34,800원 340원 (1%) 재입고 알림 SMS 상품 옵션 컬러 - [필수] 옵션을 선택해 주세요 - ------------------- 아이보리 네이비 옵션선택 상품 목록 상품명 상품수 가격 비율 완성 크롭 캔",49,57,circumference,46,56,,,,,text,"[{""어깨단면"": ""49""}, {""암홀둘레"": ""46""}, {""소매길이"": ""56""}, {""가슴둘레"": ""114""}]"
28718,https://www.misharp.co.kr/product/detail.html?product_no=28718,소피아 프릴 브이넥 블라우스,블라우스/셔츠,블라우스,52640,면 100% 소재로 자연스러운 촉감을 주며 엠보 자수의 스트라이프 패턴이 쾌적한 착용감을 제공합니다 / 코튼100% 소재입니다,,55-77,어깨좁음,허리라인보정,페미닌;데일리;오피스룩;모임룩,겨울,기본,긴팔,블랙;화이트;그레이,4050,데님,"미샵 - 소피아 프릴 브이넥 블라우스 (3 color) 소피아 프릴 브이넥 블라우스 (3 color) (해외배송 가능상품) ( 건) 소피아 프릴 브이넥 블라우스 (3 color) 65,800원 52,640원 남은시간 1250일 21:51:53 (13,160원 할인) 2024-11-26 12:00 ~ 2029-12-31 12:00 520원 (1%) 재입고 알림 SMS 상품 옵션 컬러 - [필수",40,52,circumference,47,64.5,,,,,text,"[{""어깨단면"": ""40""}, {""암홀둘레"": ""47""}, {""소매길이"": ""64.5""}, {""가슴둘레"": ""104""}]"
28689,https://www.misharp.co.kr/product/detail.html?product_no=28689,디어 루즈핏 코튼 셔츠,블라우스/셔츠,셔츠,48500,면100% 소재를 사용하여,루즈핏;세미루즈,55-77,어깨좁음;하체통통,힙커버,데일리;오피스룩,겨울,기본,긴팔,아이보리;핑크;네이비,4050,데님,【국내공정 / 고밀도 워싱 코튼】,40,63,circumference,48,54,,,,,text,"[{""어깨단면"": ""40""}, {""암홀둘레"": ""48""}, {""소매길이"": ""54""}, {""가슴둘레"": ""126""}]"
28685,https://www.misharp.co.kr/product/detail.html?product_no=28685,플레인 코튼 백버튼 셔츠,블라우스/셔츠,셔츠,54800,,,55-77,어깨좁음;하체통통,힙커버,페미닌;데일리;오피스룩,겨울,기본,긴팔,아이보리,4050,데님,【세밀한 원사의 고밀도 코튼】,45,54,circumference,43,57,,,,,text,"[{""어깨단면"": ""45""}, {""암홀둘레"": ""43""}, {""소매길이"": ""57""}, {""가슴둘레"": ""108""}]"
28653,https://www.misharp.co.kr/product/detail.html?product_no=28653,논페이드 클래식 데님 셔츠 / 사이즈별,팬츠,데님,29800,코튼 100% 원단으로 부드럽고 매끄러운 촉감이 특징입니다 / 코튼 100% 원단으로 제작되어 부드럽고 매끄러운 촉감을 느낄 수 있습니다,슬림핏;세미루즈,55-77,어깨좁음,,클래식;데일리,봄;여름;가을,기본,없음,,4050,슬랙스;데님,【온가족 3사이즈 / 4컬러】,47,57,circumference,49,57.5,,,,,text,"[{""어깨단면"": ""47""}, {""암홀둘레"": ""49""}, {""소매길이"": ""57.5""}, {""가슴둘레"": ""114""}]"
28642,https://www.misharp.co.kr/product/detail.html?product_no=28642,글램 뒷셔링 모노 셔츠,블라우스/셔츠,셔츠,53500,면 100% 원단으로 피부에 부담 없이 착용 가능합니다,드롭숄더,55-88,어깨좁음;하체통통,뱃살커버;힙커버,데일리;오피스룩,봄;여름;가을,기본,드롭숄더,블랙;아이보리,4050,슬랙스;데님,"미샵 - 글램 뒷셔링 모노 셔츠 (2 color) 글램 뒷셔링 모노 셔츠 (2 color) (해외배송 가능상품) ( 건) 글램 뒷셔링 모노 셔츠 (2 color) 53,500원 530원 (1%) 재입고 알림 SMS 상품 옵션 컬러 - [필수] 옵션을 선택해 주세요 - ------------------- 블랙 옵션선택 상품 목록 상품명 상품수 가격 글램 뒷셔링 모노 셔츠 (2 color) 수량",70,79,circumference,46,43,23,69,,,text,"[{""어깨단면"": ""70""}, {""암홀둘레"": ""46""}, {""소매길이"": ""43""}, {""소매둘레"": ""23""}, {""총장"": ""69""}, {""가슴둘레"": ""158""}]"
28644,https://www.misharp.co.kr/product/detail.html?product_no=28644,비비안 브이넥 타이 블라우스,블라우스/셔츠,블라우스,52640,,슬림핏;벌룬소매,55-77,어깨좁음,뱃살커버;허리라인보정,페미닌;데일리;오피스룩;모임룩,겨울,기본,긴팔,아이보리,4050,슬랙스;데님;스커트,"미샵 - 비비안 브이넥 타이 블라우스 (3 color) 비비안 브이넥 타이 블라우스 (3 color) (해외배송 가능상품) ( 건) 비비안 브이넥 타이 블라우스 (3 color) 65,800원 52,640원 남은시간 1250일 21:51:45 (13,160원 할인) 2024-11-26 12:00 ~ 2029-12-31 12:00 520원 (1%) 재입고 알림 SMS 상품 옵션 컬러 - [필수",37,53,circumference,53,62.5,22,63.5,,,text,"[{""어깨단면"": ""37""}, {""암홀둘레"": ""53""}, {""소매길이"": ""62.5""}, {""소매둘레"": ""22""}, {""총장"": ""63.5""}, {""가슴둘레"": ""106""}]"
27990,https://www.misharp.co.kr/product/detail.html?product_no=27990,(기획) 클래식 옥스포드 세미 크롭 셔츠,블라우스/셔츠,셔츠,24800,코튼70% 폴리에스터30% 혼용 소재입니다 / 폴리에스터30% 혼용 소재입니다,세미루즈,55-77,어깨좁음;하체통통,,클래식;데일리,,크롭,긴팔,아이보리;네이비,4050,데님;니트,"미샵 - (기획) 클래식 옥스포드 세미 크롭 셔츠 (3 color) (기획) 클래식 옥스포드 세미 크롭 셔츠 (3 color) (해외배송 가능상품) ( 건) (기획) 클래식 옥스포드 세미 크롭 셔츠 (3 color) 24,800원 240원 (1%) 재입고 알림 SMS 상품 옵션 컬러 - [필수] 옵션을 선택해 주세요 - ------------------- 아이보리 옵션선택 상품 목록 상품명",47,56.5,circumference,52,54,,,,,text,"[{""어깨단면"": ""47""}, {""암홀둘레"": ""52""}, {""소매길이"": ""54""}, {""가슴둘레"": ""113""}]"
27419,https://www.misharp.co.kr/product/detail.html?product_no=27419,워크 소프트 긴팔 데님 셔츠,팬츠,데님,43500,코튼100% 데님 소재입니다,루즈핏,55-77,어깨좁음;하체통통,힙커버,클래식;데일리,봄;가을;겨울,기본,없음,화이트,4050,데님,"미샵 - 워크 소프트 긴팔 데님 셔츠 (2 color) 워크 소프트 긴팔 데님 셔츠 (2 color) (해외배송 가능상품) ( 건) 워크 소프트 긴팔 데님 셔츠 (2 color) 43,500원 430원 (1%) 재입고 알림 SMS 상품 옵션 컬러 - [필수] 옵션을 선택해 주세요 - ------------------- 연청 옵션선택 상품 목록 상품명 상품수 가격 워크 소프트 긴팔 데님 셔츠",55,55,circumference,44,52,,,,,text,"[{""어깨단면"": ""55""}, {""암홀둘레"": ""44""}, {""소매길이"": ""52""}, {""가슴둘레"": ""110""}]"
25422,https://www.misharp.co.kr/product/detail.html?product_no=25422,루노 데님 셔츠 자켓,아우터,자켓,45500,코튼100% 데님 원단입니다,오버핏,55-77,어깨좁음,,데일리,봄;여름;가을,기본,긴팔,,4050,데님;원피스,"미샵 - 루노 데님 셔츠 자켓 (1 color) 루노 데님 셔츠 자켓 (1 color) (해외배송 가능상품) ( 건) 루노 데님 셔츠 자켓 (1 color) 45,500원 450원 (1%) 재입고 알림 SMS 상품 옵션 옵션선택 상품 목록 상품명 상품수 가격 루노 데님 셔츠 자켓 (1 color) 수량증가 수량감소 45500 ( 450 ) 옵션 정보 바로구매 예약주문 SOLD OUT 루노 데",53,64,circumference,44,53,,,,,text,"[{""어깨단면"": ""53""}, {""암홀둘레"": ""44""}, {""소매길이"": ""53""}, {""가슴둘레"": ""128""}]"
27319,https://www.misharp.co.kr/product/detail.html?product_no=27319,(기획) 오리지널 오버핏 코튼 셔츠,블라우스/셔츠,셔츠,24500,코튼100% 소재이며,오버핏,55-77,어깨좁음;하체통통,힙커버,클래식;데일리,봄,기본,긴팔,블랙;화이트;베이지;핑크;네이비;소라,4050,슬랙스;데님,【국내생산/미샵만의 기획가】,45.5,55.2,circumference,47,56.5,,,,,text,"[{""어깨단면"": ""45.5""}, {""암홀둘레"": ""47""}, {""소매길이"": ""56.5""}, {""가슴둘레"": ""110.5""}]"
27354,https://www.misharp.co.kr/product/detail.html?product_no=27354,멜리 타이 블라우스,블라우스/셔츠,블라우스,50800,폴리에스터21% 혼용 소재입니다 / 레이온79% 폴리에스터21% 혼용 소재입니다,,55-77,어깨좁음,뱃살커버,페미닌;데일리,봄;여름;가을,기본,긴팔,아이보리;베이지,4050,데님;니트,"미샵 - 멜리 타이 블라우스 (2 color) 멜리 타이 블라우스 (2 color) (해외배송 가능상품) ( 건) 멜리 타이 블라우스 (2 color) 63,500원 50,800원 남은시간 1250일 21:51:37 (12,700원 할인) 2024-11-26 12:00 ~ 2029-12-31 12:00 500원 (1%) 재입고 알림 SMS 상품 옵션 컬러 - [필수] 옵션을 선택해 주세요 -",36,50,circumference,48,61.5,,,,,text,"[{""어깨단면"": ""36""}, {""암홀둘레"": ""48""}, {""소매길이"": ""61.5""}, {""가슴둘레"": ""100""}]"
28570,https://www.misharp.co.kr/product/detail.html?product_no=28570,60수 고밀도 고인찌 포인트 셔츠,블라우스/셔츠,셔츠,39840,면 100% 원단을 사용했습니다,세미루즈,55-77,어깨좁음,뱃살커버;허리라인보정,데일리;오피스룩,,기본,긴팔,화이트;네이비,4050,슬랙스;데님;스커트,"미샵 - 60수 고밀도 고인찌 포인트 셔츠 (3 color) 60수 고밀도 고인찌 포인트 셔츠 (3 color) (해외배송 가능상품) ( 건) 60수 고밀도 고인찌 포인트 셔츠 (3 color) 49,800원 39,840원 남은시간 1250일 21:51:36 (9,960원 할인) 2024-11-26 12:00 ~ 2029-12-31 12:00 390원 (1%) 재입고 알림 SMS 상품 옵션",45,58,circumference,46,56,,,,,text,"[{""어깨단면"": ""45""}, {""암홀둘레"": ""46""}, {""소매길이"": ""56""}, {""가슴둘레"": ""116""}]"
27228,https://www.misharp.co.kr/product/detail.html?product_no=27228,브린 슬림핏 셔츠,블라우스/셔츠,셔츠,31840,코튼100% / 코튼100%로 밀도감이 느껴지며 매트하지만 손에 닿는 촉감은 부드럽습니다 / 코튼100% 소재로 매트하지만 실키한 감촉이 느껴집니다,루즈핏;슬림핏,55-66반,어깨좁음;복부체형,뱃살커버;허리라인보정,클래식;페미닌;데일리;오피스룩,,기본,긴팔,블랙,4050,슬랙스;데님;니트,【스판력있어 더 맵시감좋은 핏】,40.5,50,circumference,44,58,,,,,text,"[{""어깨단면"": ""40.5""}, {""암홀둘레"": ""44""}, {""소매길이"": ""58""}, {""가슴둘레"": ""100""}]"
27308,https://www.misharp.co.kr/product/detail.html?product_no=27308,(기획) 모던 셔츠 니트 조끼 세트,니트/가디건,니트,34500,코튼80% 폴리에스터20% 혼용 소재입니다 / 폴리에스터20% 혼용 소재입니다 / 폴리에스터80% 아크릴20% 혼용 소재입니다,,55-66반,어깨좁음;하체통통,,클래식;페미닌;데일리,,기본,긴팔,네이비,4050,슬랙스;데님;스커트;니트,【세트기획가/셔츠+조끼/국내생산】,41.5,51.5,circumference,50,55.5,,,,,text,"[{""어깨단면"": ""41.5""}, {""암홀둘레"": ""50""}, {""소매길이"": ""55.5""}, {""가슴둘레"": ""103""}]"
26769,https://www.misharp.co.kr/product/detail.html?product_no=26769,소프트 에코 레더 셔츠 자켓,아우터,자켓,54800,,오버핏,55-77,어깨좁음,,데일리,봄,기본,긴팔,블랙;베이지,4050,데님;원피스,"미샵 - 소프트 에코 레더 셔츠 자켓 (2 color) 소프트 에코 레더 셔츠 자켓 (2 color) (해외배송 가능상품) ( 건) 소프트 에코 레더 셔츠 자켓 (2 color) 68,500원 54,800원 남은시간 1250일 21:51:31 (13,700원 할인) 2024-11-26 12:00 ~ 2029-12-31 12:00 540원 (1%) 재입고 알림 SMS 상품 옵션 컬러 - [필수",55,70,circumference,56,52.5,,,,,text,"[{""어깨단면"": ""55""}, {""암홀둘레"": ""56""}, {""소매길이"": ""52.5""}, {""가슴둘레"": ""140""}]"
26863,https://www.misharp.co.kr/product/detail.html?product_no=26863,뮤어 셔츠 믹스 니트,니트/가디건,니트,34900,,정핏,55-77,어깨좁음;하체통통,,데일리,,기본,긴팔,화이트;베이지,4050,슬랙스;데님;니트,【화이트셔츠와 니트가 하나로】,49,50,circumference,36,55,,,,,text,"[{""어깨단면"": ""49""}, {""암홀둘레"": ""36""}, {""소매길이"": ""55""}, {""가슴둘레"": ""100""}]"
27403,https://www.misharp.co.kr/product/detail.html?product_no=27403,뷔스티에 블라우스 셔츠,블라우스/셔츠,블라우스,36400,폴리에스터95% 스판5% 혼용 소재입니다 / 스판5% 혼용 소재입니다,,55-77,어깨좁음;하체통통,뱃살커버,데일리;오피스룩,,기본,긴팔,아이보리,4050,데님;스커트,"미샵 - 뷔스티에 블라우스 셔츠 (3 color) 뷔스티에 블라우스 셔츠 (3 color) (해외배송 가능상품) ( 건) 뷔스티에 블라우스 셔츠 (3 color) 45,500원 36,400원 남은시간 1250일 21:51:28 (9,100원 할인) 2024-11-26 12:00 ~ 2029-12-31 12:00 360원 (1%) 재입고 알림 SMS 상품 옵션 컬러 - [필수] 옵션을 선택해",39,49,circumference,45,59.5,,,,,text,"[{""어깨단면"": ""39""}, {""암홀둘레"": ""45""}, {""소매길이"": ""59.5""}, {""가슴둘레"": ""98""}]"
28245,https://www.misharp.co.kr/product/detail.html?product_no=28245,뉴트럴 피치 루즈핏 셔츠,블라우스/셔츠,셔츠,23840,,오버핏;루즈핏,55-77,어깨좁음,,데일리,겨울,기본,긴팔,아이보리,4050,슬랙스;데님;스커트,【따스하고 보드라운 피치코튼】,52,61,circumference,46,56,,,,,text,"[{""어깨단면"": ""52""}, {""암홀둘레"": ""46""}, {""소매길이"": ""56""}, {""가슴둘레"": ""122""}]"
28472,https://www.misharp.co.kr/product/detail.html?product_no=28472,텐더 체크 셔츠_1,블라우스/셔츠,셔츠,20640,,루즈핏,55-77,어깨좁음;하체통통,힙커버,데일리,,기본,긴팔,블랙,4050,데님;니트,【남녀노소 불문한 온가족 체크 셔츠】,56.5,66.5,circumference,52,114,,,,,text,"[{""어깨단면"": ""56.5""}, {""암홀둘레"": ""52""}, {""소매길이"": ""114""}, {""가슴둘레"": ""133""}]"
24744,https://www.misharp.co.kr/product/detail.html?product_no=24744,플리츠 스카프 블라우스,블라우스/셔츠,블라우스,31600,폴리에스터 100% 소재로 매끄럽고 가벼운 촉감이 느껴집니다,세미루즈;정핏,66반-77,어깨좁음;복부체형,뱃살커버;허리라인보정,클래식;페미닌;데일리;오피스룩,봄;여름;가을,기본,긴팔,블랙;화이트;그레이,4050,슬랙스;데님;니트,"미샵 - 플리츠 스카프 블라우스 (3 color) 플리츠 스카프 블라우스 (3 color) (해외배송 가능상품) ( 건) 플리츠 스카프 블라우스 (3 color) 39,500원 31,600원 남은시간 1250일 21:51:24 (7,900원 할인) 2024-11-26 12:00 ~ 2029-12-31 12:00 310원 (1%) 재입고 알림 SMS 상품 옵션 컬러 - [필수] 옵션을 선택해",35,51.5,circumference,49,59,,,,,text,"[{""어깨단면"": ""35""}, {""암홀둘레"": ""49""}, {""소매길이"": ""59""}, {""가슴둘레"": ""103""}]"
28227,https://www.misharp.co.kr/product/detail.html?product_no=28227,모카 무드 체크 셔츠,블라우스/셔츠,셔츠,29800,코튼100% 소재입니다,세미루즈,55-77,어깨좁음,,데일리,봄;가을;겨울,기본,긴팔,브라운,4050,슬랙스;데님;니트,"미샵 - 모카 무드 체크 셔츠 (2 color) 모카 무드 체크 셔츠 (2 color) (해외배송 가능상품) ( 건) 모카 무드 체크 셔츠 (2 color) 42,500원 29,800원 남은시간 1250일 21:51:23 (12,700원 할인) 2017-01-12 00:00 ~ 2029-12-31 12:00 290원 (1%) 재입고 알림 SMS 상품 옵션 컬러 - [필수] 옵션을 선택해 주세",45,61.5,circumference,50,55,,,,,text,"[{""어깨단면"": ""45""}, {""암홀둘레"": ""50""}, {""소매길이"": ""55""}, {""가슴둘레"": ""123""}]"
28231,https://www.misharp.co.kr/product/detail.html?product_no=28231,베르 드레이프 네크라인 블라우스,블라우스/셔츠,블라우스,32100,폴리에스터20% 혼용 소재입니다 / 레이온80% 폴리에스터20% 혼용 소재입니다,,55-66반,어깨좁음;복부체형;하체통통,허리라인보정,데일리,봄;가을;겨울,롱,긴팔,,4050,슬랙스;데님;스커트,"미샵 - 베르 드레이프 네크라인 블라우스 (3 color) 베르 드레이프 네크라인 블라우스 (3 color) (해외배송 가능상품) ( 건) 베르 드레이프 네크라인 블라우스 (3 color) 45,800원 32,100원 남은시간 1250일 21:51:21 (13,700원 할인) 2017-02-03 00:00 ~ 2029-12-31 12:00 320원 (1%) 재입고 알림 SMS 상품 옵션 컬러",41,52,circumference,48,58,,,,,text,"[{""어깨단면"": ""41""}, {""암홀둘레"": ""48""}, {""소매길이"": ""58""}, {""가슴둘레"": ""104""}]"
28072,https://www.misharp.co.kr/product/detail.html?product_no=28072,더블 거즈 레글런 블라우스,블라우스/셔츠,블라우스,41700,면100%의 더블거즈 코튼 소재입니다,세미루즈;레글런핏,55-77,어깨좁음,팔뚝커버;허리라인보정,페미닌;데일리,,기본,레글런소매,베이지;브라운,4050,데님,【포근한 입체가공의 코튼100】,,62,circumference,,67,,,,,text,"[{""소매길이"": ""67""}, {""가슴둘레"": ""124""}]"
28075,https://www.misharp.co.kr/product/detail.html?product_no=28075,로나 반오픈 클래식 셔츠 블라우스,블라우스/셔츠,블라우스,42240,코튼65% 나일론35% 혼용 소재입니다 / 나일론35% 혼용 소재입니다,세미루즈,55-77,어깨좁음;하체통통,허리라인보정,클래식;페미닌;데일리,여름;겨울,기본,긴팔,블랙;화이트,4050,데님,"미샵 - 로나 반오픈 클래식 셔츠 블라우스 (2 color) 로나 반오픈 클래식 셔츠 블라우스 (2 color) (해외배송 가능상품) ( 건) 로나 반오픈 클래식 셔츠 블라우스 (2 color) 52,800원 42,240원 남은시간 1250일 21:51:18 (10,560원 할인) 2024-11-26 12:00 ~ 2029-12-31 12:00 420원 (1%) 재입고 알림 SMS 상품 옵션",48,61,circumference,52,57.5,,,,,text,"[{""어깨단면"": ""48""}, {""암홀둘레"": ""52""}, {""소매길이"": ""57.5""}, {""가슴둘레"": ""122""}]"
27962,https://www.misharp.co.kr/product/detail.html?product_no=27962,요조 핀턱 긴팔 블라우스,블라우스/셔츠,블라우스,42000,코튼30% 폴리에스터70% 혼용 소재입니다 / 폴리에스터70% 혼용 소재입니다,세미루즈,55-66반,어깨좁음;하체통통,뱃살커버;허리라인보정,클래식;데일리,,기본,긴팔,네이비,4050,슬랙스;데님,"미샵 - 요조 핀턱 긴팔 블라우스 (2 color) 요조 핀턱 긴팔 블라우스 (2 color) (해외배송 가능상품) ( 건) 요조 핀턱 긴팔 블라우스 (2 color) 52,500원 42,000원 남은시간 1250일 21:51:16 (10,500원 할인) 2024-11-26 12:00 ~ 2029-12-31 12:00 420원 (1%) 재입고 알림 SMS 상품 옵션 컬러 - [필수] 옵션을",39,46,circumference,46,61,,,,,text,"[{""어깨단면"": ""39""}, {""암홀둘레"": ""46""}, {""소매길이"": ""61""}, {""가슴둘레"": ""92""}]"
26151,https://www.misharp.co.kr/product/detail.html?product_no=26151,로엔 프릴 블라우스,블라우스/셔츠,블라우스,24400,,,55-66반,어깨좁음,허리라인보정,클래식;페미닌;데일리;오피스룩,봄;가을;간절기,기본,긴팔,화이트,4050,슬랙스;데님;스커트;니트,"미샵 - 로엔 프릴 블라우스 (2 color) 로엔 프릴 블라우스 (2 color) (해외배송 가능상품) ( 건) 로엔 프릴 블라우스 (2 color) 34,800원 24,400원 남은시간 1250일 21:51:15 (10,400원 할인) 2017-02-03 00:00 ~ 2029-12-31 12:00 240원 (1%) 재입고 알림 SMS 상품 옵션 컬러 - [필수] 옵션을 선택해 주세요 -",34,48.5,circumference,47,61,,,,,text,"[{""어깨단면"": ""34""}, {""암홀둘레"": ""47""}, {""소매길이"": ""61""}, {""가슴둘레"": ""97""}]"
27500,https://www.misharp.co.kr/product/detail.html?product_no=27500,루어 레이온 셔츠 팬츠 세트,팬츠,팬츠,37200,레이온85% 나일론15% 혼용 소재입니다 / 나일론15% 혼용 소재입니다,와이드핏;루즈핏,55-77,어깨좁음;복부체형;하체통통,뱃살커버;힙커버,데일리,,기본,없음,베이지,4050,데님,【상하 별도 스타일링으로도 좋아요】,54,59.5,circumference,53,45,,,,,text,"[{""어깨단면"": ""54""}, {""암홀둘레"": ""53""}, {""소매길이"": ""45""}, {""가슴둘레"": ""119""}]"
26215,https://www.misharp.co.kr/product/detail.html?product_no=26215,스판 스트라이프 레귤러 셔츠,블라우스/셔츠,셔츠,27840,코튼60% 나일론35% 스판5% 혼용의 소재로 형태감이 깨끗하며 / 코튼60% 나일론 / 나일론35% 스판5% 혼용의 소재로 형태감이 깨끗하며 / 스판5% 혼용의 뛰어난 텐션으로 움직임이 아주 편안합니다,정핏,55-66,어깨좁음,허리라인보정,클래식;데일리,,기본,긴팔,블랙,4050,데님,"미샵 - 스판 스트라이프 레귤러 셔츠 (2 color) 스판 스트라이프 레귤러 셔츠 (2 color) (해외배송 가능상품) ( 건) 스판 스트라이프 레귤러 셔츠 (2 color) 34,800원 27,840원 남은시간 1250일 21:51:12 (6,960원 할인) 2024-11-26 12:00 ~ 2029-12-31 12:00 270원 (1%) 재입고 알림 SMS 상품 옵션 컬러 - [필수]",37,45,circumference,46,60.5,,,,,text,"[{""어깨단면"": ""37""}, {""암홀둘레"": ""46""}, {""소매길이"": ""60.5""}, {""가슴둘레"": ""90""}]"
27184,https://www.misharp.co.kr/product/detail.html?product_no=27184,바이오 쌍침 루즈핏 셔츠,블라우스/셔츠,셔츠,22800,코튼100% 소재입니다,루즈핏;드롭숄더,55-77,어깨좁음,허리라인보정,데일리,여름,기본,드롭숄더,아이보리,4050,슬랙스;데님;니트,"미샵 - 바이오 쌍침 루즈핏 셔츠 (2 color) 바이오 쌍침 루즈핏 셔츠 (2 color) (해외배송 가능상품) ( 건) 바이오 쌍침 루즈핏 셔츠 (2 color) 32,500원 22,800원 남은시간 155일 09:46:11 (9,700원 할인) 2017-02-21 00:00 ~ 2026-12-31 23:55 220원 (1%) 재입고 알림 SMS 상품 옵션 컬러 - [필수] 옵션을 선택",61,67,circumference,46,52,,,,,text,"[{""어깨단면"": ""61""}, {""암홀둘레"": ""46""}, {""소매길이"": ""52""}, {""가슴둘레"": ""134""}]"
28812,https://www.misharp.co.kr/product/detail.html?product_no=28812,2타입 올라운더 에어 텐션 원피스,원피스/스커트,원피스,27500,나일론90% 스판10% 혼용 소재입니다 / 스판10% 혼용 소재입니다,A라인;루즈핏;민소매핏,55-77,어깨좁음;복부체형;하체통통,힙커버;허리라인보정,클래식;데일리;오피스룩,여름;겨울,기본,민소매,블랙,4050,데님;원피스,"【숏,기본 길이별 / '격식'과 '시원함'】",36.5,53,circumference,49,23,,,,,text,"[{""어깨단면"": ""36.5""}, {""암홀둘레"": ""49""}, {""소매길이"": ""23""}, {""가슴둘레"": ""106""}]"
27811,https://www.misharp.co.kr/product/detail.html?product_no=27811,델마 시어 체크 반팔 원피스,원피스/스커트,원피스,35800,,기본라인,55-77,어깨좁음;복부체형;하체통통,힙커버,페미닌;데일리;오피스룩,여름,기본,반팔,블랙;핑크,4050,데님;스커트;원피스,"미샵 - 델마 시어 체크 반팔 원피스 (3 color) 델마 시어 체크 반팔 원피스 (3 color) (해외배송 가능상품) ( 건) 델마 시어 체크 반팔 원피스 (3 color) 35,800원 350원 (1%) 재입고 알림 SMS 상품 옵션 컬러 - [필수] 옵션을 선택해 주세요 - ------------------- 크림 핑크 블랙 옵션선택 상품 목록 상품명 상품수 가격 델마 시어 체크 반",39,52,circumference,49,26,,,,,text,"[{""어깨단면"": ""39""}, {""암홀둘레"": ""49""}, {""소매길이"": ""26""}, {""가슴둘레"": ""104""}]"
26463,https://www.misharp.co.kr/product/detail.html?product_no=26463,딥 블루 체크 브이 반팔 원피스,원피스/스커트,원피스,59800,,기본라인,55-77,어깨좁음;팔뚝통통;복부체형,팔뚝커버;뱃살커버;힙커버;허리라인보정,클래식;데일리,여름;겨울,기본,반팔,블랙;네이비,4050,데님;원피스,"【1,500장 판매 돌파】",36,53,circumference,58,29,,,,,text,"[{""어깨단면"": ""36""}, {""암홀둘레"": ""58""}, {""소매길이"": ""29""}, {""가슴둘레"": ""106""}]"
23996,https://www.misharp.co.kr/product/detail.html?product_no=23996,아렌 쿨 체크 원피스,원피스/스커트,원피스,58500,,A라인,55-77,어깨좁음;복부체형;하체통통,뱃살커버;힙커버;허리라인보정,데일리,여름;겨울,기본,긴팔,블랙,4050,데님;원피스,【인기 블루 컬러 마지막 입고】,34,50,circumference,46,24,,,,,text,"[{""어깨단면"": ""34""}, {""암홀둘레"": ""46""}, {""소매길이"": ""24""}, {""가슴둘레"": ""100""}]"
27635,https://www.misharp.co.kr/product/detail.html?product_no=27635,오션 쿨링 밴딩 원피스,원피스/스커트,원피스,48500,폴리에스터70% 나일론30% 혼용 소재입니다 / 나일론30% 혼용 소재입니다,기본라인,55-66반,어깨좁음;복부체형;하체통통,뱃살커버;힙커버;허리라인보정,데일리;오피스룩,여름,롱,긴팔,네이비,4050,데님;원피스,"미샵 - 오션 쿨링 밴딩 원피스 (2 color) 오션 쿨링 밴딩 원피스 (2 color) (해외배송 가능상품) ( 건) 오션 쿨링 밴딩 원피스 (2 color) 48,500원 480원 (1%) 재입고 알림 SMS 상품 옵션 컬러 - [필수] 옵션을 선택해 주세요 - ------------------- 스카이블루 다크네이비 옵션선택 상품 목록 상품명 상품수 가격 오션 쿨링 밴딩 원피스 (2",34,50,circumference,53,27,,,,,text,"[{""어깨단면"": ""34""}, {""암홀둘레"": ""53""}, {""소매길이"": ""27""}, {""가슴둘레"": ""100""}]"
22726,https://www.misharp.co.kr/product/detail.html?product_no=22726,로렐 원피스,원피스/스커트,원피스,78500,,A라인,55-77,어깨좁음;복부체형;하체통통,힙커버;허리라인보정,데일리;오피스룩,여름;겨울,롱,긴팔,블랙,4050,데님;원피스,"미샵 - 로렐 원피스 (1 color) 로렐 원피스 (1 color) (해외배송 가능상품) ( 건) 로렐 원피스 (1 color) 78,500원 780원 (1%) 재입고 알림 SMS 상품 옵션 옵션선택 상품 목록 상품명 상품수 가격 로렐 원피스 (1 color) 수량증가 수량감소 78500 ( 780 ) 옵션 정보 바로구매 예약주문 SOLD OUT 로렐 원피스 (1 color) 78,500원",37,50,circumference,48,26,,,,,text,"[{""어깨단면"": ""37""}, {""암홀둘레"": ""48""}, {""소매길이"": ""26""}, {""가슴둘레"": ""100""}]"
27715,https://www.misharp.co.kr/product/detail.html?product_no=27715,몰티즈 쿨링 잠옷 홈웨어 원피스,원피스/스커트,원피스,18500,폴리에스터95% 스판5% 혼용 소재입니다 / 스판5% 혼용 소재입니다,슬림핏,55-88,어깨좁음;복부체형;하체통통,힙커버,데일리,여름,기본,,화이트;네이비,4050,데님;원피스,"미샵 - 몰티즈 쿨링 잠옷 홈웨어 원피스 (3 color) 몰티즈 쿨링 잠옷 홈웨어 원피스 (3 color) (해외배송 가능상품) ( 건) 몰티즈 쿨링 잠옷 홈웨어 원피스 (3 color) 18,500원 180원 (1%) 재입고 알림 SMS 상품 옵션 컬러 - [필수] 옵션을 선택해 주세요 - ------------------- 1화이트 2그린 3네이비 사이즈 - [필수] 옵션을 선택해 주세",37.5,55,circumference,38,,,,,,text,"[{""어깨단면"": ""37.5""}, {""암홀둘레"": ""38""}, {""가슴둘레"": ""110""}]"
27803,https://www.misharp.co.kr/product/detail.html?product_no=27803,클래식 체크 시어서커 원피스,원피스/스커트,원피스,84500,,세미루즈,55-77,어깨좁음;복부체형;하체통통,힙커버;허리라인보정,클래식;데일리;오피스룩,여름;겨울,기본,긴팔,네이비;카키,4050,데님;원피스,【고밀도 코튼 쾌적한 시어서커】,,60.5,circumference,,32,,,,,text,"[{""소매길이"": ""32""}, {""가슴둘레"": ""121""}]"
27730,https://www.misharp.co.kr/product/detail.html?product_no=27730,라이트 카라 반오픈 원피스,원피스/스커트,원피스,45800,나일론100% 소재입니다,기본라인,55-77,어깨좁음;복부체형;하체통통,뱃살커버;힙커버;허리라인보정,클래식;데일리;오피스룩;모임룩,여름,기본,긴팔,베이지;네이비,4050,데님;원피스,"미샵 - 라이트 카라 반오픈 원피스 (2 color) 라이트 카라 반오픈 원피스 (2 color) (해외배송 가능상품) ( 건) 라이트 카라 반오픈 원피스 (2 color) 45,800원 450원 (1%) 재입고 알림 SMS 상품 옵션 컬러 - [필수] 옵션을 선택해 주세요 - ------------------- 베이지 네이비 옵션선택 상품 목록 상품명 상품수 가격 라이트 카라 반오픈 원피스",41,57,circumference,50,26,,,,,text,"[{""어깨단면"": ""41""}, {""암홀둘레"": ""50""}, {""소매길이"": ""26""}, {""가슴둘레"": ""114""}]"
28995,https://www.misharp.co.kr/product/detail.html?product_no=28995,쁘띠 도트 플리츠 플러터 원피스,원피스/스커트,원피스,35500,폴리에스터100%의 쉬폰 소재를 사용하여 찰랑이고 부드러운 실루엣을 연출합니다 / 폴리에스터 100% 원단을 매치하여 비침 걱정 없이 안정적이고 편안하게 착용하실 수 있습니다,슬림핏;세미루즈,55-77,어깨좁음;팔뚝통통;복부체형,팔뚝커버;뱃살커버;허리라인보정,클래식;데일리;오피스룩,겨울,기본,긴팔,블랙,4050,데님;원피스,"미샵 - 쁘띠 도트 플리츠 플러터 원피스 (2 color) 쁘띠 도트 플리츠 플러터 원피스 (2 color) (해외배송 가능상품) ( 건) 쁘띠 도트 플리츠 플러터 원피스 (2 color) 35,500원 350원 (1%) 재입고 알림 SMS 상품 옵션 컬러 - [필수] 옵션을 선택해 주세요 - ------------------- 레드버건디 옵션선택 상품 목록 상품명 상품수 가격 쁘띠 도트 플",38,52,circumference,46,22.5,,,,,text,"[{""어깨단면"": ""38""}, {""암홀둘레"": ""46""}, {""소매길이"": ""22.5""}, {""가슴둘레"": ""104""}]"
29011,https://www.misharp.co.kr/product/detail.html?product_no=29011,세린 슬릿 쿨 레이온 원피스,원피스/스커트,원피스,59500,,A라인;슬림핏,55-77,어깨좁음;복부체형;하체통통,힙커버;허리라인보정,데일리;오피스룩,여름;겨울,기본,긴팔,그레이;카키,4050,데님;원피스,"미샵 - 세린 슬릿 쿨 레이온 원피스 (2 color) 세린 슬릿 쿨 레이온 원피스 (2 color) (해외배송 가능상품) ( 건) 세린 슬릿 쿨 레이온 원피스 (2 color) 59,500원 590원 (1%) 재입고 알림 SMS 상품 옵션 컬러 - [필수] 옵션을 선택해 주세요 - ------------------- 카키그레이 먹색 옵션선택 상품 목록 상품명 상품수 가격 세린 슬릿 쿨 레이",39,55,circumference,50,23.5,,,,,text,"[{""어깨단면"": ""39""}, {""암홀둘레"": ""50""}, {""소매길이"": ""23.5""}, {""가슴둘레"": ""110""}]"
23949,https://www.misharp.co.kr/product/detail.html?product_no=23949,베르디 원피스,원피스/스커트,원피스,83500,,기본라인,55-77,어깨좁음;팔뚝통통;복부체형,팔뚝커버;뱃살커버;힙커버;허리라인보정,데일리;오피스룩,여름,롱,긴팔,블랙;그레이,4050,데님;스커트;원피스,【브랜드 공정과 납품 그대로】,,61,circumference,,25,,,,,text,"[{""소매길이"": ""25""}, {""가슴둘레"": ""122""}]"
29002,https://www.misharp.co.kr/product/detail.html?product_no=29002,내추럴 드레이프 랩 원피스,원피스/스커트,원피스,87500,레이온70% 나일론30% 혼용의 찰랑이고 매끄러운 텍스처 덕분에 피부에 닿았을 때 부드럽고 시원한 청량감을 선사하며 / 나일론30% 혼용의 찰랑이고 매끄러운 텍스처 덕분에 피부에 닿았을 때 부드럽고 시원한 청량감을 선사하며,랩핏;슬림핏,55-77,어깨좁음;복부체형;하체통통,뱃살커버;힙커버;허리라인보정,클래식;데일리;오피스룩,여름;겨울,기본,긴팔,베이지,4050,데님;원피스,"미샵 - 내추럴 드레이프 랩 원피스 (3 color) 내추럴 드레이프 랩 원피스 (3 color) (해외배송 가능상품) ( 건) 내추럴 드레이프 랩 원피스 (3 color) 87,500원 870원 (1%) 재입고 알림 SMS 상품 옵션 컬러 - [필수] 옵션을 선택해 주세요 - ------------------- 크림베이지 스카이 차콜 옵션선택 상품 목록 상품명 상품수 가격 내추럴 드레이프",46,59,circumference,52,22.5,,,,,text,"[{""어깨단면"": ""46""}, {""암홀둘레"": ""52""}, {""소매길이"": ""22.5""}, {""가슴둘레"": ""118""}]"
28993,https://www.misharp.co.kr/product/detail.html?product_no=28993,노멀 입체 포켓 밴딩 스커트,원피스/스커트,스커트,38500,,기본라인,55-66반,복부체형;하체통통,뱃살커버;힙커버;허리라인보정,클래식;데일리,여름;겨울,크롭,없음,블랙;베이지,4050,데님;스커트;니트,"【길이도, 허리밴딩도 완벽 편하게】",,,,,,,,,,,
26476,https://www.misharp.co.kr/product/detail.html?product_no=26476,S. 모드 원피스 블라우스 세트,블라우스/셔츠,블라우스,59500,,민소매핏,55-66반,어깨좁음;복부체형;하체통통,힙커버;허리라인보정,클래식;데일리;오피스룩,여름,기본,민소매,베이지,4050,데님;원피스,"미샵 - S. 모드 원피스 블라우스 세트 (2 color) S. 모드 원피스 블라우스 세트 (2 color) (해외배송 가능상품) ( 건) S. 모드 원피스 블라우스 세트 (2 color) 59,500원 590원 (1%) 재입고 알림 SMS 상품 옵션 컬러 - [필수] 옵션을 선택해 주세요 - ------------------- 베이지 먹 옵션선택 상품 목록 상품명 상품수 가격 S. 모드 원",39,47,circumference,50,21,,,,,text,"[{""어깨단면"": ""39""}, {""암홀둘레"": ""50""}, {""소매길이"": ""21""}, {""가슴둘레"": ""94""}]"
28988,https://www.misharp.co.kr/product/detail.html?product_no=28988,가든 티어드 체크 원피스,원피스/스커트,원피스,46500,,루즈핏;퍼프소매,55-77,어깨좁음;팔뚝통통;복부체형,팔뚝커버;뱃살커버;허리라인보정,클래식;데일리,여름;겨울,기본,퍼프소매,네이비,4050,데님;원피스,"미샵 - 가든 티어드 체크 원피스 (1 color) 가든 티어드 체크 원피스 (1 color) (해외배송 가능상품) ( 건) 가든 티어드 체크 원피스 (1 color) 46,500원 460원 (1%) 재입고 알림 SMS 상품 옵션 옵션선택 상품 목록 상품명 상품수 가격 가든 티어드 체크 원피스 (1 color) 수량증가 수량감소 46500 ( 460 ) 옵션 정보 바로구매 예약주문 SOLD",34,50,circumference,52,22.5,,,,,text,"[{""어깨단면"": ""34""}, {""암홀둘레"": ""52""}, {""소매길이"": ""22.5""}, {""가슴둘레"": ""100""}]"
23934,https://www.misharp.co.kr/product/detail.html?product_no=23934,페이즐 쿨 랩 원피스,원피스/스커트,원피스,76500,,랩핏,55-77,어깨좁음;복부체형;하체통통,힙커버,클래식;데일리,여름,롱,긴팔,,4050,데님;원피스,"미샵 - 페이즐 쿨 랩 원피스 (2 color) 페이즐 쿨 랩 원피스 (2 color) (해외배송 가능상품) ( 건) 페이즐 쿨 랩 원피스 (2 color) 76,500원 760원 (1%) 재입고 알림 SMS 상품 옵션 컬러 - [필수] 옵션을 선택해 주세요 - ------------------- 블루 옵션선택 상품 목록 상품명 상품수 가격 페이즐 쿨 랩 원피스 (2 color) 수량증가 수",39,48,circumference,49,23,,,,,text,"[{""어깨단면"": ""39""}, {""암홀둘레"": ""49""}, {""소매길이"": ""23""}, {""가슴둘레"": ""96""}]"
28978,https://www.misharp.co.kr/product/detail.html?product_no=28978,잔잔 체크 캉캉 롱 스커트,원피스/스커트,스커트,29800,,A라인;플레어핏;민소매핏,55-66,복부체형;하체통통,허리라인보정,페미닌;데일리,봄;여름;가을,롱,없음,블랙;화이트,4050,데님;스커트;니트,"미샵 - 잔잔 체크 캉캉 롱 스커트 (2 color) 잔잔 체크 캉캉 롱 스커트 (2 color) (해외배송 가능상품) ( 건) 잔잔 체크 캉캉 롱 스커트 (2 color) 29,800원 290원 (1%) 재입고 알림 SMS 상품 옵션 컬러 - [필수] 옵션을 선택해 주세요 - ------------------- 화이트 블랙 옵션선택 상품 목록 상품명 상품수 가격 잔잔 체크 캉캉 롱 스커트",,,,,,,,,,,
26375,https://www.misharp.co.kr/product/detail.html?product_no=26375,캐미 썸머 레이어드 원피스,원피스/스커트,원피스,49500,레이온65% 나일론35% 혼용 소재입니다 / 나일론35% 혼용 소재입니다,A라인,55-66반,복부체형;하체통통,뱃살커버;힙커버;허리라인보정,페미닌;데일리,,기본,,블랙;브라운;카키,4050,데님;원피스,"미샵 - 캐미 썸머 레이어드 원피스 (2 color) 캐미 썸머 레이어드 원피스 (2 color) (해외배송 가능상품) ( 건) 캐미 썸머 레이어드 원피스 (2 color) 49,500원 490원 (1%) 재입고 알림 SMS 상품 옵션 컬러 - [필수] 옵션을 선택해 주세요 - ------------------- 카키브라운 블랙 옵션선택 상품 목록 상품명 상품수 가격 캐미 썸머 레이어드 원피",,45.5,circumference,,,,,,,text,"[{""가슴둘레"": ""91""}]"
27795,https://www.misharp.co.kr/product/detail.html?product_no=27795,클로이 쾌적 다트 스트랩 원피스,원피스/스커트,원피스,35500,,랩핏;레글런핏,55-77,어깨좁음;복부체형;하체통통,팔뚝커버;뱃살커버;힙커버;허리라인보정,클래식;데일리;오피스룩,여름,기본,레글런소매,,4050,데님;스커트;원피스,【코튼 55】,56,51,circumference,46,,,,,,text,"[{""어깨단면"": ""56""}, {""암홀둘레"": ""46""}, {""가슴둘레"": ""102""}]"
28963,https://www.misharp.co.kr/product/detail.html?product_no=28963,2타입 올라운더 에어 나시 원피스,원피스/스커트,원피스,26500,나일론90% 스판10% 혼용 소재입니다 / 스판10% 혼용 소재입니다,A라인;정핏;민소매핏,55-66반,어깨좁음;복부체형;하체통통,힙커버;허리라인보정,클래식;데일리;오피스룩,여름;겨울,기본,민소매,블랙;베이지;카키,4050,데님;원피스,"【숏,기본 길이별 / 인기상품 2탄!】",33.5,47.5,circumference,38,,,,,,text,"[{""어깨단면"": ""33.5""}, {""암홀둘레"": ""38""}, {""가슴둘레"": ""95""}]"
28957,https://www.misharp.co.kr/product/detail.html?product_no=28957,링클 프리 쿨 밴딩 롱 스커트,원피스/스커트,스커트,46500,폴리에스터95% 스판5% 혼용 소재입니다 / 스판5% 혼용 소재입니다,플레어핏,55-66,복부체형;하체통통,힙커버;허리라인보정,클래식;데일리;오피스룩,여름;겨울,롱,없음,블랙;화이트;아이보리;핑크,4050,데님;스커트,【허리부터 밑까지 완벽한 편함】,,,,,,,,,,,
28952,https://www.misharp.co.kr/product/detail.html?product_no=28952,멜란지 썸머 슬릿 미디 스커트,원피스/스커트,스커트,46800,폴리에스터100% 소재입니다,H라인;슬림핏,66-66반,복부체형;하체통통,힙커버;허리라인보정,클래식;데일리;오피스룩,여름;겨울,롱,없음,베이지;그레이,4050,슬랙스;데님;스커트;니트,【S/M 사이즈별 제작】,,,,,,,,,,,
27709,https://www.misharp.co.kr/product/detail.html?product_no=27709,쿨링 체크 브이 스트링 원피스,원피스/스커트,원피스,65800,레이온80% 텐셀 혼용 소재입니다,기본라인,55-77,어깨좁음;복부체형;하체통통,힙커버,페미닌;데일리,겨울,기본,긴팔,블랙,4050,데님;원피스,【레이온80+텐셀12의 시원함】,47.5,53,circumference,48,17.5,,,,,text,"[{""어깨단면"": ""47.5""}, {""암홀둘레"": ""48""}, {""소매길이"": ""17.5""}, {""가슴둘레"": ""106""}]"
26485,https://www.misharp.co.kr/product/detail.html?product_no=26485,플레어핏 생활방수 나시 원피스,원피스/스커트,원피스,49500,나일론100% 소재입니다,플레어핏;민소매핏,55-66반,어깨좁음;팔뚝통통;복부체형,팔뚝커버;뱃살커버;힙커버;허리라인보정,데일리;오피스룩,,기본,민소매,네이비,4050,데님;원피스,"미샵 - 플레어핏 생활방수 나시 원피스 (2 color) 플레어핏 생활방수 나시 원피스 (2 color) (해외배송 가능상품) ( 건) 플레어핏 생활방수 나시 원피스 (2 color) 49,500원 490원 (1%) 재입고 알림 SMS 상품 옵션 컬러 - [필수] 옵션을 선택해 주세요 - ------------------- 바이올렛 네이비 옵션선택 상품 목록 상품명 상품수 가격 플레어핏 생활",32.5,47,circumference,40,,,,,,text,"[{""어깨단면"": ""32.5""}, {""암홀둘레"": ""40""}, {""가슴둘레"": ""94""}]"
27849,https://www.misharp.co.kr/product/detail.html?product_no=27849,투 인원 데이 반팔 원피스,원피스/스커트,원피스,46500,,A라인,55-77,어깨좁음;복부체형;하체통통,힙커버;허리라인보정,데일리,여름,기본,반팔,블랙;아이보리;베이지;소라,4050,데님;원피스,"미샵 - 투 인원 데이 반팔 원피스 (4 color) 투 인원 데이 반팔 원피스 (4 color) (해외배송 가능상품) ( 건) 투 인원 데이 반팔 원피스 (4 color) 46,500원 460원 (1%) 재입고 알림 SMS 상품 옵션 컬러 - [필수] 옵션을 선택해 주세요 - ------------------- 아이보리 소라 진베이지 블랙 옵션선택 상품 목록 상품명 상품수 가격 투 인원 데",40,53,circumference,50,24,,,,,text,"[{""어깨단면"": ""40""}, {""암홀둘레"": ""50""}, {""소매길이"": ""24""}, {""가슴둘레"": ""106""}]"
26589,https://www.misharp.co.kr/product/detail.html?product_no=26589,멜로 옆셔링 린넨 나시 원피스,원피스/스커트,원피스,58500,레이온60% 혼용으로 더욱 매끄럽고 차가운 터치감이 함께 합니다,슬림핏;민소매핏,55-77,어깨좁음;팔뚝통통;하체통통,팔뚝커버;뱃살커버;힙커버;허리라인보정,클래식;페미닌;데일리,봄;여름;가을,기본,민소매,블랙;베이지,4050,데님;원피스,【국내가공 프리미엄 린넨 40】,36,49,circumference,39,,,,,,text,"[{""어깨단면"": ""36""}, {""암홀둘레"": ""39""}, {""가슴둘레"": ""98""}]"
23959,https://www.misharp.co.kr/product/detail.html?product_no=23959,클래식 실루엣 린넨 원피스,원피스/스커트,원피스,98800,,기본라인,55-77,어깨좁음;복부체형;하체통통,힙커버;허리라인보정,클래식;데일리,여름,롱,긴팔,블랙;그레이,4050,데님;원피스,"【사이즈별 입고 / 1,000장 판매돌파】",38.5,48,circumference,49,22.5,,,,,text,"[{""어깨단면"": ""38.5""}, {""암홀둘레"": ""49""}, {""소매길이"": ""22.5""}, {""가슴둘레"": ""96""}]"
28936,https://www.misharp.co.kr/product/detail.html?product_no=28936,모달 도트 데일리 롱 스커트,원피스/스커트,스커트,42800,,A라인;슬림핏,55-66반,복부체형;하체통통,힙커버;허리라인보정,클래식;페미닌;데일리;오피스룩,봄;여름;가을,롱,없음,블랙;화이트;아이보리;베이지,4050,데님;스커트;니트,【면58%+모달38% / 최고의 터치감】,,,,,,,,,,,
27790,https://www.misharp.co.kr/product/detail.html?product_no=27790,피오니 썸머 스트랩 원피스,원피스/스커트,원피스,47950,나일론97% 스판3% 혼용 소재입니다 / 스판3% 혼용 소재입니다,랩핏;세미루즈;레글런핏,55-77,어깨좁음;복부체형;하체통통,팔뚝커버;힙커버;허리라인보정,클래식;데일리,여름,기본,레글런소매,블랙;베이지,4050,데님;원피스,"미샵 - 피오니 썸머 스트랩 원피스 (2 color) 피오니 썸머 스트랩 원피스 (2 color) (해외배송 가능상품) ( 건) 피오니 썸머 스트랩 원피스 (2 color) 68,500원 47,950원 남은시간 1433일 09:45:24 (20,550원 할인) 2026-07-16 00:00 ~ 2030-07-01 23:55 470원 (1%) 재입고 알림 SMS 상품 옵션 컬러 - [필수] 옵",,54,circumference,,39,,,,,text,"[{""소매길이"": ""39""}, {""가슴둘레"": ""108""}]"
28930,https://www.misharp.co.kr/product/detail.html?product_no=28930,내추럴 무드 슬릿 롱 스커트,원피스/스커트,스커트,43500,폴리에스터30% 혼용 소재입니다 / 레이온70% 폴리에스터30% 혼용 소재입니다,슬림핏;세미루즈;민소매핏,55-66반,복부체형;하체통통,힙커버;허리라인보정,데일리;오피스룩,여름;겨울,롱,없음,블랙,4050,데님;스커트,"【진짜 편하고, 진짜 시원해요】",,,,,,,,,,,
28925,https://www.misharp.co.kr/product/detail.html?product_no=28925,무드 린넨 클래식 스트랩 원피스,원피스/스커트,원피스,65800,,랩핏;슬림핏;세미루즈,55-77,어깨좁음;복부체형,뱃살커버;허리라인보정,클래식;페미닌;데일리;오피스룩,여름;겨울,기본,긴팔,블랙,4050,데님;원피스,"미샵 - 무드 린넨 클래식 스트랩 원피스 (3 color) 무드 린넨 클래식 스트랩 원피스 (3 color) (해외배송 가능상품) ( 건) 무드 린넨 클래식 스트랩 원피스 (3 color) 65,800원 650원 (1%) 재입고 알림 SMS 상품 옵션 컬러 - [필수] 옵션을 선택해 주세요 - ------------------- 오트밀 코코아 블랙 옵션선택 상품 목록 상품명 상품수 가격 무드",39,51,circumference,50,7.5,,,,,text,"[{""어깨단면"": ""39""}, {""암홀둘레"": ""50""}, {""소매길이"": ""7.5""}, {""가슴둘레"": ""102""}]"
27664,https://www.misharp.co.kr/product/detail.html?product_no=27664,쿨 와이드 밴딩 치마바지,팬츠,팬츠,32500,나일론100% 소재입니다,와이드핏;루즈핏;밴딩핏;민소매핏,55-77,복부체형;하체통통,뱃살커버;힙커버,데일리,여름,롱,없음,베이지;그레이;네이비,4050,데님;스커트,"미샵 - 쿨 와이드 밴딩 치마바지 (3 color) 쿨 와이드 밴딩 치마바지 (3 color) (해외배송 가능상품) ( 건) 쿨 와이드 밴딩 치마바지 (3 color) 32,500원 320원 (1%) 재입고 알림 SMS 상품 옵션 컬러 - [필수] 옵션을 선택해 주세요 - ------------------- 연베이지 스카이 네이비 옵션선택 상품 목록 상품명 상품수 가격 쿨 와이드 밴딩 치마바",,,,,,,,,,,
28917,https://www.misharp.co.kr/product/detail.html?product_no=28917,다트 포인트 쿨 롱 원피스,원피스/스커트,원피스,79500,,슬림핏,55-77,어깨좁음;복부체형;하체통통,힙커버,데일리;오피스룩;모임룩,여름;겨울,롱,긴팔,블랙,4050,데님;원피스,"미샵 - 다트 포인트 쿨 롱 원피스 (2 color) 다트 포인트 쿨 롱 원피스 (2 color) (해외배송 가능상품) ( 건) 다트 포인트 쿨 롱 원피스 (2 color) 79,500원 790원 (1%) 재입고 알림 SMS 상품 옵션 컬러 - [필수] 옵션을 선택해 주세요 - ------------------- 민트 블랙 옵션선택 상품 목록 상품명 상품수 가격 다트 포인트 쿨 롱 원피스 (",45,52.5,circumference,51,24.5,,,,,text,"[{""어깨단면"": ""45""}, {""암홀둘레"": ""51""}, {""소매길이"": ""24.5""}, {""가슴둘레"": ""105""}]"
28914,https://www.misharp.co.kr/product/detail.html?product_no=28914,멜로우 에어-핏 스트랩 원피스,원피스/스커트,원피스,28500,,랩핏;슬림핏;세미루즈,55-77,어깨좁음;복부체형;하체통통,힙커버;허리라인보정,클래식;페미닌;데일리;오피스룩,여름;겨울,기본,긴팔,블랙;베이지;핑크,4050,데님;원피스,"미샵 - 멜로우 에어-핏 스트랩 원피스 (3 color) 멜로우 에어-핏 스트랩 원피스 (3 color) (해외배송 가능상품) ( 건) 멜로우 에어-핏 스트랩 원피스 (3 color) 28,500원 280원 (1%) 재입고 알림 SMS 상품 옵션 컬러 - [필수] 옵션을 선택해 주세요 - ------------------- 핑크 연베이지 블랙 옵션선택 상품 목록 상품명 상품수 가격 멜로우 에",42.5,49.5,circumference,44,19.5,,,,,text,"[{""어깨단면"": ""42.5""}, {""암홀둘레"": ""44""}, {""소매길이"": ""19.5""}, {""가슴둘레"": ""99""}]"
28908,https://www.misharp.co.kr/product/detail.html?product_no=28908,클래식 핀턱 플레어 스커트,원피스/스커트,스커트,45500,폴리에스터100% 원단입니다,플레어핏,55-66반,복부체형,뱃살커버;허리라인보정,클래식;데일리,여름;겨울,기본,없음,블랙;베이지,4050,데님;스커트;니트,"미샵 - 클래식 핀턱 플레어 스커트 (3 color) 클래식 핀턱 플레어 스커트 (3 color) (해외배송 가능상품) ( 건) 클래식 핀턱 플레어 스커트 (3 color) 45,500원 450원 (1%) 재입고 알림 SMS 상품 옵션 컬러 - [필수] 옵션을 선택해 주세요 - ------------------- 회베이지 진베이지 블랙 옵션선택 상품 목록 상품명 상품수 가격 클래식 핀턱 플레",,,,,,,,,,,
27842,https://www.misharp.co.kr/product/detail.html?product_no=27842,드뮤어 밴딩 반팔 원피스,원피스/스커트,원피스,33300,폴리에스터30% 혼용 소재입니다 / 레이온70% 폴리에스터30% 혼용 소재입니다,기본라인,55-66반,어깨좁음;복부체형;하체통통,힙커버;허리라인보정,데일리,여름,기본,반팔,블랙;브라운,4050,데님;스커트;원피스,"미샵 - 드뮤어 밴딩 반팔 원피스 (2 color) 드뮤어 밴딩 반팔 원피스 (2 color) (해외배송 가능상품) ( 건) 드뮤어 밴딩 반팔 원피스 (2 color) 47,500원 33,300원 남은시간 155일 09:45:13 (14,200원 할인) 2017-02-21 00:00 ~ 2026-12-31 23:55 330원 (1%) 재입고 알림 SMS 상품 옵션 컬러 - [필수] 옵션을 선",35.5,48,circumference,50,27,,,,,text,"[{""어깨단면"": ""35.5""}, {""암홀둘레"": ""50""}, {""소매길이"": ""27""}, {""가슴둘레"": ""96""}]"
27673,https://www.misharp.co.kr/product/detail.html?product_no=27673,모던 에어 반오픈 반팔 원피스,원피스/스커트,원피스,54500,레이온 80%의 차르르한 드레이프감 ✔ 나일론 15%의 쿨링한 터치감 ✔ 린넨 5%의 쾌적한 숨쉬기 좋은 느낌까지! 이 세 가지가 어우러져 한여름에도 쾌적하게 / 레이온80% 나일론15% 혼용 소재입니다 / 나일론 15%의 쿨링한 터치감 ✔ 린넨 5%의 쾌적한 숨쉬기 좋은 느낌까지! 이 세 가지가 어우러져 한여름에도 쾌적하게 / 나일론15% 혼용 소재입니다,슬림핏;루즈핏;세미루즈,55-77,어깨좁음;복부체형;하체통통,힙커버;허리라인보정,클래식;데일리;오피스룩,여름,기본,반팔,네이비;브라운;카키,4050,데님;원피스,"미샵 - 모던 에어 반오픈 반팔 원피스 (2 color) 모던 에어 반오픈 반팔 원피스 (2 color) (해외배송 가능상품) ( 건) 모던 에어 반오픈 반팔 원피스 (2 color) 54,500원 540원 (1%) 재입고 알림 SMS 상품 옵션 컬러 - [필수] 옵션을 선택해 주세요 - ------------------- 브라운카키 네이비 옵션선택 상품 목록 상품명 상품수 가격 모던 에어",39,58,circumference,51,26.5,,,,,text,"[{""어깨단면"": ""39""}, {""암홀둘레"": ""51""}, {""소매길이"": ""26.5""}, {""가슴둘레"": ""116""}]"
28896,https://www.misharp.co.kr/product/detail.html?product_no=28896,퓨어 린넨 반팔 롱 원피스,원피스/스커트,원피스,68500,폴리에스터100% 전체 안감으로 비침 걱정 없이 착용하실 수 있습니다 / 레이온75%,퍼프소매,55-66,어깨좁음;팔뚝통통;복부체형,팔뚝커버;허리라인보정,클래식;페미닌;데일리;오피스룩,여름;겨울,롱,반팔,블랙;화이트;아이보리,4050,데님;원피스,【쾌적한 린넨 혼용의 원단】,34,50,circumference,48,24,,,,,text,"[{""어깨단면"": ""34""}, {""암홀둘레"": ""48""}, {""소매길이"": ""24""}, {""가슴둘레"": ""100""}]"
27752,https://www.misharp.co.kr/product/detail.html?product_no=27752,마리엔 페미닌 반팔 원피스,원피스/스커트,원피스,39800,레이온79% 나일론,기본라인,55-77,어깨좁음;복부체형;하체통통,힙커버;허리라인보정,클래식;페미닌;데일리,여름,기본,반팔,블랙,4050,데님;스커트;원피스,"미샵 - 마리엔 페미닌 반팔 원피스 (2 color) 마리엔 페미닌 반팔 원피스 (2 color) (해외배송 가능상품) ( 건) 마리엔 페미닌 반팔 원피스 (2 color) 49,800원 39,800원 남은시간 886일 09:45:08 (10,000원 할인) 2022-08-24 00:00 ~ 2028-12-31 23:55 390원 (1%) 재입고 알림 SMS 상품 옵션 컬러 - [필수] 옵션",34,51,circumference,58,28,,,,,text,"[{""어깨단면"": ""34""}, {""암홀둘레"": ""58""}, {""소매길이"": ""28""}, {""가슴둘레"": ""102""}]"
28893,https://www.misharp.co.kr/product/detail.html?product_no=28893,썸머 링클 쿨-라인 스커트,원피스/스커트,스커트,38500,폴리에스터55% 레이온,H라인;슬림핏,55-66반,복부체형;하체통통,뱃살커버;힙커버;허리라인보정,데일리;오피스룩,여름;겨울,기본,없음,블랙;핑크,4050,데님;스커트,【허리밴딩부터 하루내내 편안】,,,,,,,,,,,
27746,https://www.misharp.co.kr/product/detail.html?product_no=27746,무어 레글런 반팔 스트랩 원피스,원피스/스커트,원피스,68500,나일론100% 소재입니다,A라인;플레어핏;랩핏;레글런핏,55-77,어깨좁음;복부체형;하체통통,팔뚝커버;뱃살커버;힙커버;허리라인보정,데일리;오피스룩,여름,기본,반팔,베이지;네이비,4050,데님;원피스,"미샵 - 무어 레글런 반팔 스트랩 원피스 (2 color) 무어 레글런 반팔 스트랩 원피스 (2 color) (해외배송 가능상품) ( 건) 무어 레글런 반팔 스트랩 원피스 (2 color) 68,500원 남은시간 1980일 21:50:05 (13,700원 할인) 2026-07-06 12:30 ~ 2031-12-31 12:00 680원 (1%) 재입고 알림 SMS 상품 옵션 컬러 - [필수]",,53,circumference,,40,,,,,text,"[{""소매길이"": ""40""}, {""가슴둘레"": ""106""}]"
23992,https://www.misharp.co.kr/product/detail.html?product_no=23992,옆밴딩 카라 원피스,원피스/스커트,원피스,78500,,세미루즈,55-66반,어깨좁음;팔뚝통통;복부체형,팔뚝커버;뱃살커버;힙커버;허리라인보정,클래식;페미닌;데일리;오피스룩,,기본,긴팔,블랙;카키,4050,데님;스커트;원피스,【브랜드납품/쾌적함과 단정함】,37.5,50,circumference,44,24,,,,,text,"[{""어깨단면"": ""37.5""}, {""암홀둘레"": ""44""}, {""소매길이"": ""24""}, {""가슴둘레"": ""100""}]"
28877,https://www.misharp.co.kr/product/detail.html?product_no=28877,모브 셔링 콤비 원피스 / 사이즈별,원피스/스커트,원피스,62500,폴리에스터95% 스판5% 혼용 소재입니다 / 나일론100% 소재입니다 / 스판5% 혼용 소재입니다,세미루즈,55-66반,어깨좁음;복부체형;하체통통,힙커버;허리라인보정,클래식;데일리;오피스룩,여름;겨울,기본,긴팔,블랙;그레이,4050,데님;스커트;원피스,"미샵 - 모브 셔링 콤비 원피스 (2 color) / 사이즈별 모브 셔링 콤비 원피스 (2 color) / 사이즈별 (해외배송 가능상품) ( 건) 모브 셔링 콤비 원피스 (2 color) / 사이즈별 62,500원 620원 (1%) 재입고 알림 SMS 상품 옵션 컬러 - [필수] 옵션을 선택해 주세요 - ------------------- 그레이 블랙 사이즈 - [필수] 옵션을 선택해 주세요",39,49.5,circumference,44,21,,,,,text,"[{""어깨단면"": ""39""}, {""암홀둘레"": ""44""}, {""소매길이"": ""21""}, {""가슴둘레"": ""99""}]"
28871,https://www.misharp.co.kr/product/detail.html?product_no=28871,썸머 시그니처 링클 커버 원피스,원피스/스커트,원피스,44500,,플레어핏;세미루즈,55-77,어깨좁음;복부체형;하체통통,힙커버;허리라인보정,데일리;오피스룩,여름;겨울,기본,,블랙;베이지,4050,데님;원피스,"미샵 - 썸머 시그니처 링클 커버 원피스 (2 color) 썸머 시그니처 링클 커버 원피스 (2 color) (해외배송 가능상품) ( 건) 썸머 시그니처 링클 커버 원피스 (2 color) 44,500원 440원 (1%) 재입고 알림 SMS 상품 옵션 컬러 - [필수] 옵션을 선택해 주세요 - ------------------- 베이지 블랙 옵션선택 상품 목록 상품명 상품수 가격 썸머 시그니",37,60,circumference,49,,,,,,text,"[{""어깨단면"": ""37""}, {""암홀둘레"": ""49""}, {""가슴둘레"": ""120""}]"
28868,https://www.misharp.co.kr/product/detail.html?product_no=28868,에델 코튼 펀칭 원피스,원피스/스커트,원피스,74500,면 100% 소재를 사용하였습니다 / 면 100% 소재이면서 안감이 함께 합니다 / 면 100% 소재로 안감이 있기 때문에 너무 습한 날씨는 제외하면 좋습니다,슬림핏;세미루즈;퍼프소매,55-66반,어깨좁음;팔뚝통통;복부체형,팔뚝커버;뱃살커버;힙커버;허리라인보정,페미닌;데일리;오피스룩,여름;겨울,기본,퍼프소매,블랙;아이보리,4050,데님;원피스,"미샵 - 에델 코튼 펀칭 원피스 (2 color) 에델 코튼 펀칭 원피스 (2 color) (해외배송 가능상품) ( 건) 에델 코튼 펀칭 원피스 (2 color) 74,500원 740원 (1%) 재입고 알림 SMS 상품 옵션 컬러 - [필수] 옵션을 선택해 주세요 - ------------------- 아이보리 블랙 옵션선택 상품 목록 상품명 상품수 가격 에델 코튼 펀칭 원피스 (2 colo",36.5,48,circumference,57,26,,,,,text,"[{""어깨단면"": ""36.5""}, {""암홀둘레"": ""57""}, {""소매길이"": ""26""}, {""가슴둘레"": ""96""}]"
23659,https://www.misharp.co.kr/product/detail.html?product_no=23659,쿨링 캡 원피스,원피스/스커트,원피스,27500,,세미루즈,55-77,어깨좁음,허리라인보정,데일리,여름,기본,긴팔,블랙;핑크,4050,데님;원피스,"미샵 - 쿨링 캡 원피스 (3 color) 쿨링 캡 원피스 (3 color) (해외배송 가능상품) ( 건) 쿨링 캡 원피스 (3 color) 27,500원 270원 (1%) 재입고 알림 SMS 상품 옵션 컬러 - [필수] 옵션을 선택해 주세요 - ------------------- 핑크 블랙 옵션선택 상품 목록 상품명 상품수 가격 쿨링 캡 원피스 (3 color) 수량증가 수량감소 27500",37.5,50,circumference,52,44,,,,,text,"[{""어깨단면"": ""37.5""}, {""암홀둘레"": ""52""}, {""소매길이"": ""44""}, {""가슴둘레"": ""100""}]"
23760,https://www.misharp.co.kr/product/detail.html?product_no=23760,S. 제인 치마슬랙스,팬츠,슬랙스,42800,,밴딩핏,55-77,복부체형;하체통통,힙커버;허리라인보정,데일리,여름;가을;겨울,기본,없음,블랙;그레이,4050,슬랙스;데님;스커트;니트,"미샵 - S. 제인 치마슬랙스 (3 color) S. 제인 치마슬랙스 (3 color) (해외배송 가능상품) ( 건) S. 제인 치마슬랙스 (3 color) 42,800원 420원 (1%) 재입고 알림 SMS 상품 옵션 컬러 - [필수] 옵션을 선택해 주세요 - ------------------- 민트그레이 블랙 옵션선택 상품 목록 상품명 상품수 가격 S. 제인 치마슬랙스 (3 color)",,,,,,,,,,,
28855,https://www.misharp.co.kr/product/detail.html?product_no=28855,데일리 체크 쿨링 원피스,원피스/스커트,원피스,37500,폴리에스터100% 소재입니다,기본라인,55-77,어깨좁음;복부체형;하체통통,힙커버;허리라인보정,클래식;데일리;오피스룩,여름;겨울,기본,긴팔,블랙;베이지,4050,데님;원피스,"미샵 - 데일리 체크 쿨링 원피스 (2 color) 데일리 체크 쿨링 원피스 (2 color) (해외배송 가능상품) ( 건) 데일리 체크 쿨링 원피스 (2 color) 37,500원 370원 (1%) 재입고 알림 SMS 상품 옵션 컬러 - [필수] 옵션을 선택해 주세요 - ------------------- 베이지 블랙 옵션선택 상품 목록 상품명 상품수 가격 데일리 체크 쿨링 원피스 (2 c",40,55,circumference,48,24,,,,,text,"[{""어깨단면"": ""40""}, {""암홀둘레"": ""48""}, {""소매길이"": ""24""}, {""가슴둘레"": ""110""}]"
28850,https://www.misharp.co.kr/product/detail.html?product_no=28850,루미 내추럴 스트링 카라 원피스,원피스/스커트,원피스,37500,폴리에스터100% 소재입니다,슬림핏,55-77,어깨좁음;복부체형;하체통통,뱃살커버;힙커버;허리라인보정,페미닌;데일리;오피스룩,겨울,기본,긴팔,블랙;아이보리,4050,데님;원피스,"미샵 - 루미 내추럴 스트링 카라 원피스 (2 color) 루미 내추럴 스트링 카라 원피스 (2 color) (해외배송 가능상품) ( 건) 루미 내추럴 스트링 카라 원피스 (2 color) 37,500원 370원 (1%) 재입고 알림 SMS 상품 옵션 컬러 - [필수] 옵션을 선택해 주세요 - ------------------- 아이보리 블랙 옵션선택 상품 목록 상품명 상품수 가격 루미 내추",39.5,54,circumference,49,23.5,,,,,text,"[{""어깨단면"": ""39.5""}, {""암홀둘레"": ""49""}, {""소매길이"": ""23.5""}, {""가슴둘레"": ""108""}]"
27863,https://www.misharp.co.kr/product/detail.html?product_no=27863,로아르 린넨 미디 스커트,원피스/스커트,스커트,45800,레이온 45% 혼용의 여름 소재로,A라인,55-66반,복부체형;하체통통,뱃살커버;힙커버;허리라인보정,클래식;데일리,여름;겨울,기본,없음,블랙;핑크,4050,데님;스커트,"【린넨 55%, 레이온 45%】",,,,,,,,,,,
27805,https://www.misharp.co.kr/product/detail.html?product_no=27805,데일리 쿨핏 링클 스커트,원피스/스커트,스커트,15800,폴리에스터95% 스판5% 혼용 소재입니다 / 스판5% 혼용 소재입니다,슬림핏;민소매핏,55-66반,복부체형;하체통통,뱃살커버;힙커버;허리라인보정,데일리;오피스룩,여름,기본,없음,블랙;화이트;네이비,4050,데님;스커트,【불쾌지수 ZERO / 쾌적 링클 소재】,,,,,,,,,,,
27870,https://www.misharp.co.kr/product/detail.html?product_no=27870,모네 밴딩 쾌적 원피스,원피스/스커트,원피스,63500,나일론 100%의 고급 여름 원단으로 제작되었습니다,기본라인,55-77,어깨좁음;복부체형;하체통통,힙커버;허리라인보정,데일리,봄;여름;가을,기본,긴팔,베이지,4050,데님;스커트;원피스,"미샵 - 모네 밴딩 쾌적 원피스 (2 color) 모네 밴딩 쾌적 원피스 (2 color) (해외배송 가능상품) ( 건) 모네 밴딩 쾌적 원피스 (2 color) 63,500원 630원 (1%) 재입고 알림 SMS 상품 옵션 컬러 - [필수] 옵션을 선택해 주세요 - ------------------- 회베이지 먹 옵션선택 상품 목록 상품명 상품수 가격 모네 밴딩 쾌적 원피스 (2 color",,51,circumference,,27,,,,,text,"[{""소매길이"": ""27""}, {""가슴둘레"": ""102""}]"
23904,https://www.misharp.co.kr/product/detail.html?product_no=23904,클래식 스트라이프 원피스,원피스/스커트,원피스,59500,,기본라인,55-77,어깨좁음;복부체형;하체통통,뱃살커버;힙커버;허리라인보정,클래식;데일리;오피스룩,여름,기본,긴팔,,4050,데님;원피스,"미샵 - 클래식 스트라이프 원피스 (2 color) 클래식 스트라이프 원피스 (2 color) (해외배송 가능상품) ( 건) 클래식 스트라이프 원피스 (2 color) 59,500원 590원 (1%) 재입고 알림 SMS 상품 옵션 컬러 - [필수] 옵션을 선택해 주세요 - ------------------- 블루 옵션선택 상품 목록 상품명 상품수 가격 클래식 스트라이프 원피스 (2 color",39,52,circumference,44,24,,,,,text,"[{""어깨단면"": ""39""}, {""암홀둘레"": ""44""}, {""소매길이"": ""24""}, {""가슴둘레"": ""104""}]"
26333,https://www.misharp.co.kr/product/detail.html?product_no=26333,S. 리뉴 원피스,원피스/스커트,원피스,39800,,기본라인,55-77,어깨좁음;복부체형;하체통통,뱃살커버;힙커버,데일리;오피스룩;모임룩,여름;가을;겨울,기본,긴팔,블랙;베이지,4050,데님;원피스,★미샵 SS 상의 제작 69★ [올해는 베이지만 제작!],39.5,52.5,circumference,45,28,,,,,text,"[{""어깨단면"": ""39.5""}, {""암홀둘레"": ""45""}, {""소매길이"": ""28""}, {""가슴둘레"": ""105""}]"
25133,https://www.misharp.co.kr/product/detail.html?product_no=25133,모드 데님 반팔 원피스,팬츠,데님,54500,,일자핏,55-77,어깨좁음;팔뚝통통;복부체형,팔뚝커버;뱃살커버;힙커버;허리라인보정,클래식;페미닌;데일리,여름,롱,반팔,,4050,데님;원피스,"미샵 - 모드 데님 반팔 원피스 (2 color) 모드 데님 반팔 원피스 (2 color) (해외배송 가능상품) ( 건) 모드 데님 반팔 원피스 (2 color) 54,500원 540원 (1%) 재입고 알림 SMS 상품 옵션 컬러 - [필수] 옵션을 선택해 주세요 - ------------------- 연청 진청 옵션선택 상품 목록 상품명 상품수 가격 모드 데님 반팔 원피스 (2 color)",33,50,circumference,54,25.5,,,,,text,"[{""어깨단면"": ""33""}, {""암홀둘레"": ""54""}, {""소매길이"": ""25.5""}, {""가슴둘레"": ""100""}]"
26338,https://www.misharp.co.kr/product/detail.html?product_no=26338,루그 스판 스커트,원피스/스커트,스커트,43800,나일론94% 스판6% 혼용 소재입니다 / 스판6% 혼용 소재입니다,H라인;슬림핏,55-66,복부체형;하체통통,힙커버;허리라인보정,클래식;데일리;오피스룩;모임룩,봄;여름;가을,기본,없음,베이지;네이비,4050,데님;스커트,"미샵 - 루그 스판 스커트 (3 color) 루그 스판 스커트 (3 color) (해외배송 가능상품) ( 건) 루그 스판 스커트 (3 color) 43,800원 430원 (1%) 재입고 알림 SMS 상품 옵션 컬러 - [필수] 옵션을 선택해 주세요 - ------------------- 연베이지 민트 네이비 옵션선택 상품 목록 상품명 상품수 가격 루그 스판 스커트 (3 color) 수량증가",,,,,,,,,,,
27882,https://www.misharp.co.kr/product/detail.html?product_no=27882,디어 체크 밴딩 미디 스커트,원피스/스커트,스커트,39500,,기본라인,55-66,복부체형;하체통통,뱃살커버;힙커버;허리라인보정,클래식;페미닌;데일리;오피스룩,,기본,없음,블랙,4050,데님;스커트,【원단 자체의 스판력】,,,,,,,,,,,
28763,https://www.misharp.co.kr/product/detail.html?product_no=28763,레이나 요루 밴딩 스커트 / 사이즈별,원피스/스커트,스커트,44500,면 100% 소재로 통기성이 뛰어나며 가벼운 착용감을 제공합니다 / 코튼100% 소재이며,슬림핏,55-77,복부체형;하체통통,힙커버;허리라인보정,데일리,겨울,롱,없음,블랙;화이트;아이보리,4050,데님;스커트,"미샵 - 레이나 요루 밴딩 스커트 (2 color) / 사이즈별 레이나 요루 밴딩 스커트 (2 color) / 사이즈별 (해외배송 가능상품) ( 건) 레이나 요루 밴딩 스커트 (2 color) / 사이즈별 44,500원 440원 (1%) 재입고 알림 SMS 상품 옵션 컬러 - [필수] 옵션을 선택해 주세요 - ------------------- 아이보리 블랙 사이즈 - [필수] 옵션을 선택해",,,,,,,,,,,
27813,https://www.misharp.co.kr/product/detail.html?product_no=27813,클래시 쿨 포켓 반팔 원피스,원피스/스커트,원피스,62500,코튼65% 나일론35% 혼용 원단입니다 / 나일론35% 혼용 원단입니다,H라인,55-77,어깨좁음;복부체형;하체통통,힙커버;허리라인보정,데일리;오피스룩,여름,기본,반팔,핑크;네이비,4050,데님;원피스,"미샵 - 클래시 쿨 포켓 반팔 원피스 (3 color) 클래시 쿨 포켓 반팔 원피스 (3 color) (해외배송 가능상품) ( 건) 클래시 쿨 포켓 반팔 원피스 (3 color) 62,500원 620원 (1%) 재입고 알림 SMS 상품 옵션 컬러 - [필수] 옵션을 선택해 주세요 - ------------------- 핑크 민트 네이비 옵션선택 상품 목록 상품명 상품수 가격 클래시 쿨 포켓",48,58,circumference,45,21,,,,,text,"[{""어깨단면"": ""48""}, {""암홀둘레"": ""45""}, {""소매길이"": ""21""}, {""가슴둘레"": ""116""}]"
26423,https://www.misharp.co.kr/product/detail.html?product_no=26423,크로켓 브이 나시 원피스,원피스/스커트,원피스,52400,,슬림핏;민소매핏,55-77,어깨좁음;복부체형;하체통통,뱃살커버;힙커버;허리라인보정,클래식;페미닌;데일리,봄;여름;가을,기본,민소매,브라운,4050,데님;원피스,【린넨70+텐셀30】,47,48,circumference,46,,,,,,text,"[{""어깨단면"": ""47""}, {""암홀둘레"": ""46""}, {""가슴둘레"": ""96""}]"
27499,https://www.misharp.co.kr/product/detail.html?product_no=27499,팝 크로스 방수 앞치마,,,25800,나일론100% 소재이며,슬림핏,55-77,4050 여성 일반체형,,데일리,,기본,,,4050,데님,【물이나 양념이 젖지 않는 방수원단】,,,,,,,,,,,
28719,https://www.misharp.co.kr/product/detail.html?product_no=28719,클레어 보트넥 핀체크 원피스,원피스/스커트,원피스,73500,면100% 소재를 사용하여 피부에 닿는 촉감이 놀라울 정도로 매끄럽습니다,플레어핏;슬림핏;레글런핏;민소매핏,55-77,어깨좁음;복부체형,팔뚝커버;허리라인보정,페미닌;데일리;오피스룩;모임룩,여름;겨울,롱,민소매,네이비,4050,데님;원피스,【허리 뒷밴딩/고밀도 쾌적 코튼】,,49,circumference,,54,,,,,text,"[{""소매길이"": ""54""}, {""가슴둘레"": ""98""}]"
28688,https://www.misharp.co.kr/product/detail.html?product_no=28688,벨르 엠보 슬릿 텐션 스커트,원피스/스커트,스커트,45800,폴리에스터97% 스판3% 혼용의 엠보 원단이며 / 스판3% 혼용의 엠보 원단이며,기본라인,55-66반,복부체형;하체통통,뱃살커버;힙커버;허리라인보정,클래식;데일리,겨울,기본,없음,블랙;아이보리,4050,데님;스커트,【안감있음 / 최고 텐션으로 편해요!】,,,,,,,,,,,
27642,https://www.misharp.co.kr/product/detail.html?product_no=27642,수플레 레이어드 밴딩 스커트,원피스/스커트,스커트,49500,폴리에스터10% 혼용의 소재입니다 / 폴리에스터70% 나일론30% 혼용 소재입니다 / 나일론30% 혼용 소재입니다,기본라인,55-66,복부체형;하체통통,힙커버,클래식;페미닌;데일리;모임룩,여름,기본,없음,블랙;베이지,4050,데님;스커트,【겉감 _ 텐셀 90%】,,,,,,,,,,,
27341,https://www.misharp.co.kr/product/detail.html?product_no=27341,그레이스 새틴 훌 스커트 / 사이즈별,원피스/스커트,스커트,40500,,플레어핏,55-55,복부체형,,데일리,,기본,없음,아이보리;그레이,4050,데님;스커트,【사이즈별】,,,,,,,,,,,
28698,https://www.misharp.co.kr/product/detail.html?product_no=28698,레이어드 랩 펜슬 스커트 / 사이즈별,원피스/스커트,스커트,36640,,랩핏;슬림핏,55-77,복부체형;하체통통,힙커버;허리라인보정,데일리;오피스룩;모임룩,여름;겨울,크롭,없음,아이보리,4050,데님;스커트,【사이즈별로 제작】,,,,,,,,,,,
27613,https://www.misharp.co.kr/product/detail.html?product_no=27613,클래식 코튼 미디 롱 스커트,원피스/스커트,스커트,25100,코튼100% 소재입니다,세미루즈;벌룬소매,55-66반,복부체형;하체통통,뱃살커버;힙커버;허리라인보정,클래식;데일리,,롱,없음,화이트;베이지;그레이,4050,데님;스커트,"미샵 - 클래식 코튼 미디 롱 스커트 (3 color) 클래식 코튼 미디 롱 스커트 (3 color) (해외배송 가능상품) ( 건) 클래식 코튼 미디 롱 스커트 (3 color) 35,800원 25,100원 남은시간 155일 09:44:25 (10,700원 할인) 2017-02-21 00:00 ~ 2026-12-31 23:55 250원 (1%) 재입고 알림 SMS 상품 옵션 컬러 - [필수]",,,,,,,,,,,
26148,https://www.misharp.co.kr/product/detail.html?product_no=26148,N. 루인 브이 원피스 - 베이지만 진행,팬츠,데님,49500,코튼92% 스판8% 소재입니다 / 스판8% 소재입니다,일자핏;슬림핏,55-77,어깨좁음;복부체형;하체통통,힙커버;허리라인보정,클래식;데일리;오피스룩;모임룩,봄;가을;겨울,기본,,베이지,4050,데님;원피스,【국내 원단/국내 공정】,38,53,circumference,49,,,,,,text,"[{""어깨단면"": ""38""}, {""암홀둘레"": ""49""}, {""가슴둘레"": ""106""}]"
28512,https://www.misharp.co.kr/product/detail.html?product_no=28512,코튼 바이오 밴딩 스커트,원피스/스커트,스커트,34000,코튼 100% 소재로,H라인,55-66반,복부체형;하체통통,힙커버;허리라인보정,클래식;데일리;오피스룩,,기본,없음,베이지,4050,데님;스커트;니트,【바이오 워싱 코튼 100%】,,,,,,,,,,,
26749,https://www.misharp.co.kr/product/detail.html?product_no=26749,레이스 미디 텐션 스커트,원피스/스커트,스커트,30800,폴리에스터100% 레이스 소재입니다,세미루즈,55-66,복부체형;하체통통,뱃살커버;힙커버;허리라인보정,페미닌;데일리,봄;여름;가을,롱,없음,아이보리,4050,데님;스커트,"미샵 - 레이스 미디 텐션 스커트 (2 color) 레이스 미디 텐션 스커트 (2 color) (해외배송 가능상품) ( 건) 레이스 미디 텐션 스커트 (2 color) 38,500원 30,800원 남은시간 1250일 21:49:21 (7,700원 할인) 2024-11-26 12:00 ~ 2029-12-31 12:00 300원 (1%) 재입고 알림 SMS 상품 옵션 컬러 - [필수] 옵션을 선",,,,,,,,,,,
27979,https://www.misharp.co.kr/product/detail.html?product_no=27979,로렌 벨트 스트랩 미디 스커트,원피스/스커트,스커트,51600,폴리에스터95% 스판5% 혼용 소재입니다 / 스판5% 혼용 소재입니다 / 스판5%의 탄력으로 착용감이 매우 편안합니다,기본라인,55-66반,복부체형;하체통통,힙커버,클래식;페미닌;데일리,봄;가을;겨울,크롭,없음,베이지,4050,데님;스커트,"미샵 - 로렌 벨트 스트랩 미디 스커트 (2 color) 로렌 벨트 스트랩 미디 스커트 (2 color) (해외배송 가능상품) ( 건) 로렌 벨트 스트랩 미디 스커트 (2 color) 64,500원 51,600원 남은시간 1250일 21:49:19 (12,900원 할인) 2024-11-26 12:00 ~ 2029-12-31 12:00 510원 (1%) 재입고 알림 SMS 상품 옵션 컬러 -",,,,,,,,,,,
25415,https://www.misharp.co.kr/product/detail.html?product_no=25415,클래식 다트 플리츠 스커트 / 사이즈별,원피스/스커트,스커트,62800,,,55-55반,복부체형;하체통통,뱃살커버;힙커버,클래식;페미닌;데일리,여름,기본,없음,블랙;베이지,4050,데님;스커트;니트,"미샵 - 클래식 다트 플리츠 스커트 (3 color) / 사이즈별 클래식 다트 플리츠 스커트 (3 color) / 사이즈별 (해외배송 가능상품) ( 건) 클래식 다트 플리츠 스커트 (3 color) / 사이즈별 62,800원 620원 (1%) 재입고 알림 SMS 상품 옵션 컬러 - [필수] 옵션을 선택해 주세요 - ------------------- 모카베이지 브릭 블랙 사이즈 - [필수]",,,,,,,,,,,
27199,https://www.misharp.co.kr/product/detail.html?product_no=27199,로렌 사이드 버튼 원피스,원피스/스커트,원피스,27700,폴리에스터95% 스판5% 혼용 소재입니다 / 스판5% 혼용 소재입니다,기본라인,55-66,어깨좁음;복부체형;하체통통,힙커버;허리라인보정,클래식;페미닌;데일리;오피스룩,겨울,기본,,베이지,4050,데님;원피스;니트,"미샵 - 로렌 사이드 버튼 원피스 (2 color) 로렌 사이드 버튼 원피스 (2 color) (해외배송 가능상품) ( 건) 로렌 사이드 버튼 원피스 (2 color) 39,500원 27,700원 남은시간 1250일 21:49:16 (11,800원 할인) 2017-02-03 00:00 ~ 2029-12-31 12:00 270원 (1%) 재입고 알림 SMS 상품 옵션 컬러 - [필수] 옵션을",36,48,circumference,46,,,,,,text,"[{""어깨단면"": ""36""}, {""암홀둘레"": ""46""}, {""가슴둘레"": ""96""}]"
27514,https://www.misharp.co.kr/product/detail.html?product_no=27514,미스트 실키 원피스,원피스/스커트,원피스,69500,코튼27% 나일론69% 혼용 소재입니다 / 나일론69% 혼용 소재입니다,슬림핏,55-77,어깨좁음;복부체형;하체통통,뱃살커버;힙커버,페미닌;데일리,여름;겨울,기본,긴팔,베이지;네이비,4050,데님;원피스,"미샵 - 미스트 실키 원피스 (2 color) 미스트 실키 원피스 (2 color) (해외배송 가능상품) ( 건) 미스트 실키 원피스 (2 color) 69,500원 690원 (1%) 재입고 알림 SMS 상품 옵션 컬러 - [필수] 옵션을 선택해 주세요 - ------------------- 베이지 옵션선택 상품 목록 상품명 상품수 가격 미스트 실키 원피스 (2 color) 수량증가 수량감소",36,59,circumference,53,52,,,,,text,"[{""어깨단면"": ""36""}, {""암홀둘레"": ""53""}, {""소매길이"": ""52""}, {""가슴둘레"": ""118""}]"
27214,https://www.misharp.co.kr/product/detail.html?product_no=27214,라인 배색 플리츠 니트 원피스,니트/가디건,니트,65800,폴리에스터68% 레이온,,55-77,어깨좁음;복부체형,허리라인보정,클래식;페미닌;데일리;오피스룩,겨울,기본,긴팔,블랙;아이보리,4050,데님;스커트;원피스;니트,"미샵 - 라인 배색 플리츠 니트 원피스 (1 color) 라인 배색 플리츠 니트 원피스 (1 color) (해외배송 가능상품) ( 건) 라인 배색 플리츠 니트 원피스 (1 color) 65,800원 650원 (1%) 재입고 알림 SMS 상품 옵션 사이즈 - [필수] 옵션을 선택해 주세요 - ------------------- L(66반-77) 옵션선택 상품 목록 상품명 상품수 가격 라인 배색",38,47,circumference,44,58,,,,,text,"[{""어깨단면"": ""38""}, {""암홀둘레"": ""44""}, {""소매길이"": ""58""}, {""가슴둘레"": ""94""}]"
27306,https://www.misharp.co.kr/product/detail.html?product_no=27306,클래식 벨트 H라인 스커트,원피스/스커트,스커트,37500,폴리에스터97% 스판3% 혼용 소재입니다 / 스판3% 혼용 소재입니다,H라인;슬림핏,55-88,복부체형;하체통통,뱃살커버;힙커버;허리라인보정,클래식;데일리;오피스룩,,기본,없음,블랙;베이지,4050,데님;스커트;니트,"미샵 - 클래식 벨트 H라인 스커트 (2 color) 클래식 벨트 H라인 스커트 (2 color) (해외배송 가능상품) ( 건) 클래식 벨트 H라인 스커트 (2 color) 37,500원 370원 (1%) 재입고 알림 SMS 상품 옵션 컬러 - [필수] 옵션을 선택해 주세요 - ------------------- 베이지 블랙 사이즈 - [필수] 옵션을 선택해 주세요 - ------------",,,,,,,,,,,
26110,https://www.misharp.co.kr/product/detail.html?product_no=26110,토즈 스판 H라인 스커트,원피스/스커트,스커트,39500,코튼57% 나일론 / 스판3% 혼용으로 텐션이 뛰어나 착용감 역시 매우 편안합니다 / 스판3% 혼용으로 텐션이 뛰어나 착용감이 매우 편안합니다,H라인;세미루즈,55-66,복부체형;하체통통,힙커버;허리라인보정,클래식;데일리;오피스룩,겨울,기본,없음,,4050,데님;스커트;니트,"미샵 - 토즈 스판 H라인 스커트 (3 color) 토즈 스판 H라인 스커트 (3 color) (해외배송 가능상품) ( 건) 토즈 스판 H라인 스커트 (3 color) 39,500원 390원 (1%) 재입고 알림 SMS 상품 옵션 컬러 - [필수] 옵션을 선택해 주세요 - ------------------- 크림 옵션선택 상품 목록 상품명 상품수 가격 토즈 스판 H라인 스커트 (3 color",,,,,,,,,,,
27378,https://www.misharp.co.kr/product/detail.html?product_no=27378,내추럴 루즈핏 긴팔 셔츠 원피스,블라우스/셔츠,셔츠,45800,코튼100% 소재입니다,루즈핏;세미루즈,55-77,어깨좁음;복부체형;하체통통,뱃살커버;힙커버;허리라인보정,클래식;데일리;오피스룩,,기본,긴팔,블랙,4050,데님;원피스,"미샵 - 내추럴 루즈핏 긴팔 셔츠 원피스 (2 color) 내추럴 루즈핏 긴팔 셔츠 원피스 (2 color) (해외배송 가능상품) ( 건) 내추럴 루즈핏 긴팔 셔츠 원피스 (2 color) 45,800원 450원 (1%) 재입고 알림 SMS 상품 옵션 컬러 - [필수] 옵션을 선택해 주세요 - ------------------- 블랙 옵션선택 상품 목록 상품명 상품수 가격 내추럴 루즈핏 긴팔",48,60,circumference,50,58,,,,,text,"[{""어깨단면"": ""48""}, {""암홀둘레"": ""50""}, {""소매길이"": ""58""}, {""가슴둘레"": ""120""}]"
23634,https://www.misharp.co.kr/product/detail.html?product_no=23634,라인 클래식 원피스,원피스/스커트,원피스,79500,,기본라인,55-77,어깨좁음;복부체형;하체통통,뱃살커버;힙커버;허리라인보정,클래식;데일리;오피스룩,,기본,긴팔,블랙;베이지;그레이,4050,데님;원피스,【브랜드 공정 / 사이즈별 제작】,37.5,46,circumference,44,42.5,,,,,text,"[{""어깨단면"": ""37.5""}, {""암홀둘레"": ""44""}, {""소매길이"": ""42.5""}, {""가슴둘레"": ""92""}]"
24136,https://www.misharp.co.kr/product/detail.html?product_no=24136,클래식 주름 코튼 스커트,원피스/스커트,스커트,46500,,A라인,55-66반,복부체형;하체통통,뱃살커버;힙커버;허리라인보정,클래식;데일리;오피스룩;모임룩,,기본,없음,베이지,4050,데님;스커트,"미샵 - 클래식 주름 코튼 스커트 (3 color) 클래식 주름 코튼 스커트 (3 color) (해외배송 가능상품) ( 건) 클래식 주름 코튼 스커트 (3 color) 46,500원 460원 (1%) 재입고 알림 SMS 상품 옵션 컬러 - [필수] 옵션을 선택해 주세요 - ------------------- 베이지 옵션선택 상품 목록 상품명 상품수 가격 클래식 주름 코튼 스커트 (3 colo",,,,,,,,,,,
28468,https://www.misharp.co.kr/product/detail.html?product_no=28468,헤링본 체크 플리츠 원피스,원피스/스커트,원피스,52200,,슬림핏,55-66반,어깨좁음;복부체형;하체통통,힙커버;허리라인보정,클래식;데일리;오피스룩,겨울,기본,,블랙;아이보리;브라운,4050,데님;원피스;니트,【울20 / 헤링본 클래식 체크】,64,49.5,circumference,50,,,,,,text,"[{""어깨단면"": ""64""}, {""암홀둘레"": ""50""}, {""가슴둘레"": ""99""}]"
28236,https://www.misharp.co.kr/product/detail.html?product_no=28236,루미 코듀로이 미디 스커트,원피스/스커트,스커트,55840,코튼97% 스판3% 혼용 소재입니다 / 스판3% 혼용 소재입니다,기본라인,55-66반,복부체형;하체통통,힙커버,클래식;데일리,,기본,없음,베이지;브라운,4050,데님;스커트,"미샵 - 루미 코듀로이 미디 스커트 (3 color) 루미 코듀로이 미디 스커트 (3 color) (해외배송 가능상품) ( 건) 루미 코듀로이 미디 스커트 (3 color) 69,800원 55,840원 남은시간 1250일 21:49:03 (13,960원 할인) 2024-11-30 12:00 ~ 2029-12-31 12:00 550원 (1%) 재입고 알림 SMS 상품 옵션 컬러 - [필수] 옵",,,,,,,,,,,
28020,https://www.misharp.co.kr/product/detail.html?product_no=28020,루브 레더 플레어 밴딩 스커트,원피스/스커트,스커트,54800,,플레어핏,55-66,복부체형;하체통통,힙커버;허리라인보정,클래식;데일리;오피스룩,가을;겨울,기본,없음,블랙;베이지,4050,데님;스커트;니트,"미샵 - 루브 레더 플레어 밴딩 스커트 (2 color) 루브 레더 플레어 밴딩 스커트 (2 color) (해외배송 가능상품) ( 건) 루브 레더 플레어 밴딩 스커트 (2 color) 68,500원 54,800원 남은시간 1250일 21:49:02 (13,700원 할인) 2024-11-26 12:00 ~ 2029-12-31 12:00 540원 (1%) 재입고 알림 SMS 상품 옵션 컬러 -",,,,,,,,,,,
26874,https://www.misharp.co.kr/product/detail.html?product_no=26874,벨로아 골지 미디 스커트,원피스/스커트,스커트,30500,코튼68% 폴리에스터,H라인,55-66반,복부체형;하체통통,뱃살커버;힙커버;허리라인보정,페미닌;데일리;오피스룩,겨울,기본,없음,블랙;베이지;핑크,4050,데님;스커트;니트,【고급 결의 벨로아 / 코튼68%】,,,,,,,,,,,
26985,https://www.misharp.co.kr/product/detail.html?product_no=26985,루나 플레어 스커트,원피스/스커트,스커트,47840,,플레어핏;슬림핏,55-66,복부체형;하체통통,힙커버,페미닌;데일리;오피스룩;모임룩,겨울,롱,없음,블랙;브라운,4050,데님;스커트;니트,"미샵 - 루나 플레어 스커트 (2 color) 루나 플레어 스커트 (2 color) (해외배송 가능상품) ( 건) 루나 플레어 스커트 (2 color) 59,800원 47,840원 남은시간 1250일 21:48:58 (11,960원 할인) 2024-11-30 12:00 ~ 2029-12-31 12:00 470원 (1%) 재입고 알림 SMS 상품 옵션 컬러 - [필수] 옵션을 선택해 주세요 -",,,,,,,,,,,
28912,https://www.misharp.co.kr/product/detail.html?product_no=28912,쿨링 스탠다드 레글런 브이넥 니트,니트/가디건,니트,26800,폴리에스터15% 혼용 여름 최적의 소재입니다 / 레이온85% 폴리에스터15% 혼용 여름 최적의 소재입니다,세미루즈;레글런핏,55-77,어깨좁음,팔뚝커버;뱃살커버;허리라인보정,클래식;데일리;오피스룩,여름;겨울,롱,레글런소매,화이트;그레이;네이비;브라운,4050,슬랙스;데님;스커트;니트,"미샵 - 쿨링 스탠다드 레글런 브이넥 니트 (5 color) 쿨링 스탠다드 레글런 브이넥 니트 (5 color) (해외배송 가능상품) ( 건) 쿨링 스탠다드 레글런 브이넥 니트 (5 color) 26,800원 260원 (1%) 재입고 알림 SMS 상품 옵션 컬러 - [필수] 옵션을 선택해 주세요 - ------------------- 블루 레드 그레이 브라운 네이비 옵션선택 상품 목록 상품명",,50,circumference,,23,,,,,text,"[{""소매길이"": ""23""}, {""가슴둘레"": ""100""}]"
28991,https://www.misharp.co.kr/product/detail.html?product_no=28991,플로우 텐셀 스트라이프 써머 니트,니트/가디건,니트,34500,,루즈핏;세미루즈;슬림핏,55-77,어깨좁음;팔뚝통통,팔뚝커버;뱃살커버;허리라인보정,클래식;데일리;오피스룩,여름;겨울,기본,5부소매,블랙;화이트;아이보리,4050,슬랙스;데님;스커트;니트,【여름원단 텐셀100%의 차르르핏】,38,50,circumference,47,27.5,,,,,text,"[{""어깨단면"": ""38""}, {""암홀둘레"": ""47""}, {""소매길이"": ""27.5""}, {""가슴둘레"": ""100""}]"
25078,https://www.misharp.co.kr/product/detail.html?product_no=25078,벨라 쿨 홀가먼트 니트,니트/가디건,니트,59800,레이온73% 폴리 혼용의 썸머 니트입니다,,55-77,어깨좁음;하체통통,힙커버;허리라인보정,데일리;오피스룩,여름,기본,긴팔,블랙;화이트;그레이,4050,데님;니트,"미샵 - 벨라 쿨 홀가먼트 니트 (5 color) 벨라 쿨 홀가먼트 니트 (5 color) (해외배송 가능상품) ( 건) 벨라 쿨 홀가먼트 니트 (5 color) 59,800원 590원 (1%) 재입고 알림 SMS 상품 옵션 컬러 - [필수] 옵션을 선택해 주세요 - ------------------- 화이트 그린 모카그레이 블랙 옵션선택 상품 목록 상품명 상품수 가격 벨라 쿨 홀가먼트 니트",,54,circumference,,24,,,,,text,"[{""소매길이"": ""24""}, {""가슴둘레"": ""108""}]"
28863,https://www.misharp.co.kr/product/detail.html?product_no=28863,어반 썸머 데일리 가디건,니트/가디건,가디건,28500,폴리에스터15% 혼용 원사입니다 / 비스코스85% 폴리에스터15% 혼용 원사입니다,민소매핏,55-77,어깨좁음,뱃살커버;허리라인보정,클래식;데일리,여름;겨울,기본,민소매,블랙;아이보리;그레이,4050,슬랙스;데님;스커트;원피스,"미샵 - 어반 썸머 데일리 가디건 (7 color) 어반 썸머 데일리 가디건 (7 color) (해외배송 가능상품) ( 건) 어반 썸머 데일리 가디건 (7 color) 28,500원 280원 (1%) 재입고 알림 SMS 상품 옵션 컬러 - [필수] 옵션을 선택해 주세요 - ------------------- 아이보리 블루 레드 그린 옐로우 그레이 블랙 옵션선택 상품 목록 상품명 상품수 가격",46,55.5,circumference,42,59,,,,,text,"[{""어깨단면"": ""46""}, {""암홀둘레"": ""42""}, {""소매길이"": ""59""}, {""가슴둘레"": ""111""}]"
24881,https://www.misharp.co.kr/product/detail.html?product_no=24881,니엘 코튼 스카시 니트,니트/가디건,니트,38500,"코튼 100% 원사를 사용하여 / 코튼100% 원사로 늘어짐 없이 편안한 착용감을 전합니다 / 코튼 100% 소재를 선호하시는 분 ▪ 하의 매치가 쉬운 클래식한 데일리 단가라 탑을 원하시는 분 ✓ 미리 입어 본 착용후기 (모델/스텝/MD리뷰) ""가볍고 쾌적해서 여름에도 잘 입고 있어요",,55-66반,어깨좁음;팔뚝통통;하체통통,팔뚝커버;뱃살커버;허리라인보정,클래식;데일리;오피스룩,여름;겨울,크롭,5부소매,블랙;화이트;아이보리,4050,슬랙스;데님;스커트;니트,"미샵 - 니엘 코튼 스카시 니트 (2 color) 니엘 코튼 스카시 니트 (2 color) (해외배송 가능상품) ( 건) 니엘 코튼 스카시 니트 (2 color) 38,500원 380원 (1%) 재입고 알림 SMS 상품 옵션 컬러 - [필수] 옵션을 선택해 주세요 - ------------------- 블랙 크림아이보리 옵션선택 상품 목록 상품명 상품수 가격 니엘 코튼 스카시 니트 (2 co",40,49,circumference,45,26,,,,,text,"[{""어깨단면"": ""40""}, {""암홀둘레"": ""45""}, {""소매길이"": ""26""}, {""가슴둘레"": ""98""}]"
26601,https://www.misharp.co.kr/product/detail.html?product_no=26601,더블 버튼 쾌적 썸머 가디건,니트/가디건,가디건,29500,,,55-77,어깨좁음,허리라인보정,데일리;오피스룩,봄;여름;가을,기본,긴팔,블랙;아이보리;베이지,4050,슬랙스;데님;스커트;원피스,"미샵 - 더블 버튼 쾌적 썸머 가디건 (3 color) 더블 버튼 쾌적 썸머 가디건 (3 color) (해외배송 가능상품) ( 건) 더블 버튼 쾌적 썸머 가디건 (3 color) 29,500원 290원 (1%) 재입고 알림 SMS 상품 옵션 컬러 - [필수] 옵션을 선택해 주세요 - ------------------- 아이보리 베이지 블랙 옵션선택 상품 목록 상품명 상품수 가격 더블 버튼 쾌",36,47.5,circumference,46,52,,,,,text,"[{""어깨단면"": ""36""}, {""암홀둘레"": ""46""}, {""소매길이"": ""52""}, {""가슴둘레"": ""95""}]"
28887,https://www.misharp.co.kr/product/detail.html?product_no=28887,쿨 스트라이프 스퀘어 니트,니트/가디건,니트,32500,,세미루즈,55-77,어깨좁음;팔뚝통통;하체통통,팔뚝커버;뱃살커버;허리라인보정,데일리,여름;겨울,롱,긴팔,블랙;화이트,4050,슬랙스;데님;스커트;니트,"미샵 - 쿨 스트라이프 스퀘어 니트 (3 color) 쿨 스트라이프 스퀘어 니트 (3 color) (해외배송 가능상품) ( 건) 쿨 스트라이프 스퀘어 니트 (3 color) 32,500원 320원 (1%) 재입고 알림 SMS 상품 옵션 컬러 - [필수] 옵션을 선택해 주세요 - ------------------- 레드 블루 블랙 옵션선택 상품 목록 상품명 상품수 가격 쿨 스트라이프 스퀘어 니",,54,circumference,,29,,,,,text,"[{""소매길이"": ""29""}, {""가슴둘레"": ""108""}]"
28885,https://www.misharp.co.kr/product/detail.html?product_no=28885,데일리 쿨링 풀오버 가디건,니트/가디건,가디건,32500,폴리에스터15% 혼용의 고기능성 냉감 원사입니다 / 레이온85% 폴리에스터15% 혼용의 고기능성 냉감 원사입니다,세미루즈;정핏,55-66반,어깨좁음;팔뚝통통,팔뚝커버;뱃살커버;허리라인보정,클래식;데일리,여름;겨울,기본,5부소매,블랙;아이보리;핑크,4050,슬랙스;데님;스커트;원피스,【고슬고슬 쿨터치 니트】,36,48,circumference,46,23.5,,,,,text,"[{""어깨단면"": ""36""}, {""암홀둘레"": ""46""}, {""소매길이"": ""23.5""}, {""가슴둘레"": ""96""}]"
28870,https://www.misharp.co.kr/product/detail.html?product_no=28870,N. 비스코스 쿨 브이넥 반팔 가디건,니트/가디건,가디건,28500,비스코스100% 섬유로,민소매핏,55-77,어깨좁음;팔뚝통통;복부체형,팔뚝커버;허리라인보정,클래식;데일리;오피스룩,여름;겨울,크롭,민소매,블랙;화이트;아이보리;베이지;그레이;핑크,4050,슬랙스;데님;스커트;원피스,"【천연비스코스/ S,M,L 제작】",40.5,51,circumference,54,23.5,,,,,text,"[{""어깨단면"": ""40.5""}, {""암홀둘레"": ""54""}, {""소매길이"": ""23.5""}, {""가슴둘레"": ""102""}]"
29010,https://www.misharp.co.kr/product/detail.html?product_no=29010,투웨이 언발 쿨 린넨 니트,니트/가디건,니트,29800,,세미루즈;캡소매;민소매핏,55-66반,어깨좁음;팔뚝통통;복부체형,팔뚝커버;허리라인보정,클래식;데일리,여름;겨울,기본,민소매,블랙;아이보리;베이지;소라,4050,슬랙스;데님;스커트;니트,"미샵 - 투웨이 언발 쿨 린넨 니트 (4 color) 투웨이 언발 쿨 린넨 니트 (4 color) (해외배송 가능상품) ( 건) 투웨이 언발 쿨 린넨 니트 (4 color) 29,800원 290원 (1%) 재입고 알림 SMS 상품 옵션 컬러 - [필수] 옵션을 선택해 주세요 - ------------------- 아이보리 진베이지 소라 블랙 옵션선택 상품 목록 상품명 상품수 가격 투웨이 언발",,49.5,circumference,,21,,,,,text,"[{""소매길이"": ""21""}, {""가슴둘레"": ""99""}]"
28964,https://www.misharp.co.kr/product/detail.html?product_no=28964,디어 톡톡 브이넥 니트 가디건,니트/가디건,니트,43500,면30% / 폴리에스터40% / 나일론30% 혼용의 여름 니트입니다,,55-66반,어깨좁음,뱃살커버;허리라인보정,클래식;페미닌;데일리;오피스룩,여름;겨울,기본,긴팔,블랙;아이보리,4050,슬랙스;데님;니트,"미샵 - 디어 톡톡 브이넥 니트 가디건 (2 color) 디어 톡톡 브이넥 니트 가디건 (2 color) (해외배송 가능상품) ( 건) 디어 톡톡 브이넥 니트 가디건 (2 color) 43,500원 430원 (1%) 재입고 알림 SMS 상품 옵션 컬러 - [필수] 옵션을 선택해 주세요 - ------------------- 아이보리 블랙 옵션선택 상품 목록 상품명 상품수 가격 디어 톡톡 브이",40,54,circumference,47,25,,,,,text,"[{""어깨단면"": ""40""}, {""암홀둘레"": ""47""}, {""소매길이"": ""25""}, {""가슴둘레"": ""108""}]"
28825,https://www.misharp.co.kr/product/detail.html?product_no=28825,미드나잇 여름 반팔 가디건,니트/가디건,가디건,29800,,,55-66반,어깨좁음;하체통통,힙커버,클래식;데일리;오피스룩,여름;겨울,기본,반팔,네이비;브라운,4050,데님;스커트;니트,"미샵 - 미드나잇 여름 반팔 가디건 (3 color) 미드나잇 여름 반팔 가디건 (3 color) (해외배송 가능상품) ( 건) 미드나잇 여름 반팔 가디건 (3 color) 29,800원 290원 (1%) 재입고 알림 SMS 상품 옵션 컬러 - [필수] 옵션을 선택해 주세요 - ------------------- 스카이 브라운 네이비 옵션선택 상품 목록 상품명 상품수 가격 미드나잇 여름 반팔",41,48,circumference,44,19,,,,,text,"[{""어깨단면"": ""41""}, {""암홀둘레"": ""44""}, {""소매길이"": ""19""}, {""가슴둘레"": ""96""}]"
27662,https://www.misharp.co.kr/product/detail.html?product_no=27662,캔들 스트라이프 반팔 니트,니트/가디건,니트,32500,,정핏,55-77,어깨좁음;하체통통,,클래식;데일리;오피스룩,여름;겨울,기본,반팔,아이보리,4050,슬랙스;데님;스커트;니트,"미샵 - 캔들 스트라이프 반팔 니트 (2 color) 캔들 스트라이프 반팔 니트 (2 color) (해외배송 가능상품) ( 건) 캔들 스트라이프 반팔 니트 (2 color) 32,500원 320원 (1%) 재입고 알림 SMS 상품 옵션 컬러 - [필수] 옵션을 선택해 주세요 - ------------------- 아이보리 옵션선택 상품 목록 상품명 상품수 가격 캔들 스트라이프 반팔 니트 (2",34,49.5,circumference,48,25,,,,,text,"[{""어깨단면"": ""34""}, {""암홀둘레"": ""48""}, {""소매길이"": ""25""}, {""가슴둘레"": ""99""}]"
23814,https://www.misharp.co.kr/product/detail.html?product_no=23814,디어 홀가 니트2,니트/가디건,니트,67500,,,55-77,어깨좁음,허리라인보정,클래식;페미닌;데일리,여름;겨울,기본,긴팔,블랙;화이트;베이지,4050,데님;니트,【국내/하이엔드 린넨 니트】,,50.5,circumference,,39,,,,,text,"[{""소매길이"": ""39""}, {""가슴둘레"": ""101""}]"
28922,https://www.misharp.co.kr/product/detail.html?product_no=28922,이지 클래식 카라 레이어드 니트,니트/가디건,니트,29800,,정핏,55-66반,어깨좁음,뱃살커버;허리라인보정,클래식;데일리;오피스룩,여름;겨울,기본,긴팔,화이트;베이지;그레이;네이비;브라운,4050,슬랙스;데님;니트,"미샵 - 이지 클래식 카라 레이어드 니트 (4 color) 이지 클래식 카라 레이어드 니트 (4 color) (해외배송 가능상품) ( 건) 이지 클래식 카라 레이어드 니트 (4 color) 29,800원 290원 (1%) 재입고 알림 SMS 상품 옵션 컬러 - [필수] 옵션을 선택해 주세요 - ------------------- 베이지 그레이 브라운 네이비 옵션선택 상품 목록 상품명 상품수",,46,circumference,,20,,,,,text,"[{""소매길이"": ""20""}, {""가슴둘레"": ""92""}]"
25256,https://www.misharp.co.kr/product/detail.html?product_no=25256,썸머 린넨 스트라이프 니트,니트/가디건,니트,36500,,민소매핏,55-77,어깨좁음;팔뚝통통,팔뚝커버;허리라인보정,클래식;데일리,여름,기본,민소매,블랙;베이지,4050,슬랙스;데님;스커트;니트,"미샵 - 썸머 린넨 스트라이프 니트 (3 color) 썸머 린넨 스트라이프 니트 (3 color) (해외배송 가능상품) ( 건) 썸머 린넨 스트라이프 니트 (3 color) 36,500원 360원 (1%) 재입고 알림 SMS 상품 옵션 컬러 - [필수] 옵션을 선택해 주세요 - ------------------- 베이지 블랙 옵션선택 상품 목록 상품명 상품수 가격 썸머 린넨 스트라이프 니트",,57,circumference,,24,,,,,text,"[{""소매길이"": ""24""}, {""가슴둘레"": ""114""}]"
26619,https://www.misharp.co.kr/product/detail.html?product_no=26619,쿠이 린넨 반팔 라운드 니트,니트/가디건,니트,54500,,세미루즈,55-77,어깨좁음,뱃살커버,클래식;데일리;오피스룩,봄;여름;가을,기본,반팔,화이트,4050,데님;스커트;니트,【고슬한 린넨함유의 니트】,55,56,circumference,45,21,,,,,text,"[{""어깨단면"": ""55""}, {""암홀둘레"": ""45""}, {""소매길이"": ""21""}, {""가슴둘레"": ""112""}]"
26267,https://www.misharp.co.kr/product/detail.html?product_no=26267,트위드 스팽글 반팔 니트 가디건,니트/가디건,니트,38200,,,55-77,어깨좁음,,페미닌;데일리;오피스룩,여름,기본,반팔,아이보리;핑크,4050,슬랙스;데님;니트,"미샵 - 트위드 스팽글 반팔 니트 가디건 (3 color) 트위드 스팽글 반팔 니트 가디건 (3 color) (해외배송 가능상품) ( 건) 트위드 스팽글 반팔 니트 가디건 (3 color) 54,500원 38,200원 남은시간 155일 09:43:31 (16,300원 할인) 2017-02-21 00:00 ~ 2026-12-31 23:55 380원 (1%) 재입고 알림 SMS 상품 옵션 컬러",40,50,circumference,42,27,,,,,text,"[{""어깨단면"": ""40""}, {""암홀둘레"": ""42""}, {""소매길이"": ""27""}, {""가슴둘레"": ""100""}]"
27787,https://www.misharp.co.kr/product/detail.html?product_no=27787,루시 브이 쿨 홀가먼트 니트,니트/가디건,니트,63500,,레글런핏,55-77,어깨좁음;팔뚝통통;하체통통,팔뚝커버;허리라인보정,클래식;데일리;오피스룩,여름;겨울,기본,레글런소매,아이보리;핑크;브라운,4050,슬랙스;데님;스커트;니트,【고슬한 감촉의 린넨15%】,,51,circumference,,37,,,,,text,"[{""소매길이"": ""37""}, {""가슴둘레"": ""102""}]"
27566,https://www.misharp.co.kr/product/detail.html?product_no=27566,루시엘 레드 카라 반팔 니트,니트/가디건,니트,20860,레이온63% 나일론37% 혼용의 여름 니트 소재입니다 / 나일론37% 혼용의 여름 니트 소재입니다,,55-77,어깨좁음,,클래식;데일리;오피스룩,여름;겨울,기본,반팔,,4050,슬랙스;데님;스커트;니트,"미샵 - 루시엘 레드 카라 반팔 니트 (1 color) 루시엘 레드 카라 반팔 니트 (1 color) (해외배송 가능상품) ( 건) 루시엘 레드 카라 반팔 니트 (1 color) 29,800원 20,860원 남은시간 1433일 09:43:28 (8,940원 할인) 2026-07-16 00:00 ~ 2030-07-01 23:55 200원 (1%) 재입고 알림 SMS 상품 옵션 옵션선택 상품 목",38,50,circumference,47,26,,,,,text,"[{""어깨단면"": ""38""}, {""암홀둘레"": ""47""}, {""소매길이"": ""26""}, {""가슴둘레"": ""100""}]"
25166,https://www.misharp.co.kr/product/detail.html?product_no=25166,롱 슬리브 린넨 썸머 니트,니트/가디건,니트,62500,,루즈핏,55-77,어깨좁음,,데일리,여름;겨울,롱,긴팔,브라운,4050,슬랙스;데님;스커트;니트,【린넨15+레이온70 】,,50,circumference,,70,,,,,text,"[{""소매길이"": ""70""}, {""가슴둘레"": ""100""}]"
23866,https://www.misharp.co.kr/product/detail.html?product_no=23866,써머 네트 조끼,,,25500,,,55-77,어깨좁음,,데일리,여름;겨울,기본,반팔,네이비;브라운;카키,4050,슬랙스;데님;스커트;원피스,"미샵 - 써머 네트 조끼 (4 color) 써머 네트 조끼 (4 color) (해외배송 가능상품) ( 건) 써머 네트 조끼 (4 color) 25,500원 250원 (1%) 재입고 알림 SMS 상품 옵션 컬러 - [필수] 옵션을 선택해 주세요 - ------------------- 크림 카키 브라운 네이비 옵션선택 상품 목록 상품명 상품수 가격 써머 네트 조끼 (4 color) 수량증가 수량",39,51,circumference,38,,,,,,text,"[{""어깨단면"": ""39""}, {""암홀둘레"": ""38""}, {""가슴둘레"": ""102""}]"
20022,https://www.misharp.co.kr/product/detail.html?product_no=20022,디어 홀가 니트,니트/가디건,니트,67500,,세미루즈,55-77,어깨좁음,허리라인보정,클래식;데일리,여름;겨울,기본,긴팔,블랙;화이트;베이지,4050,데님;스커트;니트,【국내/하이엔드 린넨 니트】,,50.5,circumference,,39,,,,,text,"[{""소매길이"": ""39""}, {""가슴둘레"": ""101""}]"
28906,https://www.misharp.co.kr/product/detail.html?product_no=28906,루미에르 진주 메쉬 루즈 가디건,니트/가디건,가디건,33500,,세미루즈;민소매핏,55-77,어깨좁음;팔뚝통통;복부체형,팔뚝커버;허리라인보정,클래식;데일리;오피스룩;모임룩,여름;겨울,기본,민소매,블랙,4050,슬랙스;데님;스커트;원피스,"미샵 - 루미에르 진주 메쉬 루즈 가디건 (2 color) 루미에르 진주 메쉬 루즈 가디건 (2 color) (해외배송 가능상품) ( 건) 루미에르 진주 메쉬 루즈 가디건 (2 color) 33,500원 330원 (1%) 재입고 알림 SMS 상품 옵션 컬러 - [필수] 옵션을 선택해 주세요 - ------------------- 크림 블랙 옵션선택 상품 목록 상품명 상품수 가격 루미에르 진주",,56,circumference,,72,,,,,text,"[{""소매길이"": ""72""}, {""가슴둘레"": ""112""}]"
28901,https://www.misharp.co.kr/product/detail.html?product_no=28901,프렌치 모던 비스코스 카라 니트,니트/가디건,니트,34500,비스코스100% 소재 특유의 매끄러운 텍스처가 돋보이는 카라 니트입니다,세미루즈;정핏,55-66반,어깨좁음;하체통통,허리라인보정,클래식;데일리;오피스룩,여름;겨울,기본,긴팔,화이트;아이보리;네이비,4050,슬랙스;데님;니트,"미샵 - 프렌치 모던 비스코스 카라 니트 (2 color) 프렌치 모던 비스코스 카라 니트 (2 color) (해외배송 가능상품) ( 건) 프렌치 모던 비스코스 카라 니트 (2 color) 34,500원 340원 (1%) 재입고 알림 SMS 상품 옵션 컬러 - [필수] 옵션을 선택해 주세요 - ------------------- 아이보리 네이비 옵션선택 상품 목록 상품명 상품수 가격 프렌치",37,47,circumference,44,23,,,,,text,"[{""어깨단면"": ""37""}, {""암홀둘레"": ""44""}, {""소매길이"": ""23""}, {""가슴둘레"": ""94""}]"
25217,https://www.misharp.co.kr/product/detail.html?product_no=25217,알트 썸머 브이 가디건,니트/가디건,가디건,63500,,,55-77,어깨좁음;하체통통,허리라인보정,데일리,여름,기본,긴팔,화이트;핑크;카키,4050,데님;니트,【린넨 함유의 고슬고슬 쿨촉감】,40,49,circumference,44,27,,,,,text,"[{""어깨단면"": ""40""}, {""암홀둘레"": ""44""}, {""소매길이"": ""27""}, {""가슴둘레"": ""98""}]"
27824,https://www.misharp.co.kr/product/detail.html?product_no=27824,프레시 스트라이프 카라 니트,니트/가디건,니트,29500,폴리에스터15%를 더해 형태 안정성과 내구성을 높인 프리미엄 썸머 니트입니다 / 비스코스 85%의 매끄럽고 차르르한 터치감에,,55-66반,어깨좁음,,클래식;페미닌;데일리;오피스룩,,기본,5부소매,블랙;아이보리,4050,슬랙스;데님;스커트;니트,"미샵 - 프레시 스트라이프 카라 니트 (2 color) 프레시 스트라이프 카라 니트 (2 color) (해외배송 가능상품) ( 건) 프레시 스트라이프 카라 니트 (2 color) 29,500원 290원 (1%) 재입고 알림 SMS 상품 옵션 컬러 - [필수] 옵션을 선택해 주세요 - ------------------- 아이보리 블랙 옵션선택 상품 목록 상품명 상품수 가격 프레시 스트라이프 카",53,50.5,circumference,31,,,,,,text,"[{""어깨단면"": ""53""}, {""암홀둘레"": ""31""}, {""가슴둘레"": ""101""}]"
27862,https://www.misharp.co.kr/product/detail.html?product_no=27862,소피아 린넨 레글런 홀가먼트 니트,니트/가디건,니트,58500,레이온 66% / 나일론 19%가 혼합된 고급 여름 원사로,슬림핏;정핏;레글런핏,55-66반,어깨좁음,팔뚝커버;허리라인보정,클래식;데일리;오피스룩,여름;겨울,기본,레글런소매,베이지,4050,슬랙스;데님;스커트;니트,【린넨 15%/레이온 66%】,,48,circumference,,37,,,,,text,"[{""소매길이"": ""37""}, {""가슴둘레"": ""96""}]"
28858,https://www.misharp.co.kr/product/detail.html?product_no=28858,여름 부클 컬러 믹스 가디건,니트/가디건,가디건,32800,,정핏;민소매핏,55-77,어깨좁음,뱃살커버;허리라인보정,클래식;데일리;오피스룩,여름;겨울,기본,민소매,화이트;핑크;네이비;소라,4050,슬랙스;데님;니트,"미샵 - 여름 부클 컬러 믹스 가디건 (4 color) 여름 부클 컬러 믹스 가디건 (4 color) (해외배송 가능상품) ( 건) 여름 부클 컬러 믹스 가디건 (4 color) 32,800원 320원 (1%) 재입고 알림 SMS 상품 옵션 컬러 - [필수] 옵션을 선택해 주세요 - ------------------- 핑크 소라 레드 네이비 옵션선택 상품 목록 상품명 상품수 가격 여름 부클",38,46,circumference,41,20.5,,,,,text,"[{""어깨단면"": ""38""}, {""암홀둘레"": ""41""}, {""소매길이"": ""20.5""}, {""가슴둘레"": ""92""}]"
28859,https://www.misharp.co.kr/product/detail.html?product_no=28859,클래식 무드 스트라이프 반팔 가디건,니트/가디건,가디건,45500,면70% 폴리에스터20% 나일론 혼용 소재입니다 / 폴리에스터20% 나일론 혼용 소재입니다,,55-77,어깨좁음,뱃살커버;허리라인보정,클래식;데일리;오피스룩;학모룩,여름;겨울,기본,반팔,블랙;아이보리,4050,슬랙스;데님;스커트;원피스,"미샵 - 클래식 무드 스트라이프 반팔 가디건 (2 color) 클래식 무드 스트라이프 반팔 가디건 (2 color) (해외배송 가능상품) ( 건) 클래식 무드 스트라이프 반팔 가디건 (2 color) 45,500원 450원 (1%) 재입고 알림 SMS 상품 옵션 컬러 - [필수] 옵션을 선택해 주세요 - ------------------- 아이보리 블랙 옵션선택 상품 목록 상품명 상품수 가격",39,52,circumference,46,25,,,,,text,"[{""어깨단면"": ""39""}, {""암홀둘레"": ""46""}, {""소매길이"": ""25""}, {""가슴둘레"": ""104""}]"
26311,https://www.misharp.co.kr/product/detail.html?product_no=26311,펀칭 스트라이프 브이 조끼,,,29800,폴리에스터10% 혼용 원사입니다,민소매핏,55-66반,어깨좁음,,클래식;데일리,봄;여름;가을,기본,민소매,블랙;베이지,4050,데님;니트,"미샵 - 펀칭 스트라이프 브이 조끼 (3 color) 펀칭 스트라이프 브이 조끼 (3 color) (해외배송 가능상품) ( 건) 펀칭 스트라이프 브이 조끼 (3 color) 29,800원 290원 (1%) 재입고 알림 SMS 상품 옵션 컬러 - [필수] 옵션을 선택해 주세요 - ------------------- 스카이 베이지 블랙 옵션선택 상품 목록 상품명 상품수 가격 펀칭 스트라이프 브이",44,47,circumference,39,,,,,,text,"[{""어깨단면"": ""44""}, {""암홀둘레"": ""39""}, {""가슴둘레"": ""94""}]"
28857,https://www.misharp.co.kr/product/detail.html?product_no=28857,어반 베이직 배색 쿨 니트,니트/가디건,니트,26800,폴리15% 혼용의 니트입니다 / 레이온85% 폴리15% 혼용의 니트입니다,정핏,55-66,어깨좁음;하체통통,뱃살커버,클래식;데일리;오피스룩,여름;겨울,기본,긴팔,화이트;아이보리;핑크;네이비,4050,슬랙스;데님;니트,"미샵 - 어반 베이직 배색 쿨 니트 (5 color) 어반 베이직 배색 쿨 니트 (5 color) (해외배송 가능상품) ( 건) 어반 베이직 배색 쿨 니트 (5 color) 26,800원 260원 (1%) 재입고 알림 SMS 상품 옵션 컬러 - [필수] 옵션을 선택해 주세요 - ------------------- 아이보리 핑크 노랑 그린 네이비 옵션선택 상품 목록 상품명 상품수 가격 어반 베",43,45,circumference,38,17,,,,,text,"[{""어깨단면"": ""43""}, {""암홀둘레"": ""38""}, {""소매길이"": ""17""}, {""가슴둘레"": ""90""}]"
28851,https://www.misharp.co.kr/product/detail.html?product_no=28851,코튼 페이퍼 쿨 스탠다드 니트,니트/가디건,니트,68500,코튼50% 페이퍼30%에 린넨 / 코튼50% 페이퍼30%,슬림핏;레글런핏,55-77,어깨좁음;팔뚝통통;복부체형,팔뚝커버;허리라인보정,클래식;데일리;오피스룩,여름;겨울,기본,레글런소매,그레이;소라,4050,슬랙스;데님;스커트;니트,【프리미엄 한지 원단!】,,52,circumference,,34,,,,,text,"[{""소매길이"": ""34""}, {""가슴둘레"": ""104""}]"
27607,https://www.misharp.co.kr/product/detail.html?product_no=27607,쿨링 브이 레글런 니트,니트/가디건,니트,39800,레이온22% 혼용 니트입니다,레글런핏,55-77,어깨좁음;팔뚝통통;하체통통,팔뚝커버;허리라인보정,클래식;페미닌;데일리;오피스룩,여름;겨울,기본,레글런소매,블랙;아이보리;베이지;브라운,4050,슬랙스;데님;스커트;니트,"미샵 - 쿨링 브이 레글런 니트 (5 color) 쿨링 브이 레글런 니트 (5 color) (해외배송 가능상품) ( 건) 쿨링 브이 레글런 니트 (5 color) 39,800원 390원 (1%) 재입고 알림 SMS 상품 옵션 컬러 - [필수] 옵션을 선택해 주세요 - ------------------- 아이보리 연베이지 블루 브라운 블랙 옵션선택 상품 목록 상품명 상품수 가격 쿨링 브이 레글",,51,circumference,,26,,,,,text,"[{""소매길이"": ""26""}, {""가슴둘레"": ""102""}]"
26429,https://www.misharp.co.kr/product/detail.html?product_no=26429,썸머 홀가먼트 카라 반팔 니트,니트/가디건,니트,64500,,,55-66반,어깨좁음,허리라인보정,클래식;데일리;오피스룩,여름,기본,반팔,블랙;베이지;핑크;브라운;카키,4050,슬랙스;데님;스커트;니트,【홀가먼트/고슬고슬 린넨 혼용 니트】,,48.5,circumference,,35,,,,,text,"[{""소매길이"": ""35""}, {""가슴둘레"": ""97""}]"
28829,https://www.misharp.co.kr/product/detail.html?product_no=28829,메이비 실버 펄 니트 가디건,니트/가디건,니트,36500,폴리에스터30% 혼용 니트입니다 / 비스코스70% 폴리에스터30% 혼용 니트입니다,레글런핏;민소매핏,55-77,어깨좁음;팔뚝통통;하체통통,팔뚝커버;뱃살커버;힙커버;허리라인보정,클래식;데일리;오피스룩;모임룩,여름;겨울,롱,민소매,화이트;아이보리;베이지;네이비,4050,슬랙스;데님;스커트;원피스,"미샵 - 메이비 실버 펄 니트 가디건 (3 color) 메이비 실버 펄 니트 가디건 (3 color) (해외배송 가능상품) ( 건) 메이비 실버 펄 니트 가디건 (3 color) 36,500원 360원 (1%) 재입고 알림 SMS 상품 옵션 컬러 - [필수] 옵션을 선택해 주세요 - ------------------- 화이트 베이지 네이비 옵션선택 상품 목록 상품명 상품수 가격 메이비 실버",,64,circumference,,42,,,,,text,"[{""소매길이"": ""42""}, {""가슴둘레"": ""128""}]"
22477,https://www.misharp.co.kr/product/detail.html?product_no=22477,베르 홀가먼트 니트,니트/가디건,니트,62800,,세미루즈,55-77,어깨좁음;하체통통,허리라인보정,데일리,여름;겨울,기본,긴팔,베이지;그레이,4050,데님;스커트;니트,【냉감이 그대로 느껴지는 쿨니트】,,54,circumference,,43,,,,,text,"[{""소매길이"": ""43""}, {""가슴둘레"": ""108""}]"
27669,https://www.misharp.co.kr/product/detail.html?product_no=27669,피오레 린넨 반팔 가디건,니트/가디건,가디건,67500,레이온70% 혼용 소재입니다,정핏,55-66반,어깨좁음;하체통통,,클래식;데일리,여름,기본,반팔,블랙;아이보리,4050,슬랙스;데님;스커트;니트,【린넨15/ 촘촘한 밀도감과 쿨촉감】,39,47,circumference,47,20,,,,,text,"[{""어깨단면"": ""39""}, {""암홀둘레"": ""47""}, {""소매길이"": ""20""}, {""가슴둘레"": ""94""}]"
28822,https://www.misharp.co.kr/product/detail.html?product_no=28822,린넨 내추럴 아크 오픈 가디건,니트/가디건,가디건,67500,,정핏;민소매핏,55-77,어깨좁음,뱃살커버;허리라인보정,클래식;데일리;오피스룩,여름;겨울,롱,민소매,아이보리;베이지;소라,4050,슬랙스;데님;스커트,【린넨의 고슬함과 레이온의 유연함】,,53,circumference,,72,,,,,text,"[{""소매길이"": ""72""}, {""가슴둘레"": ""106""}]"
23855,https://www.misharp.co.kr/product/detail.html?product_no=23855,웨이 홀가먼트 니트,니트/가디건,니트,62500,,세미루즈,55-77,팔뚝통통;하체통통,팔뚝커버;뱃살커버;힙커버;허리라인보정,데일리,여름,기본,긴팔,블랙;핑크;브라운,4050,데님;니트,고슬고슬 쿨원사에 홀가먼트,,49.5,circumference,,28.5,,,,,text,"[{""소매길이"": ""28.5""}, {""가슴둘레"": ""99""}]"
28807,https://www.misharp.co.kr/product/detail.html?product_no=28807,무어 스트라이프 카라 반팔 니트,니트/가디건,니트,27500,,오버핏;슬림핏,55-77,어깨좁음,뱃살커버;허리라인보정,클래식;데일리;오피스룩;학모룩,봄;여름;가을,기본,반팔,블랙;화이트;베이지;핑크,4050,슬랙스;데님;스커트;니트,"미샵 - 무어 스트라이프 카라 반팔 니트 (3 color) 무어 스트라이프 카라 반팔 니트 (3 color) (해외배송 가능상품) ( 건) 무어 스트라이프 카라 반팔 니트 (3 color) 27,500원 270원 (1%) 재입고 알림 SMS 상품 옵션 컬러 - [필수] 옵션을 선택해 주세요 - ------------------- 베이지 옵션선택 상품 목록 상품명 상품수 가격 무어 스트라이프",48,50,circumference,36,17,,,,,text,"[{""어깨단면"": ""48""}, {""암홀둘레"": ""36""}, {""소매길이"": ""17""}, {""가슴둘레"": ""100""}]"
27798,https://www.misharp.co.kr/product/detail.html?product_no=27798,안나 프레시 홀가먼트 니트,니트/가디건,니트,62800,,레글런핏,55-77,어깨좁음;팔뚝통통;하체통통,팔뚝커버;뱃살커버;허리라인보정,클래식;데일리;오피스룩,여름;겨울,기본,레글런소매,화이트;핑크;브라운,4050,슬랙스;데님;스커트;니트,【린넨15 / 홀가먼트 쿨니트】,,50.5,circumference,,37,,,,,text,"[{""소매길이"": ""37""}, {""가슴둘레"": ""101""}]"
28804,https://www.misharp.co.kr/product/detail.html?product_no=28804,한지 린넨 레글런 카라 니트,니트/가디건,니트,85500,폴리7% 혼용 니트입니다,세미루즈;레글런핏,55-77,어깨좁음;하체통통,팔뚝커버;뱃살커버;허리라인보정,클래식;데일리;오피스룩,여름;겨울,롱,레글런소매,화이트;베이지,4050,슬랙스;데님;스커트;니트,【 린넨14% / 한지가공의 쾌적함 】,,60,circumference,,27,,,,,text,"[{""소매길이"": ""27""}, {""가슴둘레"": ""120""}]"
25073,https://www.misharp.co.kr/product/detail.html?product_no=25073,쿨 썸머 후드 가디건,아우터,점퍼,47500,레이온89% 나일론 혼용의 여름 니트입니다,민소매핏,55-77,어깨좁음;하체통통,뱃살커버;허리라인보정,데일리;오피스룩,여름;겨울,기본,민소매,블랙;화이트,4050,데님;스커트;원피스;니트,"미샵 - 쿨 썸머 후드 가디건 (3 color) 쿨 썸머 후드 가디건 (3 color) (해외배송 가능상품) ( 건) 쿨 썸머 후드 가디건 (3 color) 47,500원 470원 (1%) 재입고 알림 SMS 상품 옵션 컬러 - [필수] 옵션을 선택해 주세요 - ------------------- 화이트 다크스카이 옵션선택 상품 목록 상품명 상품수 가격 쿨 썸머 후드 가디건 (3 color)",,57.5,circumference,,58,,,,,text,"[{""소매길이"": ""58""}, {""가슴둘레"": ""115""}]"
28794,https://www.misharp.co.kr/product/detail.html?product_no=28794,비스코스 쿨 브이넥 긴팔 가디건,니트/가디건,가디건,26500,비스코스100% 특유의 차가운 냉감 소재의 썸머 가디건으로 입는 순간 피부 온도를 낮춰주어 청량감이 압도적입니다 / 비스코스100% 섬유로 / 비스코스 100%로 시원하고 쾌적하게 착용할 수 있습니다,민소매핏,55-77,어깨좁음;복부체형,허리라인보정,클래식;데일리;오피스룩,여름;겨울,크롭,민소매,블랙;화이트;아이보리;베이지;그레이;핑크,4050,슬랙스;데님;스커트;원피스,【3size/천연 비스코스 100%】,40.5,51,circumference,54,57,,,,,text,"[{""어깨단면"": ""40.5""}, {""암홀둘레"": ""54""}, {""소매길이"": ""57""}, {""가슴둘레"": ""102""}]"
26490,https://www.misharp.co.kr/product/detail.html?product_no=26490,베이 코튼 썸머 반팔 니트,니트/가디건,니트,38500,,정핏,55-66,어깨좁음,,클래식;데일리;오피스룩,여름;겨울,기본,반팔,아이보리;네이비;카키,4050,슬랙스;데님;스커트;니트,"미샵 - 베이 코튼 썸머 반팔 니트 (3 color) 베이 코튼 썸머 반팔 니트 (3 color) (해외배송 가능상품) ( 건) 베이 코튼 썸머 반팔 니트 (3 color) 38,500원 380원 (1%) 재입고 알림 SMS 상품 옵션 컬러 - [필수] 옵션을 선택해 주세요 - ------------------- 아이보리 카키 블루네이비 옵션선택 상품 목록 상품명 상품수 가격 베이 코튼 썸머",38.5,44,circumference,44,22,,,,,text,"[{""어깨단면"": ""38.5""}, {""암홀둘레"": ""44""}, {""소매길이"": ""22""}, {""가슴둘레"": ""88""}]"
28790,https://www.misharp.co.kr/product/detail.html?product_no=28790,멜로우 셔벗 쿨 카라 니트,니트/가디건,니트,34500,,세미루즈;정핏,55-66반,어깨좁음;복부체형;하체통통,뱃살커버;허리라인보정,클래식;데일리;오피스룩,여름;겨울,기본,긴팔,화이트;아이보리;베이지;소라,4050,슬랙스;데님;니트,【천연 린넨의 통기성】,39,46.5,circumference,49,24,,,,,text,"[{""어깨단면"": ""39""}, {""암홀둘레"": ""49""}, {""소매길이"": ""24""}, {""가슴둘레"": ""93""}]"
27564,https://www.misharp.co.kr/product/detail.html?product_no=27564,메리 쿨 리본 오픈 가디건,니트/가디건,가디건,22800,폴리에스터92% 스판8% 혼용 소재이며 / 폴리에스터92% 스판8% 혼용 소재입니다 / 스판8% 혼용 소재이며 / 스판8% 혼용 소재입니다,민소매핏,55-66반,어깨좁음;팔뚝통통,팔뚝커버;허리라인보정,페미닌;데일리,여름;겨울,기본,민소매,블랙;아이보리,4050,슬랙스;데님;스커트;원피스,"미샵 - 메리 쿨 리본 오픈 가디건 (2 color) 메리 쿨 리본 오픈 가디건 (2 color) (해외배송 가능상품) ( 건) 메리 쿨 리본 오픈 가디건 (2 color) 28,500원 22,800원 남은시간 886일 09:42:44 (5,700원 할인) 2022-08-24 00:00 ~ 2028-12-31 23:55 220원 (1%) 재입고 알림 SMS 상품 옵션 컬러 - [필수] 옵션을",38.5,47.5,circumference,42,55,,,,,text,"[{""어깨단면"": ""38.5""}, {""암홀둘레"": ""42""}, {""소매길이"": ""55""}, {""가슴둘레"": ""95""}]"
27481,https://www.misharp.co.kr/product/detail.html?product_no=27481,리프레시 베이직 긴팔 가디건,니트/가디건,가디건,20700,폴리에스터15% 혼용 니트입니다 / 레이온85% 폴리에스터15% 혼용 니트입니다,정핏,55-66반,어깨좁음,허리라인보정,클래식;데일리,여름,기본,긴팔,,4050,데님;니트,"미샵 - 리프레시 베이직 긴팔 가디건 (4 color) 리프레시 베이직 긴팔 가디건 (4 color) (해외배송 가능상품) ( 건) 리프레시 베이직 긴팔 가디건 (4 color) 29,500원 20,700원 남은시간 1250일 21:47:42 (8,800원 할인) 2017-02-03 00:00 ~ 2029-12-31 12:00 200원 (1%) 재입고 알림 SMS 상품 옵션 컬러 - [필수]",41,48,circumference,40,54.5,,,,,text,"[{""어깨단면"": ""41""}, {""암홀둘레"": ""40""}, {""소매길이"": ""54.5""}, {""가슴둘레"": ""96""}]"
26607,https://www.misharp.co.kr/product/detail.html?product_no=26607,셀르 썸머 반팔 니트 가디건,니트/가디건,니트,54500,,,55-66반,어깨좁음,허리라인보정,클래식;데일리,여름;겨울,기본,반팔,아이보리;핑크,4050,데님;스커트;니트,【린넨 14】,38,49,circumference,46,24,,,,,text,"[{""어깨단면"": ""38""}, {""암홀둘레"": ""46""}, {""소매길이"": ""24""}, {""가슴둘레"": ""98""}]"
26161,https://www.misharp.co.kr/product/detail.html?product_no=26161,린넨 루즈핏 긴팔 니트,니트/가디건,니트,25100,,루즈핏;세미루즈,55-66반,어깨좁음,허리라인보정,클래식;데일리;오피스룩,여름;겨울,기본,긴팔,,4050,슬랙스;데님;니트,"미샵 - 린넨 루즈핏 긴팔 니트 (3 color) 린넨 루즈핏 긴팔 니트 (3 color) (해외배송 가능상품) ( 건) 린넨 루즈핏 긴팔 니트 (3 color) 35,800원 25,100원 남은시간 1250일 21:47:40 (10,700원 할인) 2017-02-03 00:00 ~ 2029-12-31 12:00 250원 (1%) 재입고 알림 SMS 상품 옵션 컬러 - [필수] 옵션을 선택해",43,48,circumference,42,59,,,,,text,"[{""어깨단면"": ""43""}, {""암홀둘레"": ""42""}, {""소매길이"": ""59""}, {""가슴둘레"": ""96""}]"
27249,https://www.misharp.co.kr/product/detail.html?product_no=27249,리브 케이블 반팔 니트,니트/가디건,니트,34500,,정핏,55-77,어깨좁음,,데일리,여름,크롭,반팔,,4050,슬랙스;데님;니트,"미샵 - 리브 케이블 반팔 니트 (3 color) 리브 케이블 반팔 니트 (3 color) (해외배송 가능상품) ( 건) 리브 케이블 반팔 니트 (3 color) 34,500원 340원 (1%) 재입고 알림 SMS 상품 옵션 컬러 - [필수] 옵션을 선택해 주세요 - ------------------- 아쿠아블루 옵션선택 상품 목록 상품명 상품수 가격 리브 케이블 반팔 니트 (3 color)",39,49.5,circumference,44,20,,,,,text,"[{""어깨단면"": ""39""}, {""암홀둘레"": ""44""}, {""소매길이"": ""20""}, {""가슴둘레"": ""99""}]"
28658,https://www.misharp.co.kr/product/detail.html?product_no=28658,린 새들 브이넥 긴팔 니트,니트/가디건,니트,26240,,세미루즈,55-77,어깨좁음,허리라인보정,클래식;데일리;오피스룩,봄;가을;겨울,기본,긴팔,블랙;브라운,4050,슬랙스;데님;스커트;니트,"미샵 - 린 새들 브이넥 긴팔 니트 (4 color) 린 새들 브이넥 긴팔 니트 (4 color) (해외배송 가능상품) ( 건) 린 새들 브이넥 긴팔 니트 (4 color) 32,800원 26,240원 남은시간 1250일 21:47:37 (6,560원 할인) 2024-11-26 12:00 ~ 2029-12-31 12:00 260원 (1%) 재입고 알림 SMS 상품 옵션 컬러 - [필수] 옵션",,55,circumference,,73,18,56,,,text,"[{""소매길이"": ""73""}, {""소매둘레"": ""18""}, {""총장"": ""56""}, {""가슴둘레"": ""110""}]"
27462,https://www.misharp.co.kr/product/detail.html?product_no=27462,썸머 레이어드 네트 조끼,,,25500,,,55-66반,어깨좁음;복부체형,뱃살커버,데일리,봄;여름;가을,크롭,반팔,베이지;네이비;소라,4050,데님;스커트;니트,【고객 포토후기 ↑ 】,36,46,circumference,48,,,,,,text,"[{""어깨단면"": ""36""}, {""암홀둘레"": ""48""}, {""가슴둘레"": ""92""}]"
28720,https://www.misharp.co.kr/product/detail.html?product_no=28720,컬러 배색 쿨메쉬 긴팔 가디건,니트/가디건,가디건,36500,폴리에스터51% 혼용 원사입니다 / 울5% 폴리에스터51% 혼용 원사입니다,세미루즈,55-77,어깨좁음;하체통통,뱃살커버;힙커버,데일리;오피스룩,여름;겨울,기본,긴팔,브라운,4050,데님;니트,"미샵 - 컬러 배색 쿨메쉬 긴팔 가디건 (2 color) 컬러 배색 쿨메쉬 긴팔 가디건 (2 color) (해외배송 가능상품) ( 건) 컬러 배색 쿨메쉬 긴팔 가디건 (2 color) 36,500원 360원 (1%) 재입고 알림 SMS 상품 옵션 컬러 - [필수] 옵션을 선택해 주세요 - ------------------- 스카이 옐로우 옵션선택 상품 목록 상품명 상품수 가격 컬러 배색 쿨메",39,52.5,circumference,46,61,,,,,text,"[{""어깨단면"": ""39""}, {""암홀둘레"": ""46""}, {""소매길이"": ""61""}, {""가슴둘레"": ""105""}]"
28555,https://www.misharp.co.kr/product/detail.html?product_no=28555,슬로우 브이넥 반팔 니트,니트/가디건,니트,26800,,루즈핏;벌룬소매,55-77,어깨좁음;팔뚝통통;복부체형,팔뚝커버;뱃살커버;허리라인보정,데일리;오피스룩,봄;여름;가을,기본,반팔,블랙;베이지,4050,데님;스커트;니트,"미샵 - 슬로우 브이넥 반팔 니트 (3 color) 슬로우 브이넥 반팔 니트 (3 color) (해외배송 가능상품) ( 건) 슬로우 브이넥 반팔 니트 (3 color) 26,800원 260원 (1%) 재입고 알림 SMS 상품 옵션 컬러 - [필수] 옵션을 선택해 주세요 - ------------------- 블랙 옵션선택 상품 목록 상품명 상품수 가격 슬로우 브이넥 반팔 니트 (3 color",38,51,circumference,45,36,,,,,text,"[{""어깨단면"": ""38""}, {""암홀둘레"": ""45""}, {""소매길이"": ""36""}, {""가슴둘레"": ""102""}]"
27899,https://www.misharp.co.kr/product/detail.html?product_no=27899,라이트 린넨 긴팔 가디건,니트/가디건,가디건,32500,폴리에스터20% 비스코스20% 혼용 니트입니다 / 비스코스20% 혼용 니트입니다,민소매핏,55-77,어깨좁음,허리라인보정,클래식;데일리;오피스룩,봄;여름;가을,기본,민소매,화이트;그레이;핑크,4050,데님;원피스;니트,"미샵 - 라이트 린넨 긴팔 가디건 (3 color) 라이트 린넨 긴팔 가디건 (3 color) (해외배송 가능상품) ( 건) 라이트 린넨 긴팔 가디건 (3 color) 32,500원 320원 (1%) 재입고 알림 SMS 상품 옵션 컬러 - [필수] 옵션을 선택해 주세요 - ------------------- 화이트 핑크 그레이 옵션선택 상품 목록 상품명 상품수 가격 라이트 린넨 긴팔 가디건",44,55.5,circumference,52,58,,,,,text,"[{""어깨단면"": ""44""}, {""암홀둘레"": ""52""}, {""소매길이"": ""58""}, {""가슴둘레"": ""111""}]"
28699,https://www.misharp.co.kr/product/detail.html?product_no=28699,안티필링 홀가먼트 반팔 브이 니트,니트/가디건,니트,38500,,슬림핏,55-77,어깨좁음,,데일리;오피스룩,여름;겨울,기본,반팔,아이보리;핑크,4050,데님;니트,【안티 필링 원사로 보풀최소화】,55,51,circumference,34,18,,,,,text,"[{""어깨단면"": ""55""}, {""암홀둘레"": ""34""}, {""소매길이"": ""18""}, {""가슴둘레"": ""102""}]"
28677,https://www.misharp.co.kr/product/detail.html?product_no=28677,슬론 스트라이프 배색 가디건,니트/가디건,가디건,30800,,슬림핏,55-77,어깨좁음,뱃살커버;허리라인보정,클래식;데일리;오피스룩,봄;가을;겨울,기본,긴팔,브라운,4050,슬랙스;데님;스커트,"미샵 - 슬론 스트라이프 배색 가디건 (3 color) 슬론 스트라이프 배색 가디건 (3 color) (해외배송 가능상품) ( 건) 슬론 스트라이프 배색 가디건 (3 color) 38,500원 30,800원 남은시간 1250일 21:47:27 (7,700원 할인) 2024-11-26 12:00 ~ 2029-12-31 12:00 300원 (1%) 재입고 알림 SMS 상품 옵션 컬러 - [필수]",41,50,circumference,43,57,,,,,text,"[{""어깨단면"": ""41""}, {""암홀둘레"": ""43""}, {""소매길이"": ""57""}, {""가슴둘레"": ""100""}]"
28668,https://www.misharp.co.kr/product/detail.html?product_no=28668,어반 소프트 스트라이프 니트,니트/가디건,니트,23600,울10% 혼방으로 가볍지만 / 울10% 혼방으로 가벼운 포근함을 더했습니다,,55-66,어깨좁음;팔뚝통통,팔뚝커버;뱃살커버;허리라인보정,데일리,겨울,기본,긴팔,아이보리;베이지,4050,슬랙스;데님;스커트;니트,"미샵 - 어반 소프트 스트라이프 니트 (3 color) 어반 소프트 스트라이프 니트 (3 color) (해외배송 가능상품) ( 건) 어반 소프트 스트라이프 니트 (3 color) 29,500원 23,600원 남은시간 1250일 21:47:26 (5,900원 할인) 2024-11-26 12:00 ~ 2029-12-31 12:00 230원 (1%) 재입고 알림 SMS 상품 옵션 컬러 - [필수]",38,44,circumference,44,56,,,,,text,"[{""어깨단면"": ""38""}, {""암홀둘레"": ""44""}, {""소매길이"": ""56""}, {""가슴둘레"": ""88""}]"
28633,https://www.misharp.co.kr/product/detail.html?product_no=28633,시나몬 울 소프트 니트 자켓,아우터,자켓,24200,폴리에스터60% + 레이온20% - 도톰하고 부드러운 촉감 / 레이온20% - 도톰하고 부드러운 촉감 / 울20% + 폴리에스터60% + 레이온20% - 도톰하고 부드러운 촉감,루즈핏,55-77,어깨좁음;하체통통,허리라인보정,클래식;데일리,봄;가을;겨울,크롭,긴팔,아이보리;베이지,4050,데님;니트,"미샵 - 시나몬 울 소프트 니트 자켓 (3 color) 시나몬 울 소프트 니트 자켓 (3 color) (해외배송 가능상품) ( 건) 시나몬 울 소프트 니트 자켓 (3 color) 34,500원 24,200원 남은시간 1250일 21:47:24 (10,300원 할인) 2017-02-03 00:00 ~ 2029-12-31 12:00 240원 (1%) 재입고 알림 SMS 상품 옵션 컬러 - [필수",51,51,circumference,41,48,,,,,text,"[{""어깨단면"": ""51""}, {""암홀둘레"": ""41""}, {""소매길이"": ""48""}, {""가슴둘레"": ""102""}]"
28604,https://www.misharp.co.kr/product/detail.html?product_no=28604,에어리 파스텔 파인울 라운드 가디건,니트/가디건,가디건,56500,울 100% 특유의 포근함이 느껴져요 / 울 100% 소재를 사용하여 아주 얇고 섬세하게 직조되었습니다,세미루즈,55-77,어깨좁음;복부체형,허리라인보정,데일리,봄;여름;가을,기본,반팔,화이트;브라운,4050,슬랙스;데님;스커트;니트,【얇고 섬세한 프리미엄 파인울 100%】,41,51,circumference,48,62,,,,,text,"[{""어깨단면"": ""41""}, {""암홀둘레"": ""48""}, {""소매길이"": ""62""}, {""가슴둘레"": ""102""}]"
27921,https://www.misharp.co.kr/product/detail.html?product_no=27921,키플 스트라이프 긴팔 가디건,니트/가디건,가디건,27840,레이온50% 나일론,세미루즈;정핏,55-66,어깨좁음,,클래식;데일리;오피스룩,봄;여름;가을,기본,긴팔,그레이,4050,데님,"미샵 - 키플 스트라이프 긴팔 가디건 (3 color) 키플 스트라이프 긴팔 가디건 (3 color) (해외배송 가능상품) ( 건) 키플 스트라이프 긴팔 가디건 (3 color) 34,800원 27,840원 남은시간 1250일 21:47:21 (6,960원 할인) 2024-11-26 12:00 ~ 2029-12-31 12:00 270원 (1%) 재입고 알림 SMS 상품 옵션 컬러 - [필수]",35,43.5,circumference,38,63,,,,,text,"[{""어깨단면"": ""35""}, {""암홀둘레"": ""38""}, {""소매길이"": ""63""}, {""가슴둘레"": ""87""}]"
28201,https://www.misharp.co.kr/product/detail.html?product_no=28201,시즌리스 베이직 라운드 니트,니트/가디건,니트,20400,,,55-77,어깨좁음,,클래식;데일리,봄;가을,기본,긴팔,블랙;아이보리;베이지;그레이,4050,데님;니트,【사이즈별 제작 니트】,40,52,circumference,48,58.5,,,,,text,"[{""어깨단면"": ""40""}, {""암홀둘레"": ""48""}, {""소매길이"": ""58.5""}, {""가슴둘레"": ""104""}]"
27338,https://www.misharp.co.kr/product/detail.html?product_no=27338,멜랑 캐시미어 브이 조끼,,,34800,울55% 혼용 니트입니다,정핏,55-66,어깨좁음,,클래식;데일리,봄;여름;가을,크롭,반팔,그레이,4050,데님;니트,【캐시미어5+파인울55】,41,46,circumference,42,,,,,,text,"[{""어깨단면"": ""41""}, {""암홀둘레"": ""42""}, {""가슴둘레"": ""92""}]"
28585,https://www.misharp.co.kr/product/detail.html?product_no=28585,데일리 솔루션 브이넥 가디건 / 사이즈별,니트/가디건,가디건,27500,,,55-77,어깨좁음;복부체형;하체통통,힙커버;허리라인보정,데일리,봄;가을;겨울,기본,긴팔,블랙;화이트;베이지;그레이,4050,슬랙스;데님;스커트;니트,【사이즈별 제작 입고】,,56,circumference,,67,,,,,text,"[{""소매길이"": ""67""}, {""가슴둘레"": ""112""}]"
28546,https://www.misharp.co.kr/product/detail.html?product_no=28546,무드 드레이프 홀가먼트 조끼,,,59800,울 100% 소재 특유의 탄탄하면서도 부드러운 질감이 브이넥 라인을 따라 우아하게 흐르는 것이 특징입니다 / 울100% 원사를 사용했습니다,,55-77,어깨좁음;팔뚝통통;하체통통,팔뚝커버;힙커버;허리라인보정,클래식;데일리,봄;가을;겨울,기본,긴팔,브라운,4050,슬랙스;데님;스커트;니트,【울100%의 고급 홀가먼트】,,70.5,circumference,,33,,,,,text,"[{""소매길이"": ""33""}, {""가슴둘레"": ""141""}]"
20889,https://www.misharp.co.kr/product/detail.html?product_no=20889,선데이 울 가디건,니트/가디건,가디건,53500,울60%의 제법 톡톡한 니트로 가터뜨개 타입으로 나름의 두께감을 지니고 있습니다 / 울 60% 혼용으로 보온성이 좋습니다,오버핏;루즈핏,55-77,어깨좁음,힙커버;허리라인보정,데일리;오피스룩,겨울,하프,긴팔,,4050,데님;니트,【울60】,,74,circumference,,70,,,,,text,"[{""소매길이"": ""70""}, {""가슴둘레"": ""148""}]"
28535,https://www.misharp.co.kr/product/detail.html?product_no=28535,캐빈 집업 니트 조끼,니트/가디건,니트,21440,,정핏,55-77,어깨좁음,허리라인보정,클래식;데일리;오피스룩,겨울,기본,,화이트;네이비,4050,데님;니트,"미샵 - 캐빈 집업 니트 조끼 (3 color) 캐빈 집업 니트 조끼 (3 color) (해외배송 가능상품) ( 건) 캐빈 집업 니트 조끼 (3 color) 26,800원 21,440원 남은시간 1250일 21:47:13 (5,360원 할인) 2024-11-26 12:00 ~ 2029-12-31 12:00 210원 (1%) 재입고 알림 SMS 상품 옵션 컬러 - [필수] 옵션을 선택해 주세요",36,52,circumference,52,,,,,,text,"[{""어깨단면"": ""36""}, {""암홀둘레"": ""52""}, {""가슴둘레"": ""104""}]"
28190,https://www.misharp.co.kr/product/detail.html?product_no=28190,모던 레이어드 카라 니트,니트/가디건,니트,38200,울60% 레이온,정핏,55-66반,어깨좁음,허리라인보정,클래식;페미닌;데일리;오피스룩,겨울,기본,긴팔,브라운,4050,슬랙스;데님;니트,【을60 / 카라셔츠와 니트가 함께】,49,44.5,circumference,38,51,,,,,text,"[{""어깨단면"": ""49""}, {""암홀둘레"": ""38""}, {""소매길이"": ""51""}, {""가슴둘레"": ""89""}]"
28180,https://www.misharp.co.kr/product/detail.html?product_no=28180,루미 홀가먼트 7부 니트,니트/가디건,니트,46100,울65% 혼용 니트입니다 / 나일론30% 혼용으로 형태안정성이 뛰어나며,,55-77,어깨좁음,허리라인보정,데일리,봄;가을;겨울,기본,7부소매,,4050,슬랙스;데님;니트,【울60+캐시미어5/홀가먼트 여리핏】,,50.5,circumference,,52,,,,,text,"[{""소매길이"": ""52""}, {""가슴둘레"": ""101""}]"
26790,https://www.misharp.co.kr/product/detail.html?product_no=26790,베르 파인울 브이넥 니트,니트/가디건,니트,38000,울13% 혼용의 원사입니다,,55-77,어깨좁음;하체통통,허리라인보정,데일리,겨울,기본,긴팔,블랙;아이보리;그레이,4050,데님;스커트;니트,【캐시미어3+슈퍼파인울13】,40,50,circumference,39,59,,,,,text,"[{""어깨단면"": ""40""}, {""암홀둘레"": ""39""}, {""소매길이"": ""59""}, {""가슴둘레"": ""100""}]"
28506,https://www.misharp.co.kr/product/detail.html?product_no=28506,블로썸 포근 카라 니트,니트/가디건,니트,41700,울60%가 블렌딩되어 포근하면서도 부드러운 촉감이 느껴집니다,세미루즈;정핏,55-66반,어깨좁음,뱃살커버,클래식;데일리,겨울,크롭,긴팔,,4050,데님;니트,【울60+캐시미어5】,,49,circumference,,56,,,,,text,"[{""소매길이"": ""56""}, {""가슴둘레"": ""98""}]"
27305,https://www.misharp.co.kr/product/detail.html?product_no=27305,코지 라운드 루즈핏 니트,니트/가디건,니트,45500,울10% 아크릴,루즈핏,55-77,어깨좁음,,페미닌;데일리;오피스룩,봄;여름;겨울,크롭,긴팔,아이보리;베이지;그레이;카키,4050,데님;스커트;니트,"미샵 - 코지 라운드 루즈핏 니트 (3 color) 코지 라운드 루즈핏 니트 (3 color) (해외배송 가능상품) ( 건) 코지 라운드 루즈핏 니트 (3 color) 45,500원 450원 (1%) 재입고 알림 SMS 상품 옵션 컬러 - [필수] 옵션을 선택해 주세요 - ------------------- 다크카키 옵션선택 상품 목록 상품명 상품수 가격 코지 라운드 루즈핏 니트 (3 col",60,64.5,circumference,40,48,,,,,text,"[{""어깨단면"": ""60""}, {""암홀둘레"": ""40""}, {""소매길이"": ""48""}, {""가슴둘레"": ""129""}]"
27208,https://www.misharp.co.kr/product/detail.html?product_no=27208,루즈핏 배색 니트 조끼,니트/가디건,니트,39500,폴리에스터50% 혼용 니트입니다,루즈핏,55-77,어깨좁음;하체통통,힙커버;허리라인보정,클래식;데일리;오피스룩,봄;가을;간절기,기본,,화이트;아이보리;베이지;브라운,4050,슬랙스;데님;니트,"미샵 - 루즈핏 배색 니트 조끼 (2 color) 루즈핏 배색 니트 조끼 (2 color) (해외배송 가능상품) ( 건) 루즈핏 배색 니트 조끼 (2 color) 39,500원 390원 (1%) 재입고 알림 SMS 상품 옵션 컬러 - [필수] 옵션을 선택해 주세요 - ------------------- 베이지 옵션선택 상품 목록 상품명 상품수 가격 루즈핏 배색 니트 조끼 (2 color) 수",52,59.5,circumference,48,,,,,,text,"[{""어깨단면"": ""52""}, {""암홀둘레"": ""48""}, {""가슴둘레"": ""119""}]"
28501,https://www.misharp.co.kr/product/detail.html?product_no=28501,본 브이넥 버튼 울 가디건,니트/가디건,가디건,29800,울5%가 블렌딩된 원단으로 가볍지만 따뜻합니다,,55-77,어깨좁음,허리라인보정,클래식;데일리,겨울,기본,긴팔,화이트;그레이;브라운,4050,데님;원피스;니트,"미샵 - 본 브이넥 버튼 울 가디건 (4 color) 본 브이넥 버튼 울 가디건 (4 color) (해외배송 가능상품) ( 건) 본 브이넥 버튼 울 가디건 (4 color) 29,800원 290원 (1%) 재입고 알림 SMS 상품 옵션 컬러 - [필수] 옵션을 선택해 주세요 - ------------------- 그레이 브라운 옵션선택 상품 목록 상품명 상품수 가격 본 브이넥 버튼 울 가디건",45,51,circumference,40,51,,,,,text,"[{""어깨단면"": ""45""}, {""암홀둘레"": ""40""}, {""소매길이"": ""51""}, {""가슴둘레"": ""102""}]"
28331,https://www.misharp.co.kr/product/detail.html?product_no=28331,앤 스트라이프 카라 니트,니트/가디건,니트,45800,,세미루즈,55-77,어깨좁음;하체통통,뱃살커버;허리라인보정,클래식;데일리;오피스룩,,기본,긴팔,그레이,4050,슬랙스;데님;스커트;니트,"미샵 - 앤 스트라이프 카라 니트 (2 color) 앤 스트라이프 카라 니트 (2 color) (해외배송 가능상품) ( 건) 앤 스트라이프 카라 니트 (2 color) 45,800원 450원 (1%) 재입고 알림 SMS 상품 옵션 컬러 - [필수] 옵션을 선택해 주세요 - ------------------- 그레이 옵션선택 상품 목록 상품명 상품수 가격 앤 스트라이프 카라 니트 (2 colo",41,55,circumference,42,54.5,,,,,text,"[{""어깨단면"": ""41""}, {""암홀둘레"": ""42""}, {""소매길이"": ""54.5""}, {""가슴둘레"": ""110""}]"
28397,https://www.misharp.co.kr/product/detail.html?product_no=28397,다이아 샤인 헤어리 니트,니트/가디건,니트,39800,폴리에스터100% 헤어리 원단으로 가볍지만 공기를 머금은 듯 포근합니다,세미루즈,55-77,어깨좁음;하체통통,뱃살커버;힙커버,클래식;데일리,겨울,기본,긴팔,그레이,4050,슬랙스;데님;스커트;니트,"미샵 - 다이아 샤인 헤어리 니트 (2 color) 다이아 샤인 헤어리 니트 (2 color) (해외배송 가능상품) ( 건) 다이아 샤인 헤어리 니트 (2 color) 39,800원 390원 (1%) 재입고 알림 SMS 상품 옵션 컬러 - [필수] 옵션을 선택해 주세요 - ------------------- 다크그레이 옵션선택 상품 목록 상품명 상품수 가격 다이아 샤인 헤어리 니트 (2 co",57,56,circumference,42,46,,,,,text,"[{""어깨단면"": ""57""}, {""암홀둘레"": ""42""}, {""소매길이"": ""46""}, {""가슴둘레"": ""112""}]"
28490,https://www.misharp.co.kr/product/detail.html?product_no=28490,소울 하이넥 반목 니트,니트/가디건,니트,32500,폴리에스터31% 혼방으로 / 비스코스29% 폴리에스터31% 혼방으로,드롭숄더,55-77,어깨좁음;하체통통,힙커버;허리라인보정,클래식;데일리;오피스룩,봄;가을;겨울,롱,드롭숄더,블랙,4050,슬랙스;데님;스커트;니트,"미샵 - 소울 하이넥 반목 니트 (3 color) 소울 하이넥 반목 니트 (3 color) (해외배송 가능상품) ( 건) 소울 하이넥 반목 니트 (3 color) 32,500원 320원 (1%) 재입고 알림 SMS 상품 옵션 컬러 - [필수] 옵션을 선택해 주세요 - ------------------- 블랙 옵션선택 상품 목록 상품명 상품수 가격 소울 하이넥 반목 니트 (3 color) 수량",49,58.5,circumference,43,50,,,,,text,"[{""어깨단면"": ""49""}, {""암홀둘레"": ""43""}, {""소매길이"": ""50""}, {""가슴둘레"": ""117""}]"
28484,https://www.misharp.co.kr/product/detail.html?product_no=28484,메인 스카프 세트 니트,니트/가디건,니트,36800,울5% 텐셀5% 혼용 니트로 피부에 닿는 느낌은 부드럽고 가벼우며,,55-66,어깨좁음,허리라인보정,클래식;데일리;오피스룩,봄;가을;겨울,기본,긴팔,그레이,4050,슬랙스;데님;스커트;니트,【니트&스카프 세트/다양한 스타일링】,39,46,circumference,40,60,,,,,text,"[{""어깨단면"": ""39""}, {""암홀둘레"": ""40""}, {""소매길이"": ""60""}, {""가슴둘레"": ""92""}]"
19531,https://www.misharp.co.kr/product/detail.html?product_no=19531,데니 홀가먼트 가디건,니트/가디건,가디건,89500,울65% 혼용으로 부드럽고 유연한 촉감이 먼저 느껴집니다,,55-77,어깨좁음;복부체형;하체통통,뱃살커버;힙커버;허리라인보정,클래식;데일리,봄;가을;겨울,기본,긴팔,그레이,4050,슬랙스;데님;원피스;니트,"【2,000장판매돌파/울65+캐시미어】",,63,circumference,,69,38,,,,text,"[{""소매길이"": ""69""}, {""소매둘레"": ""38""}, {""가슴둘레"": ""126""}]"
28475,https://www.misharp.co.kr/product/detail.html?product_no=28475,로드 컬러 배색 니트,니트/가디건,니트,52500,울 50%가 블렌딩되어 포근함은 느껴지지만 과하게 무겁지 않고,정핏,55-66반,어깨좁음;복부체형,뱃살커버;허리라인보정,클래식;데일리,봄;겨울,기본,긴팔,,4050,슬랙스;데님;니트,【울50% 블렌딩 / 브랜드 스타일】,,49,circumference,,68,,,,,text,"[{""소매길이"": ""68""}, {""가슴둘레"": ""98""}]"
26879,https://www.misharp.co.kr/product/detail.html?product_no=26879,덕다운 패딩 믹스 니트 점퍼,아우터,점퍼,79040,,정핏,55-77,어깨좁음,,클래식;데일리;오피스룩,봄;가을;겨울,기본,긴팔,블랙,4050,슬랙스;데님;니트,【하이엔드 니트+덕다운100 충전재】,41.5,55,circumference,46,61,,,,,text,"[{""어깨단면"": ""41.5""}, {""암홀둘레"": ""46""}, {""소매길이"": ""61""}, {""가슴둘레"": ""110""}]"
28462,https://www.misharp.co.kr/product/detail.html?product_no=28462,해리 부클 니트 조끼,니트/가디건,니트,26240,울 9%를 베이스로 폴리에스터와 아크릴 혼방이 더해진 니트 소재입니다,정핏,55-66,어깨좁음,뱃살커버;허리라인보정,데일리,봄;가을;겨울,기본,,,4050,데님;니트,"미샵 - 해리 부클 니트 조끼 (3 color) 해리 부클 니트 조끼 (3 color) (해외배송 가능상품) ( 건) 해리 부클 니트 조끼 (3 color) 32,800원 26,240원 남은시간 1250일 21:46:50 (6,560원 할인) 2024-11-26 12:00 ~ 2029-12-31 12:00 260원 (1%) 재입고 알림 SMS 상품 옵션 컬러 - [필수] 옵션을 선택해 주세요",40,46,circumference,52,,,,,,text,"[{""어깨단면"": ""40""}, {""암홀둘레"": ""52""}, {""가슴둘레"": ""92""}]"
28443,https://www.misharp.co.kr/product/detail.html?product_no=28443,웜웜 배색 니트 풀오버,니트/가디건,니트,42800,,루즈핏,55-77,어깨좁음;복부체형,뱃살커버;허리라인보정,클래식;데일리;오피스룩;모임룩,겨울,기본,긴팔,베이지;브라운,4050,슬랙스;데님;스커트;니트,"미샵 - 웜웜 배색 니트 풀오버 (3 color) 웜웜 배색 니트 풀오버 (3 color) (해외배송 가능상품) ( 건) 웜웜 배색 니트 풀오버 (3 color) 42,800원 420원 (1%) 재입고 알림 SMS 상품 옵션 컬러 - [필수] 옵션을 선택해 주세요 - ------------------- 베이지 옵션선택 상품 목록 상품명 상품수 가격 웜웜 배색 니트 풀오버 (3 color) 수",47,51.5,circumference,48,56,,,,,text,"[{""어깨단면"": ""47""}, {""암홀둘레"": ""48""}, {""소매길이"": ""56""}, {""가슴둘레"": ""103""}]"
28440,https://www.misharp.co.kr/product/detail.html?product_no=28440,루미에르 트윙클 울 가디건,니트/가디건,가디건,46800,울30% 혼방 소재로 포근함은 충분하고,세미루즈,55-77,어깨좁음,,클래식;데일리;오피스룩,겨울,기본,긴팔,그레이;브라운,4050,슬랙스;데님;니트,【따뜻 울30 /가벼운 스파클 원사】,47,57.5,circumference,46,55,,,,,text,"[{""어깨단면"": ""47""}, {""암홀둘레"": ""46""}, {""소매길이"": ""55""}, {""가슴둘레"": ""115""}]"
28144,https://www.misharp.co.kr/product/detail.html?product_no=28144,보송 울 터치 니트 조끼,니트/가디건,니트,22000,울6% 폴리 / 스판3% 혼용으로 착용감은 더욱 편안합니다,세미루즈,55-66반,어깨좁음,허리라인보정,클래식;데일리,봄;여름;가을,기본,반팔,브라운;카키,4050,데님;니트,"미샵 - 보송 울 터치 니트 조끼 (3 color) 보송 울 터치 니트 조끼 (3 color) (해외배송 가능상품) ( 건) 보송 울 터치 니트 조끼 (3 color) 27,500원 22,000원 남은시간 1250일 21:46:45 (5,500원 할인) 2024-11-30 12:00 ~ 2029-12-31 12:00 220원 (1%) 재입고 알림 SMS 상품 옵션 컬러 - [필수] 옵션을 선",47,48.5,circumference,49,,,,,,text,"[{""어깨단면"": ""47""}, {""암홀둘레"": ""49""}, {""가슴둘레"": ""97""}]"
26836,https://www.misharp.co.kr/product/detail.html?product_no=26836,메리노울 부클 하프 가디건,니트/가디건,가디건,71600,폴리에스터40% 혼용 원사입니다 / 울60% 폴리에스터40% 혼용 원사입니다,세미루즈;레글런핏,55-77,어깨좁음,팔뚝커버;힙커버,데일리,여름;겨울,하프,레글런소매,베이지,4050,데님;니트,【메리노울 60】,,60,circumference,,80,,,,,text,"[{""소매길이"": ""80""}, {""가슴둘레"": ""120""}]"
22106,https://www.misharp.co.kr/product/detail.html?product_no=22106,레이어드 니트 베스트,니트/가디건,니트,46800,울50%이기 때문에 보온성도 제법 좋아요,,55-77,어깨좁음,,데일리,봄;가을;겨울,롱,긴팔,블랙;그레이,4050,데님;원피스;니트,(울 50),69,71,circumference,38,,,,,,text,"[{""어깨단면"": ""69""}, {""암홀둘레"": ""38""}, {""가슴둘레"": ""142""}]"
26859,https://www.misharp.co.kr/product/detail.html?product_no=26859,메리노울 버튼 니트 조끼,니트/가디건,니트,54500,울30% 나일론40% 혼용 원사입니다 / 나일론40% 혼용 원사입니다,,55-77,어깨좁음,,데일리;오피스룩,겨울,기본,,아이보리;베이지,4050,데님;니트,【메리노울 30】,45,49,circumference,43,,,,,,text,"[{""어깨단면"": ""45""}, {""암홀둘레"": ""43""}, {""가슴둘레"": ""98""}]"
22152,https://www.misharp.co.kr/product/detail.html?product_no=22152,카라 집업 니트,니트/가디건,니트,60100,,,55-66,하체통통,허리라인보정,클래식;페미닌;데일리,겨울,기본,긴팔,블랙,4050,슬랙스;데님;스커트;니트,【파인울60+캐시미어5】,,,,,,,,,,,
27447,https://www.misharp.co.kr/product/detail.html?product_no=27447,볼륨 레귤러핏 반팔 니트,니트/가디건,니트,17900,,슬림핏;정핏,55-66반,어깨좁음;하체통통,,데일리,봄;여름;가을,기본,반팔,네이비,4050,슬랙스;데님;스커트;니트,"미샵 - 볼륨 레귤러핏 반팔 니트 (3 color) 볼륨 레귤러핏 반팔 니트 (3 color) (해외배송 가능상품) ( 건) 볼륨 레귤러핏 반팔 니트 (3 color) 25,500원 17,900원 남은시간 1250일 21:46:37 (7,600원 할인) 2017-02-03 00:00 ~ 2029-12-31 12:00 170원 (1%) 재입고 알림 SMS 상품 옵션 컬러 - [필수] 옵션을 선",42,48,circumference,42,23,,,,,text,"[{""어깨단면"": ""42""}, {""암홀둘레"": ""42""}, {""소매길이"": ""23""}, {""가슴둘레"": ""96""}]"
28018,https://www.misharp.co.kr/product/detail.html?product_no=28018,F. 베르 파인울 브이넥 니트,니트/가디건,니트,38000,울13% 혼용의 원사입니다,,55-66반,어깨좁음,허리라인보정,클래식;데일리,겨울,기본,긴팔,블랙;아이보리,4050,데님;스커트;니트,【캐시미어3+슈퍼 파인울13】 아이보리만 세일!,39,49.5,circumference,40,58,,,,,text,"[{""어깨단면"": ""39""}, {""암홀둘레"": ""40""}, {""소매길이"": ""58""}, {""가슴둘레"": ""99""}]"
28009,https://www.misharp.co.kr/product/detail.html?product_no=28009,프레피 배색 케이블 조끼,,,26500,폴리에스터70% 아크릴30% 혼용 원사입니다,세미루즈;정핏,55-66반,어깨좁음,,클래식;데일리;오피스룩,여름;가을;겨울,기본,반팔,브라운,4050,슬랙스;데님;니트,"미샵 - 프레피 배색 케이블 조끼 (2 color) 프레피 배색 케이블 조끼 (2 color) (해외배송 가능상품) ( 건) 프레피 배색 케이블 조끼 (2 color) 26,500원 260원 (1%) 재입고 알림 SMS 상품 옵션 컬러 - [필수] 옵션을 선택해 주세요 - ------------------- 브라운 옵션선택 상품 목록 상품명 상품수 가격 프레피 배색 케이블 조끼 (2 colo",40,48,circumference,40,,,,,,text,"[{""어깨단면"": ""40""}, {""암홀둘레"": ""40""}, {""가슴둘레"": ""96""}]"
28406,https://www.misharp.co.kr/product/detail.html?product_no=28406,소프트 멜란지 브이넥 니트,니트/가디건,니트,39800,울8% 혼방 원단으로 포근함은 살리고,루즈핏,55-77,어깨좁음,뱃살커버,클래식;데일리;오피스룩,겨울,기본,긴팔,화이트,4050,슬랙스;데님;니트,"미샵 - 소프트 멜란지 브이넥 니트 (2 color) 소프트 멜란지 브이넥 니트 (2 color) (해외배송 가능상품) ( 건) 소프트 멜란지 브이넥 니트 (2 color) 39,800원 390원 (1%) 재입고 알림 SMS 상품 옵션 컬러 - [필수] 옵션을 선택해 주세요 - ------------------- 퍼플 옵션선택 상품 목록 상품명 상품수 가격 소프트 멜란지 브이넥 니트 (2 c",62,61,circumference,50,53,,,,,text,"[{""어깨단면"": ""62""}, {""암홀둘레"": ""50""}, {""소매길이"": ""53""}, {""가슴둘레"": ""122""}]"
28425,https://www.misharp.co.kr/product/detail.html?product_no=28425,몽글 파스텔 니트 조끼,니트/가디건,니트,39800,폴리에스터60%와 아크릴40% 혼방 소재입니다,세미루즈,55-77,어깨좁음,뱃살커버;허리라인보정,데일리;오피스룩,겨울,기본,,,4050,데님;원피스;니트,"미샵 - 몽글 파스텔 니트 조끼 (3 color) 몽글 파스텔 니트 조끼 (3 color) (해외배송 가능상품) ( 건) 몽글 파스텔 니트 조끼 (3 color) 39,800원 390원 (1%) 재입고 알림 SMS 상품 옵션 컬러 - [필수] 옵션을 선택해 주세요 - ------------------- 크림 옵션선택 상품 목록 상품명 상품수 가격 몽글 파스텔 니트 조끼 (3 color) 수량",48,51.5,circumference,45,,,,,,text,"[{""어깨단면"": ""48""}, {""암홀둘레"": ""45""}, {""가슴둘레"": ""103""}]"
27051,https://www.misharp.co.kr/product/detail.html?product_no=27051,컬러 도트 자수 니트,니트/가디건,니트,35500,폴리20% 혼방으로 피부에 닿는 촉감이 부드럽고 폭닥합니다,세미루즈,55-77,어깨좁음;복부체형,뱃살커버;허리라인보정,클래식;데일리,봄;가을;겨울,기본,긴팔,그레이,4050,슬랙스;데님;니트,"미샵 - 컬러 도트 자수 니트 (3 color) 컬러 도트 자수 니트 (3 color) (해외배송 가능상품) ( 건) 컬러 도트 자수 니트 (3 color) 35,500원 350원 (1%) 재입고 알림 SMS 상품 옵션 컬러 - [필수] 옵션을 선택해 주세요 - ------------------- 진그레이 옵션선택 상품 목록 상품명 상품수 가격 컬러 도트 자수 니트 (3 color) 수량증가",45,55,circumference,52,55,,,,,text,"[{""어깨단면"": ""45""}, {""암홀둘레"": ""52""}, {""소매길이"": ""55""}, {""가슴둘레"": ""110""}]"
25562,https://www.misharp.co.kr/product/detail.html?product_no=25562,토프 하프넥 울100 니트,니트/가디건,니트,34500,울100% 원사의 니트입니다 / 울100% 원사의 고급스러운 소재입니다 / 울100% 원사입니다,정핏,55-77,어깨좁음,힙커버,클래식;페미닌;데일리;오피스룩,봄;가을;겨울,하프,긴팔,,4050,슬랙스;데님;니트,"미샵 - 토프 하프넥 울100 니트 (2 color) 토프 하프넥 울100 니트 (2 color) (해외배송 가능상품) ( 건) 토프 하프넥 울100 니트 (2 color) 34,500원 340원 (1%) 재입고 알림 SMS 상품 옵션 컬러 - [필수] 옵션을 선택해 주세요 - ------------------- 크림 옵션선택 상품 목록 상품명 상품수 가격 토프 하프넥 울100 니트 (2 c",,50,circumference,,76,,,,,text,"[{""소매길이"": ""76""}, {""가슴둘레"": ""100""}]"
28403,https://www.misharp.co.kr/product/detail.html?product_no=28403,클래식 케이블 루즈 니트,니트/가디건,니트,34500,폴리에스터40% 혼방으로 가볍지만 보온감은 충분한 원단입니다,루즈핏,55-77,어깨좁음,뱃살커버,클래식;페미닌;데일리;오피스룩,봄;가을;겨울,기본,5부소매,,4050,슬랙스;데님;스커트;니트,"미샵 - 클래식 케이블 루즈 니트 (2 color) 클래식 케이블 루즈 니트 (2 color) (해외배송 가능상품) ( 건) 클래식 케이블 루즈 니트 (2 color) 34,500원 340원 (1%) 재입고 알림 SMS 상품 옵션 컬러 - [필수] 옵션을 선택해 주세요 - ------------------- 크림 레드 옵션선택 상품 목록 상품명 상품수 가격 클래식 케이블 루즈 니트 (2 co",57,52,circumference,40,44,,,,,text,"[{""어깨단면"": ""57""}, {""암홀둘레"": ""40""}, {""소매길이"": ""44""}, {""가슴둘레"": ""104""}]"
27142,https://www.misharp.co.kr/product/detail.html?product_no=27142,파스텔 루즈핏 실루엣 니트,니트/가디건,니트,35800,폴리에스터80% 아크릴20% 혼용 니트입니다,루즈핏;세미루즈;슬림핏;드롭숄더,55-77,어깨좁음;하체통통,힙커버,데일리,봄;가을;겨울,기본,드롭숄더,,4050,데님;니트,"미샵 - 파스텔 루즈핏 실루엣 니트 (3 color) 파스텔 루즈핏 실루엣 니트 (3 color) (해외배송 가능상품) ( 건) 파스텔 루즈핏 실루엣 니트 (3 color) 35,800원 350원 (1%) 재입고 알림 SMS 상품 옵션 컬러 - [필수] 옵션을 선택해 주세요 - ------------------- 오트밀 옵션선택 상품 목록 상품명 상품수 가격 파스텔 루즈핏 실루엣 니트 (3",,60,circumference,,77,,,,,text,"[{""소매길이"": ""77""}, {""가슴둘레"": ""120""}]"
28399,https://www.misharp.co.kr/product/detail.html?product_no=28399,데일리 울 블렌딩 패밀리 니트,니트/가디건,니트,28500,울7%가 혼용된 울 블렌딩 원단으로 가볍지만 포근한 보온감을 느끼실 수 있습니다,세미루즈,55-77,어깨좁음,뱃살커버;허리라인보정,데일리;오피스룩;모임룩,겨울,기본,긴팔,그레이;네이비;브라운,4050,슬랙스;데님;스커트;니트,【S/M/L 온가족 데일리니트】,,54,circumference,,71,,,,,text,"[{""소매길이"": ""71""}, {""가슴둘레"": ""108""}]"
28391,https://www.misharp.co.kr/product/detail.html?product_no=28391,앤디 데일리 하프넥 니트,니트/가디건,니트,32500,,루즈핏,55-77,어깨좁음,뱃살커버;힙커버;허리라인보정,클래식;데일리;오피스룩,겨울,하프,긴팔,그레이;네이비;브라운,4050,슬랙스;데님;스커트;니트,"미샵 - 앤디 데일리 하프넥 니트 (4 color) 앤디 데일리 하프넥 니트 (4 color) (해외배송 가능상품) ( 건) 앤디 데일리 하프넥 니트 (4 color) 32,500원 320원 (1%) 재입고 알림 SMS 상품 옵션 컬러 - [필수] 옵션을 선택해 주세요 - ------------------- 브라운 옵션선택 상품 목록 상품명 상품수 가격 앤디 데일리 하프넥 니트 (4 colo",,52,circumference,,64,,,,,text,"[{""소매길이"": ""64""}, {""가슴둘레"": ""104""}]"
28386,https://www.misharp.co.kr/product/detail.html?product_no=28386,드뮤어 라운드 울 니트,니트/가디건,니트,29500,,루즈핏,55-77,어깨좁음;하체통통,힙커버;허리라인보정,데일리,겨울,기본,긴팔,화이트;베이지;카키,4050,슬랙스;데님;스커트;니트,【울블렌드 심플 니트로 코디하기 좋아요】,42,52,circumference,44,54,,,,,text,"[{""어깨단면"": ""42""}, {""암홀둘레"": ""44""}, {""소매길이"": ""54""}, {""가슴둘레"": ""104""}]"
28380,https://www.misharp.co.kr/product/detail.html?product_no=28380,뮤트 울 라쿤 레글런 니트,니트/가디건,니트,69500,울40% 혼용으로 공기를 머금은 듯 가볍고 따뜻한 착용감을 전합니다 / 울40% 혼용 니트입니다,레글런핏,55-77,어깨좁음,팔뚝커버;뱃살커버;허리라인보정,클래식;데일리,겨울,기본,레글런소매,핑크,4050,슬랙스;데님;스커트;니트,"미샵 - 뮤트 울 라쿤 레글런 니트 (3 color) 뮤트 울 라쿤 레글런 니트 (3 color) (해외배송 가능상품) ( 건) 뮤트 울 라쿤 레글런 니트 (3 color) 69,500원 690원 (1%) 재입고 알림 SMS 상품 옵션 컬러 - [필수] 옵션을 선택해 주세요 - ------------------- 카멜 옵션선택 상품 목록 상품명 상품수 가격 뮤트 울 라쿤 레글런 니트 (3 c",,50,circumference,,70,,,,,text,"[{""소매길이"": ""70""}, {""가슴둘레"": ""100""}]"
23113,https://www.misharp.co.kr/product/detail.html?product_no=23113,폭스 라글란 니트,니트/가디건,니트,67600,울50%,벌룬소매,55-66반,4050 여성 일반체형,허리라인보정,페미닌;데일리,겨울,기본,벌룬소매,네이비,4050,데님;니트,【폭스20%+ 메리노울50%】,,46,circumference,,65,,,,,text,"[{""소매길이"": ""65""}, {""가슴둘레"": ""92""}]"
28363,https://www.misharp.co.kr/product/detail.html?product_no=28363,컬러톡 스트라이프 니트,니트/가디건,니트,25500,,,55-77,어깨좁음,뱃살커버;허리라인보정,클래식;데일리,겨울,기본,긴팔,아이보리,4050,슬랙스;데님;니트,"미샵 - 컬러톡 스트라이프 니트 (3 color) 컬러톡 스트라이프 니트 (3 color) (해외배송 가능상품) ( 건) 컬러톡 스트라이프 니트 (3 color) 25,500원 250원 (1%) 재입고 알림 SMS 상품 옵션 컬러 - [필수] 옵션을 선택해 주세요 - ------------------- 아이보리 옵션선택 상품 목록 상품명 상품수 가격 컬러톡 스트라이프 니트 (3 color)",44,50.5,circumference,44,57,,,,,text,"[{""어깨단면"": ""44""}, {""암홀둘레"": ""44""}, {""소매길이"": ""57""}, {""가슴둘레"": ""101""}]"
28345,https://www.misharp.co.kr/product/detail.html?product_no=28345,윈터 노르딕 하프 집업 니트,니트/가디건,니트,30800,울11% 폴리에스터,세미루즈;레글런핏,55-77,어깨좁음,팔뚝커버;힙커버,데일리;오피스룩,겨울,하프,레글런소매,베이지,4050,데님;니트,"미샵 - 윈터 노르딕 하프 집업 니트 (3 color) 윈터 노르딕 하프 집업 니트 (3 color) (해외배송 가능상품) ( 건) 윈터 노르딕 하프 집업 니트 (3 color) 38,500원 30,800원 남은시간 1250일 21:46:15 (7,700원 할인) 2024-11-30 12:00 ~ 2029-12-31 12:00 300원 (1%) 재입고 알림 SMS 상품 옵션 컬러 - [필수]",,56,circumference,,63,,,,,text,"[{""소매길이"": ""63""}, {""가슴둘레"": ""112""}]"
28325,https://www.misharp.co.kr/product/detail.html?product_no=28325,N. 앤드 폭스 홀가먼트 니트,니트/가디건,니트,69200,울 50%의 천연 원사로 가벼움과 보온력을 모두 갖췄고 / 울50% 혼용의 니트입니다,,55-66반,어깨좁음,허리라인보정,클래식;데일리,겨울,기본,긴팔,베이지;네이비,4050,슬랙스;데님;스커트;니트,"【폭스20%, 메리노울50%】",,49.5,circumference,,69,,,,,text,"[{""소매길이"": ""69""}, {""가슴둘레"": ""99""}]"
28287,https://www.misharp.co.kr/product/detail.html?product_no=28287,캔디 레글런 베이직 니트,니트/가디건,니트,26500,폴리에스터20% 혼용 원사입니다,정핏;레글런핏,55-77,어깨좁음,팔뚝커버,클래식;데일리;오피스룩,겨울,기본,레글런소매,,4050,데님;니트,"미샵 - 캔디 레글런 베이직 니트 (3 color) 캔디 레글런 베이직 니트 (3 color) (해외배송 가능상품) ( 건) 캔디 레글런 베이직 니트 (3 color) 26,500원 260원 (1%) 재입고 알림 SMS 상품 옵션 컬러 - [필수] 옵션을 선택해 주세요 - ------------------- 연노랑 옵션선택 상품 목록 상품명 상품수 가격 캔디 레글런 베이직 니트 (3 colo",,53,circumference,,69,,,,,text,"[{""소매길이"": ""69""}, {""가슴둘레"": ""106""}]"
27077,https://www.misharp.co.kr/product/detail.html?product_no=27077,겹 라운드 풀오버 니트,니트/가디건,니트,35800,,세미루즈,55-77,어깨좁음,뱃살커버,페미닌;데일리,,기본,긴팔,아이보리;베이지;소라,4050,데님;스커트;니트,"미샵 - 겹 라운드 풀오버 니트 (3 color) 겹 라운드 풀오버 니트 (3 color) (해외배송 가능상품) ( 건) 겹 라운드 풀오버 니트 (3 color) 35,800원 350원 (1%) 재입고 알림 SMS 상품 옵션 컬러 - [필수] 옵션을 선택해 주세요 - ------------------- 아이보리 베이지 소라 옵션선택 상품 목록 상품명 상품수 가격 겹 라운드 풀오버 니트 (3",60,53,circumference,47,49,,,,,text,"[{""어깨단면"": ""60""}, {""암홀둘레"": ""47""}, {""소매길이"": ""49""}, {""가슴둘레"": ""106""}]"
25602,https://www.misharp.co.kr/product/detail.html?product_no=25602,멜 캐시 메리노울 니트,니트/가디건,니트,69500,울60% 혼용이며 / 울60% 혼용의 니트입니다,레글런핏,55-77,어깨좁음,팔뚝커버;허리라인보정,데일리,봄;가을;겨울,기본,레글런소매,블랙,4050,슬랙스;데님;스커트;니트,【메리노울60+캐사마어5】,,21,circumference,,104,,,,,text,"[{""소매길이"": ""104""}, {""가슴둘레"": ""42""}]"
28253,https://www.misharp.co.kr/product/detail.html?product_no=28253,엔트 울100% 집업 니트 가디건,니트/가디건,니트,58500,울100% 집업 니트 가디건 (2 color) 엔트 울100% 집업 니트 가디건 (2 color) (해외배송 가능상품) ( 건) 엔트 울100% 집업 니트 가디건 (2 color) 58 / 울100% 집업 니트 가디건 (2 color) 수량증가 수량감소 58500 ( 580 ) 옵션 정보 바로구매 예약주문 SOLD OUT 엔트 울100% 집업 니트 가디건 (2 color) 58 / 울100% 집업 니트 가디건 [이 상품을 초이스한 이유입니다 / 울100%의 고급스러운 니트 집업입니다,세미루즈,55-77,어깨좁음,,클래식;데일리;오피스룩,겨울,기본,긴팔,네이비;브라운,4050,슬랙스;데님;스커트;니트,【울100 / 아우터 안에서도 따뜻】,47,53,circumference,42,54.5,,,,,text,"[{""어깨단면"": ""47""}, {""암홀둘레"": ""42""}, {""소매길이"": ""54.5""}, {""가슴둘레"": ""106""}]"
24442,https://www.misharp.co.kr/product/detail.html?product_no=24442,메를린 폭스 니트,니트/가디건,니트,67840,울60% 니트입니다,,55-66반,어깨좁음,힙커버;허리라인보정,데일리,겨울,하프,긴팔,핑크,4050,데님;니트,【브랜드그대로 / 폭스20+메리노울60】,50,46,circumference,42,53,,,,,text,"[{""어깨단면"": ""50""}, {""암홀둘레"": ""42""}, {""소매길이"": ""53""}, {""가슴둘레"": ""92""}]"
28202,https://www.misharp.co.kr/product/detail.html?product_no=28202,버튼 라운드 긴팔 니트,니트/가디건,니트,32500,비스코스55% 폴리에스터,,55-77,어깨좁음,허리라인보정,데일리,봄;가을;겨울,기본,긴팔,블랙,4050,데님;니트,"미샵 - 버튼 라운드 긴팔 니트 (3 color) 버튼 라운드 긴팔 니트 (3 color) (해외배송 가능상품) ( 건) 버튼 라운드 긴팔 니트 (3 color) 32,500원 320원 (1%) 재입고 알림 SMS 상품 옵션 컬러 - [필수] 옵션을 선택해 주세요 - ------------------- 블랙 옵션선택 상품 목록 상품명 상품수 가격 버튼 라운드 긴팔 니트 (3 color) 수량",39,52.5,circumference,42,57,,,,,text,"[{""어깨단면"": ""39""}, {""암홀둘레"": ""42""}, {""소매길이"": ""57""}, {""가슴둘레"": ""105""}]"
27038,https://www.misharp.co.kr/product/detail.html?product_no=27038,소프트 배색 줄 니트,니트/가디건,니트,30240,폴리에스터80% 아크릴 혼용 니트입니다,,55-77,어깨좁음,허리라인보정,페미닌;데일리,봄;가을;간절기,기본,긴팔,아이보리;베이지;그레이;브라운,4050,슬랙스;데님;스커트;니트,"미샵 - 소프트 배색 줄 니트 (2 color) 소프트 배색 줄 니트 (2 color) (해외배송 가능상품) ( 건) 소프트 배색 줄 니트 (2 color) 37,800원 30,240원 남은시간 1250일 21:46:04 (7,560원 할인) 2024-11-30 12:00 ~ 2029-12-31 12:00 300원 (1%) 재입고 알림 SMS 상품 옵션 컬러 - [필수] 옵션을 선택해 주세요",58,57,circumference,46,52,,,,,text,"[{""어깨단면"": ""58""}, {""암홀둘레"": ""46""}, {""소매길이"": ""52""}, {""가슴둘레"": ""114""}]"
25536,https://www.misharp.co.kr/product/detail.html?product_no=25536,모스 브이 니트 조끼,니트/가디건,니트,27500,,,55-77,어깨좁음,허리라인보정,클래식;데일리;오피스룩,봄;가을;겨울,기본,,블랙;그레이,4050,슬랙스;데님;스커트;니트,"미샵 - 모스 브이 니트 조끼 (3 color) 모스 브이 니트 조끼 (3 color) (해외배송 가능상품) ( 건) 모스 브이 니트 조끼 (3 color) 27,500원 270원 (1%) 재입고 알림 SMS 상품 옵션 컬러 - [필수] 옵션을 선택해 주세요 - ------------------- 그레이 옵션선택 상품 목록 상품명 상품수 가격 모스 브이 니트 조끼 (3 color) 수량증가",40,52,circumference,50,,,,,,text,"[{""어깨단면"": ""40""}, {""암홀둘레"": ""50""}, {""가슴둘레"": ""104""}]"
26466,https://www.misharp.co.kr/product/detail.html?product_no=26466,매그 S 589 슬랙스,팬츠,슬랙스,33000,폴리97% 스판3% 원단입니다 / 스판3% 원단입니다,일자핏;슬림핏;세미루즈,55-44,복부체형;하체통통,힙커버;허리라인보정,데일리;오피스룩,여름;겨울,기본,없음,블랙;베이지;네이비,4050,슬랙스;데님,★ SS제작 팬츠 176 ★,,,,,,,,,,,
25090,https://www.misharp.co.kr/product/detail.html?product_no=25090,3타입 프리미엄 텐셀 와이드 데님,팬츠,데님,29800,,와이드핏,66-44,복부체형;하체통통,힙커버,데일리,여름,롱,없음,블랙;그레이,4050,데님,"【7,000장 판매기록! 후기대박!】 【텐셀70 / 길이별 / 5사이즈】",,,,,,,,,,,
26563,https://www.misharp.co.kr/product/detail.html?product_no=26563,썸머 텐셀 스트링 와이드 데님,팬츠,데님,32500,코튼80% 텐셀,와이드핏;밴딩핏,55-66반,복부체형;하체통통,힙커버,데일리;오피스룩,여름;겨울,기본,없음,,4050,데님,【대표와 모델의 LIVE가 함께】,,,,,,,,,,,
27536,https://www.misharp.co.kr/product/detail.html?product_no=27536,실키 밴딩 와이드 주름 팬츠,팬츠,팬츠,39500,폴리85% 혼용으로 실키한 광택 / 가벼운 착용감 / 비침 걱정 없고 / 폴리에스터85% 혼용 소재입니다 / 비스코스15% + 폴리85% 혼용으로 실키한 광택 / 가벼운 착용감 / 비침 걱정 없고 / 비스코스15% 폴리에스터85% 혼용 소재입니다,와이드핏;루즈핏;밴딩핏,55-66반,복부체형;하체통통,뱃살커버;힙커버;허리라인보정,클래식;데일리,여름;겨울,크롭,없음,블랙;베이지;브라운,4050,데님;스커트;니트,"【동영상, 후기 보기/여름엔 이 바지!】",,,,,,,,,,,
28948,https://www.misharp.co.kr/product/detail.html?product_no=28948,매그 S 669 슬랙스,팬츠,슬랙스,32100,나일론96% 스판4% 혼용 소재입니다 / 스판4% 혼용 소재입니다,와이드핏;일자핏;밴딩핏,55-88,복부체형;하체통통,뱃살커버;힙커버;허리라인보정,클래식;데일리;오피스룩,여름;겨울,기본,없음,블랙;베이지,4050,슬랙스;데님,★ SS 제작 팬츠 196 ★ 【살랑살랑 여름 최강 시원】,,,,,,,,,,,
27781,https://www.misharp.co.kr/product/detail.html?product_no=27781,베라 S 243 데님,팬츠,데님,43800,코튼98% 스판2% 혼용의 여름 데님 소재입니다 / 스판2% 혼용의 여름 데님 소재입니다,일자핏;루즈핏;밴딩핏,55-99,복부체형;하체통통,뱃살커버;힙커버;허리라인보정,클래식;데일리,여름;겨울,기본,없음,,4050,데님,★ SS 제작 팬츠 197 ★ 【얇고 매끈한 쾌적 데님】,,,,,,,,,,,
28986,https://www.misharp.co.kr/product/detail.html?product_no=28986,슬로우 드레이프 턱 슬랙스,팬츠,슬랙스,42700,폴리에스터51% 레이온42% 스판7% 혼용 소재입니다 / 레이온42% 스판7% 혼용 소재입니다 / 스판7% 혼용 소재입니다,와이드핏;일자핏,55-77,복부체형;하체통통,뱃살커버;힙커버;허리라인보정,데일리;오피스룩,여름;겨울,크롭,없음,블랙;베이지,4050,슬랙스;데님;니트,★ SS 제작 팬츠 200 ★,,,,,,,,,,,
28970,https://www.misharp.co.kr/product/detail.html?product_no=28970,에어-텐세로 소프트 버뮤다 팬츠,팬츠,팬츠,23500,폴리에스터25% 스판5% 혼용 소재입니다 / 레이온70% 폴리에스터25% 스판5% 혼용 소재입니다 / 스판5% 혼용 소재입니다,와이드핏;루즈핏;밴딩핏;핀턱핏,55-66반,복부체형;하체통통,뱃살커버;힙커버;허리라인보정,데일리,여름;겨울,크롭,없음,블랙;그레이,4050,데님,【에어 텐셀가공/꼼꼼 허리밴딩】,,,,,,,,,,,
26568,https://www.misharp.co.kr/product/detail.html?product_no=26568,초경량 와이드 배기핏 썸머 데님,팬츠,데님,48500,코튼100% 소재이지만 스판이 함유된 듯한 편안함이고 부드러움이 있습니다 / 코튼100% 썸머 데님 소재로 촉감은 부드럽고 무게감은 가볍습니다,와이드핏;배기핏,55-44,복부체형;하체통통,힙커버,데일리,봄;여름;가을,기본,없음,,4050,데님,"미샵 - 초경량 와이드 배기핏 썸머 데님 (2 color) 초경량 와이드 배기핏 썸머 데님 (2 color) (해외배송 가능상품) ( 건) 초경량 와이드 배기핏 썸머 데님 (2 color) 48,500원 480원 (1%) 재입고 알림 SMS 상품 옵션 사이즈 - [필수] 옵션을 선택해 주세요 - ------------------- S(55) M(66) L(77) 옵션선택 상품 목록 상품명 상",,,,,,,,,,,
26509,https://www.misharp.co.kr/product/detail.html?product_no=26509,(기획) 이지 4.5부 밴딩 바지,팬츠,팬츠,6900,,밴딩핏,55-66,복부체형;하체통통,힙커버,클래식;데일리,,기본,없음,블랙;그레이;카키,4050,슬랙스;데님,"★ SS제작 팬츠 64 ★ (국내제작) 안입은듯 가볍게! 소비자가 : 25,500원",,,,,,,,,,,
29006,https://www.misharp.co.kr/product/detail.html?product_no=29006,코이 S 209 반바지,팬츠,팬츠,39500,코튼97% 스판3% 혼용의 매트하면서도 쾌적한 감촉의 소재입니다 / 스판3% 혼용의 매트하면서도 쾌적한 감촉의 소재입니다,슬림핏;루즈핏;밴딩핏;세미루즈,55-99,복부체형;하체통통,힙커버;허리라인보정,데일리;오피스룩,여름;겨울,기본,없음,블랙;화이트;핑크,4050,슬랙스;데님;니트,【4050 반바지길이 / XL까지】,,,,,,,,,,,
29001,https://www.misharp.co.kr/product/detail.html?product_no=29001,N. 썸머 소프트 버뮤다 데님 팬츠,팬츠,데님,54500,면 100% 원단에 린넨 특유의 쾌적함을 고스란히 재현해 땀이 나도 몸에 감기지 않고 피부에 닿는 감촉이 정말 산뜻합니다 / 면100% 원단에 린넨 혼용 특유의 텍스처를 고스란히 살려낸 소재입니다,세미와이드핏;와이드핏;슬림핏;밴딩핏;민소매핏,55-77,복부체형;하체통통,뱃살커버;힙커버;허리라인보정,데일리,여름;겨울,기본,없음,,4050,데님,【린넨처럼 고슬 / 가벼움 최고】,,,,,,,,,,,
28998,https://www.misharp.co.kr/product/detail.html?product_no=28998,실크 라이크 투핀턱 벨트 슬랙스,팬츠,슬랙스,43500,,와이드핏;일자핏;슬림핏;루즈핏;핀턱핏;민소매핏,55-77,복부체형;하체통통,뱃살커버;힙커버;허리라인보정,클래식;데일리;오피스룩,여름;겨울,기본,없음,블랙;베이지,4050,슬랙스;데님;니트,"미샵 - 실크 라이크 투핀턱 벨트 슬랙스 (3 color) 실크 라이크 투핀턱 벨트 슬랙스 (3 color) (해외배송 가능상품) ( 건) 실크 라이크 투핀턱 벨트 슬랙스 (3 color) 43,500원 430원 (1%) 재입고 알림 SMS 상품 옵션 컬러 - [필수] 옵션을 선택해 주세요 - ------------------- 베이지 차콜 블랙 사이즈 - [필수] 옵션을 선택해 주세요 -",,,,,,,,,,,
28990,https://www.misharp.co.kr/product/detail.html?product_no=28990,매그 S 673 슬랙스,팬츠,슬랙스,33900,폴리에스터93% 스판7% 혼용 소재입니다 / 스판 7%의 미친 신축성과 허리 히든 밴딩 덕분에 집에서 입는 편한 트레이닝 바지를 입은 것 같은 착각이 듭니다 / 스판7% 혼용 소재입니다,와이드핏;일자핏;밴딩핏,55-77,복부체형;하체통통,뱃살커버;힙커버;허리라인보정,클래식;데일리;오피스룩,여름;겨울,롱,없음,블랙;화이트;베이지,4050,슬랙스;데님,★ SS 제작 팬츠 199 ★ 【고슬원단에 하루종일 새바지처럼!】,,,,,,,,,,,
28792,https://www.misharp.co.kr/product/detail.html?product_no=28792,논페이드 생지 9부 와이드 데님,팬츠,데님,54500,코튼100% 소재에 노말 워싱 처리를 더해 빳빳함 없이 유연한 터치감을 구현했습니다,와이드핏;슬림핏;밴딩핏;세미루즈,55-66,복부체형;하체통통,뱃살커버;힙커버;허리라인보정,데일리,겨울,기본,없음,화이트;네이비;브라운,4050,데님,【이염없는 쿨터치 생지 원단】,,,,,,,,,,,
28981,https://www.misharp.co.kr/product/detail.html?product_no=28981,클래시 썸머 바스락 핀턱 팬츠,팬츠,팬츠,29800,코튼20% 나일론80% 혼용 소재로 피부에 닿았을 때 청량하고 매끄러운 촉감을 주며 / 나일론80% 혼용 소재로 피부에 닿았을 때 청량하고 매끄러운 촉감을 주며,와이드핏;테이퍼드핏;슬림핏;밴딩핏;핀턱핏,55-66반,복부체형;하체통통,뱃살커버;힙커버;허리라인보정,클래식;데일리;오피스룩,여름;겨울,기본,없음,블랙;아이보리;베이지,4050,데님,"미샵 - 클래시 썸머 바스락 핀턱 팬츠 (3 color) 클래시 썸머 바스락 핀턱 팬츠 (3 color) (해외배송 가능상품) ( 건) 클래시 썸머 바스락 핀턱 팬츠 (3 color) 29,800원 290원 (1%) 재입고 알림 SMS 상품 옵션 컬러 - [필수] 옵션을 선택해 주세요 - ------------------- 아이보리 베이지 블랙 옵션선택 상품 목록 상품명 상품수 가격 클래시",,,,,,,,,,,
28976,https://www.misharp.co.kr/product/detail.html?product_no=28976,모던 핀턱 레이넨 4부 팬츠,팬츠,팬츠,39500,레이온75% 혼용으로 피부에 닿는 감촉이 매우 유연하고 시원하며,밴딩핏;핀턱핏,66-66반,복부체형;하체통통,힙커버;허리라인보정,데일리;오피스룩,여름;겨울,기본,없음,블랙,4050,데님,"미샵 - 모던 핀턱 레이넨 4부 팬츠 (2 color) 모던 핀턱 레이넨 4부 팬츠 (2 color) (해외배송 가능상품) ( 건) 모던 핀턱 레이넨 4부 팬츠 (2 color) 39,500원 390원 (1%) 재입고 알림 SMS 상품 옵션 컬러 - [필수] 옵션을 선택해 주세요 - ------------------- 내추럴 블랙 사이즈 - [필수] 옵션을 선택해 주세요 - ---------",,,,,,,,,,,
24995,https://www.misharp.co.kr/product/detail.html?product_no=24995,쿨 카고 배기 슬랙스,팬츠,슬랙스,38800,스판20% 혼용의 여름 원단으로 만듭니다,배기핏,55-66반,복부체형;하체통통,힙커버;허리라인보정,데일리;오피스룩,여름,기본,없음,블랙;그레이,4050,슬랙스;데님,【구김없는 냉감원단/ 골프팬츠로도!】,,,,,,,,,,,
28966,https://www.misharp.co.kr/product/detail.html?product_no=28966,매그 S 671 슬랙스,팬츠,슬랙스,32100,폴리에스터90% 스판10% 혼용 소재입니다 / 스판10% 혼용 소재입니다,와이드핏;밴딩핏;핀턱핏,55-88,복부체형;하체통통,힙커버,클래식;데일리;오피스룩,여름;겨울,롱,없음,블랙;베이지,4050,슬랙스;데님;니트,★ SS 제작 팬츠 198 ★,,,,,,,,,,,
28962,https://www.misharp.co.kr/product/detail.html?product_no=28962,에어리 브로케이드 밴딩 팬츠,팬츠,팬츠,38500,스판 3% 혼용으로 편안하며,와이드핏;슬림핏;밴딩핏;핀턱핏;민소매핏,55-66반,복부체형;하체통통,뱃살커버;힙커버;허리라인보정,데일리;오피스룩,여름;겨울,기본,없음,화이트;네이비,4050,슬랙스;데님,"미샵 - 에어리 브로케이드 밴딩 팬츠 (2 color) 에어리 브로케이드 밴딩 팬츠 (2 color) (해외배송 가능상품) ( 건) 에어리 브로케이드 밴딩 팬츠 (2 color) 38,500원 380원 (1%) 재입고 알림 SMS 상품 옵션 컬러 - [필수] 옵션을 선택해 주세요 - ------------------- 화이트 네이비 옵션선택 상품 목록 상품명 상품수 가격 에어리 브로케이드 밴",,,,,,,,,,,
26416,https://www.misharp.co.kr/product/detail.html?product_no=26416,(기획) 워터밤 방수 코튼 반바지,팬츠,팬츠,25800,,,,복부체형;하체통통,힙커버;허리라인보정,데일리,여름,기본,없음,화이트;베이지,4050,데님,【5가지 size / 엄마부터 딸까지】,,,,,,,,,,,
28848,https://www.misharp.co.kr/product/detail.html?product_no=28848,썸머 소프트 턱 테이퍼드 데님,팬츠,데님,49800,코튼100% 소재입니다,테이퍼드핏;세미루즈,66-44,복부체형;하체통통,힙커버;허리라인보정,데일리,여름;겨울,기본,없음,,4050,데님;니트,【가장 여름다운 쾌적 데님】,,,,,,,,,,,
28956,https://www.misharp.co.kr/product/detail.html?product_no=28956,내추럴 링클 시원 와이드 슬랙스,팬츠,슬랙스,39500,,와이드핏;밴딩핏;핀턱핏;세미루즈,55-77,복부체형;하체통통,뱃살커버;힙커버;허리라인보정,데일리,여름;겨울,기본,없음,블랙;화이트;아이보리;베이지,4050,슬랙스;데님;스커트,"미샵 - 내추럴 링클 시원 와이드 슬랙스 (3 color) 내추럴 링클 시원 와이드 슬랙스 (3 color) (해외배송 가능상품) ( 건) 내추럴 링클 시원 와이드 슬랙스 (3 color) 39,500원 390원 (1%) 재입고 알림 SMS 상품 옵션 컬러 - [필수] 옵션을 선택해 주세요 - ------------------- 아이보리 베이지 블랙 옵션선택 상품 목록 상품명 상품수 가격 내",,,,,,,,,,,
27841,https://www.misharp.co.kr/product/detail.html?product_no=27841,에어쉴드 4부 플레어 반바지,팬츠,팬츠,29800,나일론 100%로 만들어져 땀이나 물에 쉽게 젖지 않고,,55-66반,복부체형;하체통통,힙커버,데일리,여름;겨울,기본,없음,블랙;베이지;그레이;핑크,4050,데님,"미샵 - 에어쉴드 4부 플레어 반바지 (5 color) 에어쉴드 4부 플레어 반바지 (5 color) (해외배송 가능상품) ( 건) 에어쉴드 4부 플레어 반바지 (5 color) 29,800원 290원 (1%) 재입고 알림 SMS 상품 옵션 컬러 - [필수] 옵션을 선택해 주세요 - ------------------- 핑크 연그레이 베이지 먹 블랙 옵션선택 상품 목록 상품명 상품수 가격 에어",,,,,,,,,,,
28945,https://www.misharp.co.kr/product/detail.html?product_no=28945,바이오 워싱 핀턱 버뮤다 팬츠,팬츠,팬츠,46800,면98%와 스판2%를 혼용하여 / 스판2%를 혼용하여,밴딩핏;핀턱핏,55-77,복부체형;하체통통,뱃살커버;힙커버;허리라인보정,데일리;오피스룩,여름;겨울,기본,없음,베이지,4050,데님,【30수 마직(린넨) / 바이오 워싱】,,,,,,,,,,,
28942,https://www.misharp.co.kr/product/detail.html?product_no=28942,올가 S 533 면팬츠,팬츠,팬츠,33900,코튼97% 스판3% 혼용 소재입니다 / 스판3% 혼용 소재입니다,일자핏;슬림핏;밴딩핏,55-99,복부체형;하체통통,힙커버;허리라인보정,클래식;데일리;오피스룩,여름;겨울,기본,없음,블랙;화이트;베이지;카키,4050,데님,★ SS제작 팬츠 195 ★,,,,,,,,,,,
28941,https://www.misharp.co.kr/product/detail.html?product_no=28941,시원 슬럽 캣브러시 5부 데님,팬츠,데님,48500,면100% 소재입니다,와이드핏;민소매핏,55-77,복부체형;하체통통,뱃살커버;힙커버;허리라인보정,데일리,여름;겨울,기본,없음,화이트,4050,데님,"미샵 - 시원 슬럽 캣브러시 5부 데님 (1 color) 시원 슬럽 캣브러시 5부 데님 (1 color) (해외배송 가능상품) ( 건) 시원 슬럽 캣브러시 5부 데님 (1 color) 48,500원 480원 (1%) 재입고 알림 SMS 상품 옵션 사이즈 - [필수] 옵션을 선택해 주세요 - ------------------- S(55) M(66) L(77) 옵션선택 상품 목록 상품명 상품수",,,,,,,,,,,
28937,https://www.misharp.co.kr/product/detail.html?product_no=28937,썸머 슬럽 핀턱 와이드 데님,팬츠,데님,56500,,와이드핏;밴딩핏;핀턱핏,55-77,복부체형;하체통통,뱃살커버;힙커버;허리라인보정,클래식;데일리,여름;겨울,크롭,없음,,4050,데님;니트,【9온스의 가벼움과 최고의 통기성】,,,,,,,,,,,
28934,https://www.misharp.co.kr/product/detail.html?product_no=28934,올가 S 531 면팬츠,팬츠,팬츠,40000,,슬림핏;밴딩핏;세미루즈;민소매핏,55-99,복부체형;하체통통,뱃살커버;힙커버;허리라인보정,데일리,여름;겨울,기본,없음,블랙;화이트;베이지,4050,데님,★ SS제작 팬츠 193 ★ 【여름 최강 쾌적의 면스판】,,,,,,,,,,,
23976,https://www.misharp.co.kr/product/detail.html?product_no=23976,코이 S 187 반바지,팬츠,팬츠,30400,,,55-77,복부체형;하체통통,힙커버;허리라인보정,클래식;데일리;오피스룩,여름,기본,없음,블랙;베이지;네이비;카키,4050,슬랙스;데님,"★ SS 제작 팬츠 194 ★ 【5,000장 판매완료! 재입고!】",,,,,,,,,,,
28928,https://www.misharp.co.kr/product/detail.html?product_no=28928,매그 S 667 슬랙스,팬츠,슬랙스,38300,스판 3%가 함유되어 있어 앉거나 걸을 때의 움직임이 매우 자유롭습니다,와이드핏;밴딩핏;핀턱핏;민소매핏,55-77,복부체형;하체통통,힙커버;허리라인보정,데일리,여름;겨울,기본,없음,블랙;화이트;베이지,4050,슬랙스;데님;스커트,★ SS제작 팬츠 192 ★ 【하체 완벽커버와 최상의 통기성】,,,,,,,,,,,
28823,https://www.misharp.co.kr/product/detail.html?product_no=28823,티타늄 쿨 밴딩 와이드 팬츠,팬츠,팬츠,39500,폴리에스터 100% 원사를 사용하여 한여름에도 피부에 달라붙지 않고 온종일 청량하고 쾌적한 착용감을 선사합니다,와이드핏;일자핏;루즈핏;밴딩핏;오버핏,55-77,복부체형;하체통통,뱃살커버;힙커버;허리라인보정,클래식;데일리;오피스룩,여름;겨울,기본,없음,아이보리;베이지,4050,데님,【온종일 청량하고 쾌적한 뉴원단】,,,,,,,,,,,
28916,https://www.misharp.co.kr/product/detail.html?product_no=28916,크루즈 논페이드 쿨 8부 통 데님,팬츠,데님,45500,면75% / 폴리에스터23% / 스판2% 혼용의 여름용 논페이트 데님 소재입니다,와이드핏;일자핏;슬림핏;루즈핏;밴딩핏;민소매핏,55-88,복부체형;하체통통,힙커버;허리라인보정,클래식;데일리,여름;겨울,기본,없음,화이트,4050,데님;니트,【면75%의 논페이드 클래식】,,,,,,,,,,,
28926,https://www.misharp.co.kr/product/detail.html?product_no=28926,썸머 쿨링 와이드 속밴딩 데님,팬츠,데님,59500,면78% / 스판1%의 혼용률로 데님 특유의 탄탄함은 유지하면서도 일반적인 데님보다 훨씬 찰랑이고 부드러운 터치감을 자랑합니다,와이드핏;슬림핏;루즈핏;밴딩핏;민소매핏,55-88,복부체형;하체통통,힙커버;허리라인보정,데일리;오피스룩,여름;겨울,크롭,없음,,4050,데님,【Premium 브러쉬와 면텐셀의 쾌적함】,,,,,,,,,,,
27711,https://www.misharp.co.kr/product/detail.html?product_no=27711,프라임 썸머 벨트 와이드 슬랙스,팬츠,슬랙스,39800,폴리에스터95% 스판5% 혼용 소재입니다 / 스판5% 혼용 소재입니다,와이드핏;핀턱핏,55-77,복부체형;하체통통,힙커버;허리라인보정,데일리,여름,기본,없음,블랙;화이트;베이지,4050,슬랙스;데님,【가슬가슬 할랑할랑한 최상의 쿨핏】,,,,,,,,,,,
25234,https://www.misharp.co.kr/product/detail.html?product_no=25234,매그 S 557 슬랙스,팬츠,슬랙스,34800,코튼30% 나일론 스판 혼용 원단입니다,와이드핏;민소매핏,55-77,복부체형;하체통통,힙커버;허리라인보정,데일리;오피스룩,봄;여름;가을,기본,없음,블랙;베이지;브라운;카키,4050,슬랙스;데님;스커트,"★ SS제작 팬츠 189 ★ 【안 입은 듯, 쾌적함!】",,,,,,,,,,,
25174,https://www.misharp.co.kr/product/detail.html?product_no=25174,3타입 프리미엄 텐셀 와이드 데님_3,팬츠,데님,32800,,와이드핏,66-55,복부체형;하체통통,힙커버,데일리,여름,롱,없음,블랙;화이트,4050,데님,【텐셀70/ 3길이+5사이즈】,,,,,,,,,,,
23894,https://www.misharp.co.kr/product/detail.html?product_no=23894,코이 S 185 반바지,팬츠,팬츠,33000,,,55-88,복부체형;하체통통,힙커버;허리라인보정,클래식;데일리;오피스룩,봄;여름;가을,기본,없음,블랙;베이지;브라운,4050,데님,★ SS제작 팬츠 191 ★ 【최다판매와 최다 후기】,,,,,,,,,,,
28872,https://www.misharp.co.kr/product/detail.html?product_no=28872,올가 S 529 면팬츠,팬츠,팬츠,35600,코튼97% 스판3% 소재로 얇으면서도 탄탄한 내구성을 갖추고 있습니다 / 스판3% 소재로 얇으면서도 탄탄한 내구성을 갖추고 있습니다 / 스판3% 혼용으로 움직임이 자유롭고 활동성이 뛰어납니다,세미루즈;정핏;민소매핏,44-88,4050 여성 일반체형,허리라인보정,클래식;데일리;오피스룩,여름;겨울,기본,없음,블랙;화이트;베이지;카키,4050,데님,★ SS제작 팬츠 181 ★ 【고밀도 원단의 매끈한 라인】,,,,,,,,,,,
28890,https://www.misharp.co.kr/product/detail.html?product_no=28890,퓨어 린넨 버뮤다 팬츠,팬츠,팬츠,34800,,와이드핏;일자핏;밴딩핏;민소매핏,55-77,복부체형;하체통통,힙커버;허리라인보정,데일리;오피스룩,여름;겨울,기본,없음,화이트;베이지,4050,데님,【린넨 100%/활용좋은 무릎길이】,,,,,,,,,,,
26583,https://www.misharp.co.kr/product/detail.html?product_no=26583,경량 바스락 와이드 스트링 팬츠,팬츠,팬츠,29500,폴리에스터40% 혼용 소재입니다 / 나일론60% 폴리에스터40% 혼용 소재입니다,와이드핏;핀턱핏;루즈핏,55-66반,복부체형;하체통통,힙커버;허리라인보정,데일리,여름;겨울,기본,없음,블랙;핑크,4050,데님,"미샵 - 경량 바스락 와이드 스트링 팬츠 (4 color) 경량 바스락 와이드 스트링 팬츠 (4 color) (해외배송 가능상품) ( 건) 경량 바스락 와이드 스트링 팬츠 (4 color) 29,500원 290원 (1%) 재입고 알림 SMS 상품 옵션 컬러 - [필수] 옵션을 선택해 주세요 - ------------------- 크림 핑크 카멜 블랙 옵션선택 상품 목록 상품명 상품수 가격 경",,,,,,,,,,,
28886,https://www.misharp.co.kr/product/detail.html?product_no=28886,매그 S 665 슬랙스,팬츠,슬랙스,34800,,와이드핏;일자핏;루즈핏;밴딩핏,44-99,복부체형;하체통통,뱃살커버;힙커버;허리라인보정,클래식;데일리,여름;겨울,기본,없음,블랙;베이지;브라운,4050,슬랙스;데님;니트,★ SS제작 팬츠 188 ★,,,,,,,,,,,
27506,https://www.misharp.co.kr/product/detail.html?product_no=27506,2타입 스판 부츠컷 데님,팬츠,데님,34800,코튼75% 폴리에스터23% 스판2% 혼용 소재입니다 / 폴리에스터23% 스판2% 혼용 소재입니다 / 스판2% 혼용 소재입니다,부츠컷;슬림핏,44-99,복부체형;하체통통,힙커버;허리라인보정,클래식;데일리,여름,롱,없음,,4050,데님,【숏/롱 길이별 & 5가지 사이즈】,,,,,,,,,,,
28879,https://www.misharp.co.kr/product/detail.html?product_no=28879,S. 올데이 다잉 배기핏 코튼 팬츠,팬츠,팬츠,42000,면100% 소재로 형태 안정성이 우수하며,배기핏;밴딩핏;정핏;민소매핏,55-77,복부체형;하체통통,뱃살커버;힙커버;허리라인보정,데일리,여름;겨울,기본,없음,아이보리;베이지;그레이,4050,데님,【bio오버다잉 기법의 고급염색】,,,,,,,,,,,
27742,https://www.misharp.co.kr/product/detail.html?product_no=27742,쿠이 절개 반바지,팬츠,팬츠,29500,코튼65% 나일론35% 혼용 소재입니다 / 나일론35% 혼용 소재입니다,밴딩핏;세미루즈;정핏,55-66반,복부체형;하체통통,힙커버;허리라인보정,클래식;데일리;오피스룩,여름;겨울,기본,없음,화이트;베이지;네이비,4050,데님,"미샵 - 쿠이 절개 반바지 (3 color) 쿠이 절개 반바지 (3 color) (해외배송 가능상품) ( 건) 쿠이 절개 반바지 (3 color) 29,500원 290원 (1%) 재입고 알림 SMS 상품 옵션 컬러 - [필수] 옵션을 선택해 주세요 - ------------------- 화이트 베이지 네이비 옵션선택 상품 목록 상품명 상품수 가격 쿠이 절개 반바지 (3 color) 수량증가",,,,,,,,,,,
27609,https://www.misharp.co.kr/product/detail.html?product_no=27609,코이 S 205 반바지,팬츠,팬츠,37400,폴리에스터51% 레이온46% 스판3% 혼용 소재입니다 / 레이온46% 스판3% 혼용 소재입니다 / 스판3% 혼용으로 뛰어난 텐션은 물론 / 스판3% 혼용 소재입니다,와이드핏;밴딩핏;핀턱핏,55-77,복부체형;하체통통,뱃살커버;힙커버;허리라인보정,데일리,여름,기본,없음,블랙;화이트;베이지,4050,슬랙스;데님,★ SS제작 팬츠 187 ★ 【우아함과 시원함이 함께】,,,,,,,,,,,
27632,https://www.misharp.co.kr/product/detail.html?product_no=27632,아이스 페더 와이드 팬츠,팬츠,팬츠,38500,레이온80% 나일론15% 혼용 소재입니다 / 나일론15% 혼용 소재입니다,와이드핏;슬림핏,55-77,복부체형;하체통통,힙커버;허리라인보정,데일리;오피스룩,여름,기본,없음,블랙;베이지;브라운;카키,4050,데님,【안 입은 듯 완벽 시원&가볍】,,,,,,,,,,,
28873,https://www.misharp.co.kr/product/detail.html?product_no=28873,해피 스누피 시어서커 잠옷 팬츠,팬츠,팬츠,15800,폴리에스터100% 소재입니다,,55-77,복부체형;하체통통,힙커버;허리라인보정,데일리,여름;겨울,기본,없음,카키,4050,데님,"미샵 - 해피 스누피 시어서커 잠옷 팬츠 (3 color) 해피 스누피 시어서커 잠옷 팬츠 (3 color) (해외배송 가능상품) ( 건) 해피 스누피 시어서커 잠옷 팬츠 (3 color) 15,800원 150원 (1%) 재입고 알림 SMS 상품 옵션 컬러 - [필수] 옵션을 선택해 주세요 - ------------------- 1블루 2레드 3카키 사이즈 - [필수] 옵션을 선택해 주세요",,,,,,,,,,,
26435,https://www.misharp.co.kr/product/detail.html?product_no=26435,모노 쿨 드라이 와이드 일자 면팬츠,팬츠,팬츠,38800,코튼98% 스판2% 소재입니다 / 스판 2%의 적절한 텐션력으로 착용감까지도 진심 최고라고 생각합니다 / 스판2% 소재입니다,와이드핏;일자핏,55-77,복부체형;하체통통,힙커버;허리라인보정,데일리;오피스룩,여름;겨울,기본,없음,블랙;화이트,4050,슬랙스;데님,【30수의 개버딘 조직의 쿨코튼】 화이트 L 마지막 찬스!,,,,,,,,,,,
28869,https://www.misharp.co.kr/product/detail.html?product_no=28869,소프트 러프 버뮤다 데님 팬츠,팬츠,데님,54500,면100%이지만 / 코튼100% 원단을 사용했습니다,밴딩핏,55-77,복부체형;하체통통,뱃살커버;힙커버;허리라인보정,데일리,여름;겨울,하프,없음,그레이,4050,데님,【린넨의 성글고 시원한 조직감】,,,,,,,,,,,
28866,https://www.misharp.co.kr/product/detail.html?product_no=28866,무결점 5부 릴렉스 슬랙스,팬츠,슬랙스,38500,폴리에스터 51% / 레이온 42% / 스판 7% 혼용의 여름 최적의 소재입니다,슬림핏;세미루즈,55-77,복부체형;하체통통,힙커버;허리라인보정,클래식;데일리;오피스룩,여름;겨울,기본,없음,블랙;베이지,4050,슬랙스;데님,【입지 않은 듯 가벼움】,,,,,,,,,,,
27638,https://www.misharp.co.kr/product/detail.html?product_no=27638,매그 S 631 슬랙스,팬츠,슬랙스,34800,,와이드핏,44-77,복부체형;하체통통,힙커버;허리라인보정,데일리,여름,기본,없음,블랙;화이트;베이지;카키,4050,슬랙스;데님,★ SS제작 팬츠 184 ★,,,,,,,,,,,
28862,https://www.misharp.co.kr/product/detail.html?product_no=28862,매그 S 663 슬랙스,팬츠,슬랙스,46200,폴리50% / 폴리에스터 50%,밴딩핏,55-77,복부체형;하체통통,뱃살커버;힙커버;허리라인보정,클래식;페미닌;데일리;오피스룩,여름;겨울,기본,없음,블랙;화이트;베이지;브라운,4050,슬랙스;데님;스커트;니트,★ SS제작 팬츠 183 ★ 【요철의 고슬고슬 터치감】,,,,,,,,,,,
27777,https://www.misharp.co.kr/product/detail.html?product_no=27777,매그 S 633 슬랙스,팬츠,슬랙스,35000,폴리에스터93% / 스판7% 혼용 소재입니다,부츠컷;슬림핏;정핏,44-99,복부체형;하체통통,힙커버;허리라인보정,클래식;데일리;오피스룩,여름,기본,없음,블랙;화이트;베이지,4050,슬랙스;데님;니트,★ SS제작 팬츠 182 ★ 【무조건 날씬핏】,,,,,,,,,,,
26382,https://www.misharp.co.kr/product/detail.html?product_no=26382,기능성 쿨 주름 배기 슬랙스,팬츠,슬랙스,36500,스판20% 혼용으로 텐션력과 복원력이 아주 뛰어납니다,배기핏;테이퍼드핏;세미루즈;정핏,55-77,복부체형;하체통통,힙커버;허리라인보정,클래식;데일리,여름,기본,없음,블랙;베이지;그레이,4050,슬랙스;데님,"미샵 - 기능성 쿨 주름 배기 슬랙스 (3 color) 기능성 쿨 주름 배기 슬랙스 (3 color) (해외배송 가능상품) ( 건) 기능성 쿨 주름 배기 슬랙스 (3 color) 36,500원 360원 (1%) 재입고 알림 SMS 상품 옵션 컬러 - [필수] 옵션을 선택해 주세요 - ------------------- 먹 옵션선택 상품 목록 상품명 상품수 가격 기능성 쿨 주름 배기 슬랙스 (",,,,,,,,,,,
28856,https://www.misharp.co.kr/product/detail.html?product_no=28856,S. 마일드 빈티지 배기핏 데님,팬츠,데님,52500,면 100% 여름 소재로 아주 가볍고 시원합니다,배기핏,55-44,복부체형;하체통통,힙커버;허리라인보정,데일리,여름;겨울,기본,없음,,4050,데님,【14수 프리미엄 링사/친환경 원사】,,,,,,,,,,,
28854,https://www.misharp.co.kr/product/detail.html?product_no=28854,매트 고밀도 테이퍼드 슬랙스,팬츠,슬랙스,45800,,일자핏;배기핏;테이퍼드핏;슬림핏;정핏,55-99,복부체형;하체통통,뱃살커버;힙커버;허리라인보정,클래식;데일리;오피스룩,봄;여름;겨울,기본,없음,베이지;그레이;네이비,4050,슬랙스;데님;니트,【10%의 프리미엄 스판 함유】,,,,,,,,,,,
28774,https://www.misharp.co.kr/product/detail.html?product_no=28774,텐션 슬랙스 카프리 팬츠,팬츠,슬랙스,31800,폴리에스터85% 스판15% 혼용 소재입니다 / 스판15% 혼용 소재입니다,밴딩핏;오버핏,55-77,복부체형;하체통통,뱃살커버;힙커버;허리라인보정,데일리;오피스룩,여름;겨울,기본,없음,블랙;베이지,4050,슬랙스;데님,【올시즌 가장 핫트렌드 팬츠!】,,,,,,,,,,,
28845,https://www.misharp.co.kr/product/detail.html?product_no=28845,올가 S 527 면팬츠,팬츠,팬츠,47600,,세미와이드핏;와이드핏;일자핏;슬림핏;민소매핏,55-99,복부체형;하체통통,뱃살커버;힙커버;허리라인보정,클래식;데일리;오피스룩,여름;겨울,기본,없음,화이트;아이보리;베이지;그레이,4050,슬랙스;데님,★ SS제작 팬츠 177 ★ 【고밀도 바이오 워싱 코튼】,,,,,,,,,,,
21272,https://www.misharp.co.kr/product/detail.html?product_no=21272,매그 S 421 슬랙스,팬츠,슬랙스,33900,폴리에스터100% 소재입니다,와이드핏;일자핏;밴딩핏;세미루즈,55-77반,복부체형;하체통통,힙커버;허리라인보정,클래식;데일리;오피스룩,여름;겨울,기본,없음,블랙;베이지;브라운,4050,슬랙스;데님,★ SS제작 팬츠 180 ★ 【모델의 핏보다 5cm 길게 제작!!】,,,,,,,,,,,
27568,https://www.misharp.co.kr/product/detail.html?product_no=27568,S. 다이아 절개 와이드 밴딩 데님,팬츠,데님,43600,레이온17% 혼용 데님 소재입니다,와이드핏;슬림핏;밴딩핏,55-77,복부체형;하체통통,뱃살커버;힙커버;허리라인보정,데일리,여름;겨울,크롭,없음,그레이,4050,데님,【쾌적하게! 그레이컬러 추가!】 진청 L 마지막 세일!,,,,,,,,,,,
28836,https://www.misharp.co.kr/product/detail.html?product_no=28836,매트 핀턱 하프 슬랙스 팬츠,팬츠,슬랙스,30800,폴리에스터100% 소재입니다,슬림핏;루즈핏;밴딩핏;핀턱핏,55-77,복부체형;하체통통,뱃살커버;힙커버;허리라인보정,클래식;데일리;오피스룩,여름;겨울,하프,없음,아이보리;베이지;그레이,4050,슬랙스;데님;니트,"미샵 - 매트 핀턱 하프 슬랙스 팬츠 (3 color) 매트 핀턱 하프 슬랙스 팬츠 (3 color) (해외배송 가능상품) ( 건) 매트 핀턱 하프 슬랙스 팬츠 (3 color) 38,500원 30,800원 남은시간 886일 09:39:28 (7,700원 할인) 2022-08-24 00:00 ~ 2028-12-31 23:55 300원 (1%) 재입고 알림 SMS 상품 옵션 컬러-사이즈 - [",,,,,,,,,,,
21279,https://www.misharp.co.kr/product/detail.html?product_no=21279,5부/3부 체크반바지,팬츠,팬츠,9800,,,55-77,복부체형;하체통통,힙커버,데일리,여름,기본,없음,블랙;핑크;네이비,4050,데님,"미샵 - 5부/3부 체크반바지 (3 color) 5부/3부 체크반바지 (3 color) (해외배송 가능상품) ( 건) 5부/3부 체크반바지 (3 color) 9,800원 90원 (1%) 재입고 알림 SMS 상품 옵션 컬러 - [필수] 옵션을 선택해 주세요 - ------------------- 핑크 네이비 블랙 사이즈 - [필수] 옵션을 선택해 주세요 - -------------------",,,,,,,,,,,
27533,https://www.misharp.co.kr/product/detail.html?product_no=27533,매그 S 623 슬랙스,팬츠,슬랙스,35000,,와이드핏;밴딩핏,44-99,복부체형;하체통통,힙커버,데일리;오피스룩,여름;겨울,롱,없음,블랙;베이지,4050,슬랙스;데님;니트,★ SS제작 팬츠 160 ★ 【 쿨터치/링클프리/ 최고의 슬림핏】,,,,,,,,,,,
28831,https://www.misharp.co.kr/product/detail.html?product_no=28831,모던 핀턱 5부 여름 슬랙스,팬츠,슬랙스,39800,폴리에스터95% 스판5% 혼용 소재입니다 / 스판5% 혼용 소재입니다,슬림핏;핀턱핏;오버핏,55-77,복부체형;하체통통,힙커버;허리라인보정,클래식;데일리;오피스룩,여름;겨울,기본,없음,블랙;베이지;브라운,4050,슬랙스;데님;니트,"미샵 - 모던 핀턱 5부 여름 슬랙스 (4 color) 모던 핀턱 5부 여름 슬랙스 (4 color) (해외배송 가능상품) ( 건) 모던 핀턱 5부 여름 슬랙스 (4 color) 39,800원 390원 (1%) 재입고 알림 SMS 상품 옵션 컬러 - [필수] 옵션을 선택해 주세요 - ------------------- 연베이지 진베이지 브라운 블랙 사이즈 - [필수] 옵션을 선택해 주세요 -",,,,,,,,,,,
26695,https://www.misharp.co.kr/product/detail.html?product_no=26695,로이 뒷밴딩 버뮤다 팬츠,팬츠,팬츠,32600,울5% 폴리,밴딩핏,55-66반,복부체형;하체통통,힙커버;허리라인보정,데일리;오피스룩,봄;가을;겨울,롱,없음,베이지,4050,슬랙스;데님,"미샵 - 로이 뒷밴딩 버뮤다 팬츠 (2 color) 로이 뒷밴딩 버뮤다 팬츠 (2 color) (해외배송 가능상품) ( 건) 로이 뒷밴딩 버뮤다 팬츠 (2 color) 46,500원 32,600원 남은시간 1250일 21:44:22 (13,900원 할인) 2017-02-03 00:00 ~ 2029-12-31 12:00 320원 (1%) 재입고 알림 SMS 상품 옵션 컬러 - [필수] 옵션을",,,,,,,,,,,
25140,https://www.misharp.co.kr/product/detail.html?product_no=25140,3타입 프리미엄 텐셀 와이드 데님_2,팬츠,데님,32800,,와이드핏,66-55,복부체형;하체통통,힙커버,데일리,여름,롱,없음,블랙,4050,데님,【텐셀70/ 3길이+5사이즈】,,,,,,,,,,,
28827,https://www.misharp.co.kr/product/detail.html?product_no=28827,카치온 슬랍 6부 와이드 팬츠,팬츠,팬츠,54500,,와이드핏,55-77,복부체형;하체통통,뱃살커버;힙커버;허리라인보정,데일리,여름;겨울,기본,없음,베이지;그레이,4050,데님;스커트,【카치온 원단에 데미지 워싱 기법】,,,,,,,,,,,
23807,https://www.misharp.co.kr/product/detail.html?product_no=23807,데이즈 데님 반바지,팬츠,데님,43500,코튼100% 원단이지만 / 코튼100% 데님 소재입니다,밴딩핏,55-77,복부체형;하체통통,뱃살커버;힙커버,데일리,봄;여름;가을,기본,없음,,4050,데님,"미샵 - 데이즈 데님 반바지 (2 color) 데이즈 데님 반바지 (2 color) (해외배송 가능상품) ( 건) 데이즈 데님 반바지 (2 color) 43,500원 430원 (1%) 재입고 알림 SMS 상품 옵션 컬러 - [필수] 옵션을 선택해 주세요 - ------------------- 연청 중청 사이즈 - [필수] 옵션을 선택해 주세요 - ------------------- S(55)",,,,,,,,,,,
26157,https://www.misharp.co.kr/product/detail.html?product_no=26157,올가 S 493 면팬츠,팬츠,팬츠,32100,코튼97% 스판3% 혼용 소재입니다 / 스판3% 혼용 소재입니다 / 스판3% 혼용으로 착용감이 매우 편안합니다,세미와이드핏;와이드핏;일자핏;루즈핏;세미루즈,44-88,복부체형;하체통통,힙커버,데일리,,롱,없음,블랙;화이트,4050,슬랙스;데님,★ SS 제작 팬츠 179 ★ 화이트 M 1장!,,,,,,,,,,,
26483,https://www.misharp.co.kr/product/detail.html?product_no=26483,베라 S 229 데님,팬츠,데님,48000,,와이드핏;일자핏;배기핏;슬림핏;밴딩핏,44-99,복부체형;하체통통,힙커버;허리라인보정,데일리;오피스룩,여름;겨울,기본,없음,,4050,데님,★ SS제작 팬츠 178 ★ 【링사 여름버전의 쿨가공 원단】,,,,,,,,,,,
18734,https://www.misharp.co.kr/product/detail.html?product_no=18734,코이 S 101 면팬츠,팬츠,팬츠,33900,,세미와이드핏;와이드핏;일자핏;밴딩핏,44-88,복부체형;하체통통,힙커버;허리라인보정,데일리;오피스룩,여름;겨울,기본,없음,블랙;화이트;베이지;핑크,4050,슬랙스;데님,★ SS제작 팬츠 177 ★ 【가장 깨끗한 워싱 코튼】,,,,,,,,,,,
28808,https://www.misharp.co.kr/product/detail.html?product_no=28808,올가 S 525 면팬츠,팬츠,팬츠,48000,코튼97% 스판3% 혼용 소재로 아주 얇으면서도 쾌적합니다 / 코튼97% 스판3% 혼용 소재로 쾌적하면서도 비침 걱정이 덜하고 핏을 탄탄하게 잡아줍니다 / 스판3% 혼용 소재로 아주 얇으면서도 쾌적합니다 / 스판3% 혼용 소재로 쾌적하면서도 비침 걱정이 덜하고 핏을 탄탄하게 잡아줍니다,와이드핏;일자핏;밴딩핏,55-77,복부체형;하체통통,뱃살커버;힙커버;허리라인보정,클래식;데일리;오피스룩,여름;겨울,롱,없음,화이트,4050,데님,★ SS제작 팬츠 175 ★ 【고밀도 최상얇기/화이트&데님】,,,,,,,,,,,
26289,https://www.misharp.co.kr/product/detail.html?product_no=26289,매그 S 579 슬랙스,팬츠,슬랙스,31500,,일자핏;슬림핏,44-88,복부체형;하체통통,힙커버;허리라인보정,클래식;데일리,여름,기본,없음,블랙;화이트;베이지;브라운,4050,슬랙스;데님,★ SS제작 팬츠 174 ★,,,,,,,,,,,
23789,https://www.misharp.co.kr/product/detail.html?product_no=23789,매그 S 515 슬랙스,팬츠,슬랙스,32100,,루즈핏,44-88,복부체형;하체통통,힙커버;허리라인보정,클래식;데일리;오피스룩,여름;가을;겨울,기본,없음,블랙;베이지;카키,4050,슬랙스;데님,"★ SS제작 팬츠 172 ★ [3,000장 판매 /포토후기 ↑]",,,,,,,,,,,
28801,https://www.misharp.co.kr/product/detail.html?product_no=28801,클래식 히든 밴딩 썸머 슬랙스,팬츠,슬랙스,49500,스판3%의 유연한 복원력이 조화롭게 어우러진 여름 최적의 소재입니다,일자핏;밴딩핏,55-99,복부체형;하체통통,뱃살커버;힙커버;허리라인보정,클래식;데일리;오피스룩,여름;겨울,기본,없음,블랙;베이지;브라운,4050,슬랙스;데님;니트,"미샵 - 클래식 히든 밴딩 썸머 슬랙스 (4 color) 클래식 히든 밴딩 썸머 슬랙스 (4 color) (해외배송 가능상품) ( 건) 클래식 히든 밴딩 썸머 슬랙스 (4 color) 49,500원 490원 (1%) 재입고 알림 SMS 상품 옵션 컬러 - [필수] 옵션을 선택해 주세요 - ------------------- 베이지 브라운 차콜 블랙 사이즈 - [필수] 옵션을 선택해 주세요 -",,,,,,,,,,,
27895,https://www.misharp.co.kr/product/detail.html?product_no=27895,F. 내추럴 루즈핏 와이드 데님 팬츠,팬츠,데님,45800,면100% 원단이지만 / 코튼100%원단이며,와이드핏;루즈핏;밴딩핏,55-77,복부체형;하체통통,힙커버;허리라인보정,데일리,여름,기본,없음,,4050,데님,"미샵 - F. 내추럴 루즈핏 와이드 데님 팬츠 (3 color) F. 내추럴 루즈핏 와이드 데님 팬츠 (3 color) (해외배송 가능상품) ( 건) F. 내추럴 루즈핏 와이드 데님 팬츠 (3 color) 45,800원 450원 (1%) 재입고 알림 SMS 상품 옵션 컬러 - [필수] 옵션을 선택해 주세요 - ------------------- 연청 중청 진청 사이즈 - [필수] 옵션을 선택",,,,,,,,,,,
27712,https://www.misharp.co.kr/product/detail.html?product_no=27712,4타입 쿨핏 링클 팬츠 - F/L 사이즈,팬츠,팬츠,14500,폴리에스터95% 스판5% 혼용 소재입니다 / 스판5% 혼용 소재입니다,슬림핏;루즈핏;민소매핏,55-88,복부체형;하체통통,힙커버,데일리,여름,기본,없음,블랙;화이트;핑크;네이비,4050,데님,【비침없이 최상 쿨링원단/ L사이즈 제작】,,,,,,,,,,,
28786,https://www.misharp.co.kr/product/detail.html?product_no=28786,올가 S 523 면팬츠,팬츠,팬츠,48000,코튼98% 스판2% 혼용 소재입니다 / 스판2% 혼용 소재입니다,와이드핏;일자핏;밴딩핏,55-77,복부체형;하체통통,뱃살커버;힙커버;허리라인보정,데일리,여름;겨울,기본,없음,화이트;베이지;브라운;카키,4050,데님,★ SS제작 팬츠 177 ★ 【한여름까지 쾌적하세요!】,,,,,,,,,,,
27586,https://www.misharp.co.kr/product/detail.html?product_no=27586,코이 S 203 반바지,팬츠,팬츠,33900,면 97% + 스판 3%의 혼용으로 / 코튼97% 스판3% 혼용 소재입니다 / 스판 3%의 혼용으로 / 스판3% 혼용 소재입니다,슬림핏;밴딩핏,44-77,복부체형;하체통통,뱃살커버;힙커버;허리라인보정,클래식;데일리;오피스룩,여름;겨울,기본,없음,블랙;화이트;베이지,4050,데님,★ SS제작 팬츠 173 ★ 【XL까지 제작】,,,,,,,,,,,
28782,https://www.misharp.co.kr/product/detail.html?product_no=28782,시그니처 커브드 라인 슬랙스,팬츠,슬랙스,24900,폴리에스터100% 소재입니다,와이드핏;슬림핏;루즈핏,66-88,복부체형;하체통통,뱃살커버;힙커버;허리라인보정,데일리,봄;여름;겨울,기본,없음,블랙;네이비,4050,슬랙스;데님,【쾌적 코튼에 멋스러운 커브드라인 】 네이비 L만!,,,,,,,,,,,
22505,https://www.misharp.co.kr/product/detail.html?product_no=22505,매그 S 465 슬랙스,팬츠,슬랙스,33000,,와이드핏;일자핏;테이퍼드핏;슬림핏;밴딩핏,55-88,복부체형;하체통통,힙커버;허리라인보정,데일리;오피스룩,여름;겨울,기본,없음,블랙;아이보리;베이지;그레이;브라운,4050,슬랙스;데님,★ SS제작 팬츠 171 ★ 【고슬고슬한 촉감/후기검증】,,,,,,,,,,,
24931,https://www.misharp.co.kr/product/detail.html?product_no=24931,매그 S 543 슬랙스,팬츠,슬랙스,33000,,와이드핏;일자핏,55-44,복부체형;하체통통,힙커버;허리라인보정,클래식;데일리;오피스룩,여름,기본,없음,블랙;화이트;네이비,4050,슬랙스;데님,★ SS제작 팬츠 170 ★ 【블랙컬러 소량 마지막 오더】,,,,,,,,,,,
28759,https://www.misharp.co.kr/product/detail.html?product_no=28759,리버스 입체 와이드 데님 팬츠,팬츠,데님,45200,코튼100% 소재입니다,와이드핏;일자핏;슬림핏,77-66,복부체형;하체통통,뱃살커버;힙커버;허리라인보정,데일리,여름;겨울,기본,없음,화이트,4050,데님,【프렌치 시크 st. /10수 링사 코튼100】 L마지막 1장,,,,,,,,,,,
28753,https://www.misharp.co.kr/product/detail.html?product_no=28753,로건 투 핀턱 쿨 슬랙스,팬츠,슬랙스,34500,폴리에스터76% 레이온20% 혼용원단 / 폴리에스터76% 레이온20% 혼용 소재 특유의 유연함과 은은한 고급스러움이 돋보이는 원단입니다 / 레이온20% 혼용원단 / 레이온20% 혼용 소재 특유의 유연함과 은은한 고급스러움이 돋보이는 원단입니다,일자핏;슬림핏;밴딩핏;핀턱핏,55-99,복부체형;하체통통,뱃살커버;힙커버;허리라인보정,데일리;오피스룩,여름;겨울,기본,없음,블랙;그레이,4050,슬랙스;데님,"미샵 - 로건 투 핀턱 쿨 슬랙스 (2 color) 로건 투 핀턱 쿨 슬랙스 (2 color) (해외배송 가능상품) ( 건) 로건 투 핀턱 쿨 슬랙스 (2 color) 34,500원 340원 (1%) 재입고 알림 SMS 상품 옵션 컬러 - [필수] 옵션을 선택해 주세요 - ------------------- 그레이 블랙 사이즈 - [필수] 옵션을 선택해 주세요 - ---------------",,,,,,,,,,,
27444,https://www.misharp.co.kr/product/detail.html?product_no=27444,밀리 와이드 코튼 팬츠,팬츠,팬츠,32500,,와이드핏,55-77,복부체형;하체통통,힙커버;허리라인보정,데일리,봄;여름;가을,기본,없음,블랙;화이트;아이보리;핑크;카키,4050,데님,【국내공정 / 탄탄한 코튼】,,,,,,,,,,,
27631,https://www.misharp.co.kr/product/detail.html?product_no=27631,투 타입 러블리 홈웨어 잠옷 바지,팬츠,팬츠,9500,폴리에스터100% 지지미 소재입니다,,55-66,복부체형;하체통통,힙커버,데일리,여름;겨울,기본,없음,핑크,4050,데님,"미샵 - 투 타입 러블리 홈웨어 잠옷 바지 (4 color) 투 타입 러블리 홈웨어 잠옷 바지 (4 color) (해외배송 가능상품) ( 건) 투 타입 러블리 홈웨어 잠옷 바지 (4 color) 13,500원 9,500원 남은시간 155일 09:38:49 (4,000원 할인) 2017-02-21 00:00 ~ 2026-12-31 23:55 90원 (1%) 재입고 알림 SMS 상품 옵션 컬러",,,,,,,,,,,
26349,https://www.misharp.co.kr/product/detail.html?product_no=26349,블랙 핀턱 데님 반바지,팬츠,데님,27000,코튼100% 소재입니다,핀턱핏,55-77,복부체형;하체통통,힙커버;허리라인보정,클래식;데일리,가을;겨울,기본,없음,블랙,4050,데님,【XL제작/하체큰 체형에게 좋은 핏】 마지막 XL 할인!,,,,,,,,,,,
28710,https://www.misharp.co.kr/product/detail.html?product_no=28710,매그 S 661 슬랙스,팬츠,슬랙스,38300,폴리에스터74% 레이온21% 스판5% 혼용 소재입니다 / 레이온21% 스판5% 혼용 소재입니다 / 스판5% 혼용 소재로 하루종일 움직임에도 편안함을 줍니다 / 스판5% 혼용 소재입니다,,55-99,복부체형;하체통통,힙커버;허리라인보정,클래식;데일리;오피스룩,봄;여름;가을,기본,없음,네이비,4050,슬랙스;데님,★ SS 제작 166 ★ 【생지데님처럼 깊은 컬러감도】,,,,,,,,,,,
28709,https://www.misharp.co.kr/product/detail.html?product_no=28709,N. 샌드 컴포트 절개 와이드 데님,팬츠,데님,54500,,와이드핏,55-44,복부체형;하체통통,힙커버;허리라인보정,데일리,겨울,크롭,없음,,4050,데님,"미샵 - N. 샌드 컴포트 절개 와이드 데님 (2 color) N. 샌드 컴포트 절개 와이드 데님 (2 color) (해외배송 가능상품) ( 건) N. 샌드 컴포트 절개 와이드 데님 (2 color) 54,500원 540원 (1%) 재입고 알림 SMS 상품 옵션 컬러 - [필수] 옵션을 선택해 주세요 - ------------------- 연청 진청 사이즈 - [필수] 옵션을 선택해 주세요",,,,,,,,,,,
28701,https://www.misharp.co.kr/product/detail.html?product_no=28701,매그 S 659 슬랙스,팬츠,슬랙스,27700,나일론92% 스판8% 혼용 소재입니다 / 스판8% 혼용 소재입니다,일자핏;배기핏;밴딩핏,44-99,복부체형;하체통통,뱃살커버;힙커버;허리라인보정,클래식;데일리;오피스룩,겨울,기본,없음,블랙;베이지,4050,슬랙스;데님,★SS제작 팬츠 165★ 블랙 M 할인 중!,,,,,,,,,,,
26319,https://www.misharp.co.kr/product/detail.html?product_no=26319,(기획) 루브 일자핏 밴딩 데님,팬츠,데님,29500,코튼100% 소재에 비해서 텐션력이 매우 뛰어남과 동시에 늘어짐도 적습니다 / 코튼65% 폴리,일자핏;밴딩핏,55-99,복부체형;하체통통,힙커버;허리라인보정,클래식;데일리;오피스룩,여름;겨울,기본,없음,블랙,4050,데님,【안 입은 듯 편하게!!!! 】,,,,,,,,,,,
27164,https://www.misharp.co.kr/product/detail.html?product_no=27164,베라 S 231 데님,팬츠,데님,45800,코튼98% 스판2% 혼용 데님 소재입니다 / 스판2% 혼용 데님 소재입니다,부츠컷;세미루즈,77-66,복부체형;하체통통,힙커버;허리라인보정,클래식;데일리;오피스룩,봄;가을;간절기,롱,없음,,4050,슬랙스;데님,★ SS제작 팬츠 121 ★,,,,,,,,,,,
25925,https://www.misharp.co.kr/product/detail.html?product_no=25925,앵클핏 스트레치 코튼 팬츠,팬츠,팬츠,37500,코튼97% 스판 3% 혼용의 소재입니다 / 스판 3% 혼용의 소재입니다,일자핏;테이퍼드핏;정핏,55-88,복부체형;하체통통,뱃살커버;힙커버;허리라인보정,클래식;데일리;오피스룩,,기본,없음,블랙;화이트,4050,데님,【~XL까지 제작】,,,,,,,,,,,
28687,https://www.misharp.co.kr/product/detail.html?product_no=28687,링슬럽 밴딩 세미 와이드 데님,팬츠,데님,46800,코튼98% 스판2% 혼용의 데님 소재입니다 / 스판2% 혼용으로 텐션력이 뛰어나 아주 편안한 착용감을 전합니다 / 스판2% 혼용의 데님 소재입니다,세미와이드핏;와이드핏;일자핏;슬림핏;밴딩핏,55-99,복부체형;하체통통,힙커버,데일리,,롱,없음,,4050,슬랙스;데님,【프리미엄 RING 슬럽사】,,,,,,,,,,,
28669,https://www.misharp.co.kr/product/detail.html?product_no=28669,매그 S 657 슬랙스,팬츠,슬랙스,40300,"폴리에스터 100% 소재로 제작되어 장시간 착용에도 구김 걱정이 없습니다 / 폴리100% ⦁ 비율 보장 : 다리가 길어 보이는 안정적인 하이웨스트 ⦁ 실용성 갑 : 출근 룩부터 데일리까지 완벽 소화 ✓ 미리 입어 본 착용후기 (모델/스텝/MD리뷰) ""무릎 나올 걱정 없는 찰랑한 소재예요",세미와이드핏;와이드핏;슬림핏,55-88,복부체형;하체통통,뱃살커버;힙커버;허리라인보정,클래식;데일리;오피스룩,봄;여름;가을,기본,없음,블랙;베이지;소라,4050,슬랙스;데님;니트,★SS제작 팬츠 163★ 【코튼의 실용성과 슬랙스의 정갈함】,,,,,,,,,,,
27374,https://www.misharp.co.kr/product/detail.html?product_no=27374,(기획) 3타입 커먼 소프트 와이드 데님,팬츠,데님,32800,코튼63% 폴리18% 레이온19% 혼용 소재입니다 / 코튼63% 폴리에스터18% 레이온19% 혼용 소재입니다 / 폴리18% 레이온19% 혼용 소재입니다 / 폴리에스터18% 레이온19% 혼용 소재입니다,와이드핏;일자핏;루즈핏,44-99,복부체형;하체통통,힙커버,클래식;데일리,봄;여름;가을,롱,없음,,4050,데님,【5가지 사이즈 / 3가지 길이】,,,,,,,,,,,
28664,https://www.misharp.co.kr/product/detail.html?product_no=28664,올데이 다잉 배기핏 코튼 팬츠,팬츠,팬츠,49800,면 100% 원단으로 탄탄하고 힘있게 핏을 잡아줍니다 / 면 100%의 14수 고밀도 원단으로 제작되어 내구성이 뛰어나고 핏이 깔끔하게 유지됩니다 / 면 100%의 14수 고밀도 원단으로 제작되어 내구성이 뛰어나고 적당한 간절기 두께입니다,배기핏;밴딩핏;벌룬소매,55-77,복부체형;하체통통,힙커버;허리라인보정,데일리;오피스룩,봄;가을;겨울,기본,없음,아이보리;베이지;그레이,4050,데님,【14수 고밀도 면100%】 [다잉염색과 워싱가공의 고급컬러],,,,,,,,,,,
28659,https://www.misharp.co.kr/product/detail.html?product_no=28659,3타입 리오셀 텐션 와이드 데님,팬츠,데님,25600,,와이드핏;부츠컷;슬림핏,44-99,복부체형;하체통통,힙커버,클래식;데일리;오피스룩,봄;가을;겨울,롱,없음,블랙;그레이,4050,데님,【3컬러 / 3길이 / 5가지 사이즈 】 그레이시진청/XL(77)/기본 단 1장!,,,,,,,,,,,
26040,https://www.misharp.co.kr/product/detail.html?product_no=26040,올가 S 489 면팬츠,팬츠,팬츠,27700,코튼97% 스판3% 혼용의 소재이고 / 코튼97% 스판3% 혼용 소재이며 / 스판3% 혼용의 소재이고 / 스판3% 혼용 소재이며,일자핏;밴딩핏,55-44,복부체형;하체통통,힙커버;허리라인보정,클래식;데일리,봄;가을;간절기,기본,없음,블랙;아이보리;베이지;핑크,4050,슬랙스;데님,★ SS제작 팬츠 162 ★,,,,,,,,,,,
28650,https://www.misharp.co.kr/product/detail.html?product_no=28650,내추럴 워싱 다트 배기 팬츠,팬츠,팬츠,45200,면 100% 원단으로 탄탄한 실루엣이 오래 유지됩니다 / 면100% (건조기사용금지) 면 100%의 14수 고밀도 원단을 사용해 탄탄한 핏을 유지합니다,배기핏;밴딩핏;세미루즈;벌룬소매,55-66,복부체형;하체통통,뱃살커버;힙커버;허리라인보정,데일리,봄;여름;가을,기본,없음,베이지,4050,데님;니트,【14수 고밀도 바이오 워싱】,,,,,,,93,,,text,"[{""총장"": ""93""}]"
24791,https://www.misharp.co.kr/product/detail.html?product_no=24791,3타입 논페이드 배기핏 데님,팬츠,데님,20700,코튼97% 스판 혼용 원단입니다,일자핏;배기핏,88-99,복부체형;하체통통,힙커버;허리라인보정,클래식;데일리,봄;가을;겨울,롱,없음,블랙;네이비,4050,데님,"미샵 - 3타입 논페이드 배기핏 데님 (1 color) 3타입 논페이드 배기핏 데님 (1 color) (해외배송 가능상품) ( 건) 3타입 논페이드 배기핏 데님 (1 color) 29,500원 20,700원 남은시간 1250일 21:43:27 (8,800원 할인) 2017-02-03 00:00 ~ 2029-12-31 12:00 200원 (1%) 재입고 알림 SMS 상품 옵션 사이즈 - [필수",,,,,,,,,,,
28637,https://www.misharp.co.kr/product/detail.html?product_no=28637,N. 다이아 절개 와이드 밴딩 데님,팬츠,데님,43600,면 98%에 스판 2%가 더해져 움직임이 자유롭고 / 면98% + 스판2% - 12온스 두께의 탄탄한 데님 - 링사 원단 특유의 내추럴 텍스처 세탁방법 드라이크리닝/손세탁/건조기사용 자제 사이즈 정보 사이즈 TIP S(55) / 스판 2%가 더해져 움직임이 자유롭고 / 스판2% - 12온스 두께의 탄탄한 데님 - 링사 원단 특유의 내추럴 텍스처 세탁방법 드라이크리닝/손세탁/건조기사용 자제 사이즈 정보 사이즈 TIP S(55),세미와이드핏;와이드핏;부츠컷;슬림핏;밴딩핏,77-66,복부체형;하체통통,뱃살커버;힙커버;허리라인보정,페미닌;데일리,봄;가을;겨울,기본,없음,그레이,4050,데님;니트,【2온스링사 데님 / 하비체형 추천】 L사이즈만 할인!,,,,,,,,,,,
22436,https://www.misharp.co.kr/product/detail.html?product_no=22436,S. 킹짱 조거 팬츠,팬츠,팬츠,34500,,조거핏;슬림핏,55-77,복부체형;하체통통,힙커버;허리라인보정,데일리,봄;여름;가을,기본,없음,,4050,데님,★ SS제작 팬츠 152 ★ 【3천장 판매돌파 / 후기 360 +】,,,,,,,,,,,
28628,https://www.misharp.co.kr/product/detail.html?product_no=28628,쓰리 핀턱 소프트 배기핏 슬랙스,팬츠,슬랙스,75500,폴리에스터96% + 스판4% 국내의 고급 브랜드 원단 그대로이며 / 스판4% 국내의 고급 브랜드 원단 그대로이며,배기핏;핀턱핏,44-66,복부체형;하체통통,뱃살커버;힙커버;허리라인보정,클래식;데일리,봄;여름;가을,기본,없음,블랙;베이지;브라운,4050,슬랙스;데님;니트,【하이엔드 브랜드 원단 그대로】,,,,,,,,,,,
26696,https://www.misharp.co.kr/product/detail.html?product_no=26696,마일드 빈티지 와이드 데님,팬츠,데님,53500,,와이드핏;밴딩핏,55-44,복부체형;하체통통,힙커버,데일리,겨울,기본,없음,,4050,데님,【고밀도 8수/USA코튼 링사 재직】,,,,,,,,,,,
28622,https://www.misharp.co.kr/product/detail.html?product_no=28622,매그 S 655 슬랙스,팬츠,슬랙스,40000,폴리에스터78% 레이온19% 스판3% 혼용 소재입니다 / 레이온19% 스판3% 혼용 소재입니다 / 스판3% 혼용 소재입니다,와이드핏;일자핏;테이퍼드핏;슬림핏;루즈핏,55-99,복부체형;하체통통,뱃살커버;힙커버;허리라인보정,클래식;페미닌;데일리;오피스룩,,기본,없음,블랙;화이트,4050,슬랙스;데님;니트,★ SS제작 팬츠 157 ★,,,,,,,,,,,
26659,https://www.misharp.co.kr/product/detail.html?product_no=26659,(기획)3타입 스트레치 핀턱 와이드 슬랙스,팬츠,슬랙스,26500,폴리에스터88% 스판12% 혼용 소재이며 / 스판12% 혼용 소재이며,와이드핏;핀턱핏,44-99,복부체형;하체통통,힙커버,데일리;오피스룩,봄;가을;겨울,롱,없음,블랙,4050,슬랙스;데님,"【봄,여름,가을 세 계절을 마음껏 】",,,,,,,,,,,
28607,https://www.misharp.co.kr/product/detail.html?product_no=28607,2타입 무드 핀턱 세미 와이드 슬랙스,팬츠,슬랙스,45800,폴리에스터 95%에 스판 5%가 함유되어 있어 / 스판 5%가 함유되어 있어,세미와이드핏;와이드핏;슬림핏;밴딩핏;핀턱핏,55-77,복부체형;하체통통,뱃살커버;힙커버;허리라인보정,데일리;오피스룩,,롱,없음,블랙;베이지;네이비,4050,슬랙스;데님,【길이별 제작 입고】,,,,,,,,,,,
28603,https://www.misharp.co.kr/product/detail.html?product_no=28603,라이트 브러시 절개 와이드 데님,팬츠,데님,56500,,와이드핏;슬림핏;밴딩핏,66-77,복부체형;하체통통,뱃살커버;힙커버;허리라인보정,데일리,,기본,없음,화이트,4050,데님;니트,"미샵 - 라이트 브러시 절개 와이드 데님 (1 color) 라이트 브러시 절개 와이드 데님 (1 color) (해외배송 가능상품) ( 건) 라이트 브러시 절개 와이드 데님 (1 color) 56,500원 560원 (1%) 재입고 알림 SMS 상품 옵션 사이즈 - [필수] 옵션을 선택해 주세요 - ------------------- M(66) 옵션선택 상품 목록 상품명 상품수 가격 라이트 브러",,,,,,,,,,,
28599,https://www.misharp.co.kr/product/detail.html?product_no=28599,2타입 컬러 코튼 팬츠_2탄,팬츠,팬츠,32500,코튼 100% 원단으로 제작되어 피부에 닿는 촉감이 깔끔하고 편안합니다,와이드핏;루즈핏,44-88,복부체형;하체통통,힙커버,클래식;데일리,겨울,롱,없음,블랙;화이트,4050,슬랙스;데님,"미샵 - 2타입 컬러 코튼 팬츠_2탄 (2 color) 2타입 컬러 코튼 팬츠_2탄 (2 color) (해외배송 가능상품) ( 건) 2타입 컬러 코튼 팬츠_2탄 (2 color) 32,500원 320원 (1%) 재입고 알림 SMS 상품 옵션 컬러 - [필수] 옵션을 선택해 주세요 - ------------------- 1화이트 9블랙 사이즈 - [필수] 옵션을 선택해 주세요 - -------",,,,,,,,,,,
28587,https://www.misharp.co.kr/product/detail.html?product_no=28587,올가 S 519 면팬츠,팬츠,팬츠,42700,,와이드핏;슬림핏;밴딩핏,55-99,복부체형;하체통통,힙커버;허리라인보정,클래식;데일리;오피스룩,봄;가을;간절기,기본,없음,블랙;아이보리;베이지,4050,데님,★ SS제작 팬츠 155 ★ 【커브핏으로 더 스타일있게 】,,,,,,,,,,,
26688,https://www.misharp.co.kr/product/detail.html?product_no=26688,3타입 일자 와이드 코튼 팬츠,팬츠,팬츠,32500,코튼100% 소재로 만듭니다 / 코튼100% 소재로 늘어짐 없이 깨끗한 핏을 연출합니다,와이드핏;일자핏;루즈핏,44-99,복부체형;하체통통,힙커버,데일리,가을,롱,없음,블랙;화이트;베이지,4050,슬랙스;데님,"미샵 - 3타입 일자 와이드 코튼 팬츠 (3 color) 3타입 일자 와이드 코튼 팬츠 (3 color) (해외배송 가능상품) ( 건) 3타입 일자 와이드 코튼 팬츠 (3 color) 32,500원 320원 (1%) 재입고 알림 SMS 상품 옵션 컬러 - [필수] 옵션을 선택해 주세요 - ------------------- 화이트 베이지 블랙 사이즈 - [필수] 옵션을 선택해 주세요 - --",,,,,,,,,,,
28562,https://www.misharp.co.kr/product/detail.html?product_no=28562,매그 S 653 슬랙스,팬츠,슬랙스,40300,폴리에스터 92%와 스판 8%의 황금 비율로 제작되었습니다 / 폴리에스터92%와 스판8%의 황금 비율로 제작되었습니다 / 스판 8%의 황금 비율로 제작되었습니다 / 스판8%의 황금 비율로 제작되었습니다,세미와이드핏;와이드핏;일자핏;루즈핏,55-77,복부체형;하체통통,뱃살커버;힙커버;허리라인보정,데일리;오피스룩,봄;여름;겨울,기본,없음,블랙;베이지,4050,슬랙스;데님;니트,★SS제작 팬츠 154★ 【무릎나옴 전혀 없음】,,,,,,,,,,,
23491,https://www.misharp.co.kr/product/detail.html?product_no=23491,매그 S 489 슬랙스,팬츠,슬랙스,37400,,와이드핏,55-99,복부체형;하체통통,힙커버;허리라인보정,페미닌;데일리,가을,롱,없음,블랙;베이지,4050,슬랙스;데님,"★SS제작 팬츠 153★ 【하루종일 새바지, 체형커버 완벽핏】",,,,,,,,,,,
27439,https://www.misharp.co.kr/product/detail.html?product_no=27439,베라 S 235 데님,팬츠,데님,52500,코튼97% 스판3% 혼용 소재입니다 / 스판3% 혼용 소재입니다 / 스판3% 혼용으로 착용감이 매우 편안합니다,와이드핏;일자핏;루즈핏;정핏,55-44,복부체형;하체통통,힙커버,클래식;데일리,여름;겨울,기본,없음,그레이,4050,데님,★SS제작 팬츠 153★ 【클래식 데님의 정석!】,,,,,,,,,,,
27971,https://www.misharp.co.kr/product/detail.html?product_no=27971,베라 F 173 데님,팬츠,데님,46500,코튼67% 폴리에스터 / 스판3% 혼용으로 골반과 다리라인 편안하게! [이렇게 활용하세요] 같은 데님이더라도 포멀한 라인의 옷들과도 매치가 좋고,일자핏;슬림핏;루즈핏,77-88,복부체형;하체통통,힙커버;허리라인보정,클래식;데일리;오피스룩,봄;가을;간절기,롱,없음,,4050,슬랙스;데님,★ SS제작 팬츠 152 ★,,,,,,,,,,,
27367,https://www.misharp.co.kr/product/detail.html?product_no=27367,딥 톤 컬러 와이드 코튼 팬츠,팬츠,팬츠,29800,코튼100% 소재입니다,와이드핏,44-99,복부체형;하체통통,힙커버,데일리,봄;여름;가을,롱,없음,블랙;화이트;베이지;그레이;핑크;브라운,4050,데님,【5가지 사이즈 / 2가지 길이 / 6가지 컬러】,,,,,,,,,,,
21221,https://www.misharp.co.kr/product/detail.html?product_no=21221,F. 에어 배기 슬랙스,팬츠,슬랙스,35800,,배기핏;테이퍼드핏;루즈핏;밴딩핏,55-66반,복부체형;하체통통,힙커버;허리라인보정,데일리,봄;여름;가을,기본,없음,블랙;베이지;그레이,4050,슬랙스;데님,★ FW 제작 팬츠 72 ★ F/L 제작,,,,,,,,,,,
27278,https://www.misharp.co.kr/product/detail.html?product_no=27278,매그 S 601 슬랙스,팬츠,슬랙스,34800,폴리에스터95% 스판5% 혼용 소재입니다 / 스판5% 혼용 소재입니다,와이드핏;핀턱핏,55-77,복부체형;하체통통,힙커버;허리라인보정,클래식;페미닌;데일리,,기본,없음,블랙;베이지,4050,슬랙스;데님,★ SS제작 팬츠 151 ★,,,,,,,,,,,
28525,https://www.misharp.co.kr/product/detail.html?product_no=28525,매그 S 649 슬랙스,팬츠,슬랙스,38300,폴리 92%와 스판 8% 혼용으로 구김이 거의 생기지 않고 / 폴리에스터92%와 스판8% 혼용으로 구김이 거의 생기지 않고 / 스판 8% 혼용으로 구김이 거의 생기지 않고 / 스판8% 혼용으로 구김이 거의 생기지 않고,세미부츠컷;부츠컷;밴딩핏,55-77,복부체형;하체통통,뱃살커버;힙커버;허리라인보정,클래식;데일리;오피스룩,겨울,기본,없음,블랙;베이지;그레이,4050,슬랙스;데님;니트,★ SS제작 팬츠 149 ★,,,,,,,,,,,
27174,https://www.misharp.co.kr/product/detail.html?product_no=27174,매그 S 597 슬랙스,팬츠,슬랙스,33900,폴리에스터98% 스판2% 혼용 소재입니다 / 스판2% 혼용 소재입니다,와이드핏;핀턱핏,55-77,복부체형;하체통통,힙커버;허리라인보정,클래식;페미닌;데일리,봄;겨울,기본,없음,블랙;베이지,4050,슬랙스;데님,★ SS제작 팬츠 147 ★,,,,,,,,,,,
28505,https://www.misharp.co.kr/product/detail.html?product_no=28505,올가 S 517 면팬츠,팬츠,팬츠,40900,스판3% 혼용으로 신축성과 복원력이 뛰어나며,슬림핏;밴딩핏,55-99,복부체형;하체통통,뱃살커버;힙커버;허리라인보정,클래식;데일리;오피스룩,봄;겨울,기본,없음,블랙;베이지,4050,슬랙스;데님;니트,★SS제작 팬츠 151★ 【고급 바이오 코튼 공정】,,,,,,,,,,,
27991,https://www.misharp.co.kr/product/detail.html?product_no=27991,(기획) 3타입 로니 세미 와이드 데님,팬츠,데님,32500,코튼100% 소재로 만듭니다 / 코튼100% 데님 소재입니다,세미와이드핏;와이드핏;일자핏;루즈핏,77-99,복부체형;하체통통,힙커버,클래식;데일리,봄;가을;겨울,롱,없음,블랙;그레이,4050,슬랙스;데님,"【5사이즈/2컬러/숏,기본,롱길이】",,,,,,,,,,,
28500,https://www.misharp.co.kr/product/detail.html?product_no=28500,매그 S 645 슬랙스,팬츠,슬랙스,37400,폴리에스터90% 스판10%가 혼용 원단으로 탄탄함과 유연함의 균형이 잘 잡혀 있습니다 / 스판10%가 혼용 원단으로 탄탄함과 유연함의 균형이 잘 잡혀 있습니다,슬림핏,55-77,복부체형;하체통통,힙커버;허리라인보정,데일리;오피스룩,,기본,없음,블랙;베이지,4050,슬랙스;데님;니트,★ SS제작 팬츠 143 ★,,,,,,,,,,,
28496,https://www.misharp.co.kr/product/detail.html?product_no=28496,2타입 컬러 코튼 팬츠_1탄,팬츠,팬츠,32500,코튼 100% 원단으로 제작되어 피부에 닿는 촉감이 깔끔하고 편안합니다,와이드핏,44-88,복부체형;하체통통,힙커버;허리라인보정,클래식;데일리,봄;가을;겨울,롱,없음,블랙;화이트;그레이;카키,4050,슬랙스;데님,【길이별 남녀공용 5size/고급 가먼트 워싱】,,,,,,,,,,,
28450,https://www.misharp.co.kr/product/detail.html?product_no=28450,매그 S 641 슬랙스,팬츠,슬랙스,32400,폴리에스터 90%의 매끈하고 탄탄한 결이 슬랙스 라인을 깔끔하게 잡아주고 구김이 쉽게 남지 않아 하루 종일 단정한 핏을 유지합니다 / 폴리에스터90%의 매끈하고 탄탄한 결이 슬랙스 라인을 깔끔하게 잡아주고 / 스판10%의 넉넉한 신축성이 더해져 앉고 걷는 움직임에서도 답답함이 덜하고 무릎이나 힙 라인 늘어짐이 현저히 적습니다 / 스판 10%의 넉넉한 신축성이 더해져 하루 종일 편안한 착용감을 전합니다,일자핏;슬림핏;정핏,55-44,복부체형;하체통통,힙커버;허리라인보정,클래식;데일리,,기본,없음,블랙;베이지;그레이,4050,슬랙스;데님;니트,★ SS제작 팬츠 145 ★,,,,,,,,,,,
28473,https://www.misharp.co.kr/product/detail.html?product_no=28473,3타입 베르 일자 데님,팬츠,데님,34500,,세미와이드핏;와이드핏;일자핏;밴딩핏,44-88,복부체형;하체통통,뱃살커버;힙커버;허리라인보정,클래식;데일리,겨울,크롭,없음,,4050,데님;니트,【두 가지 길이 / 5개의 사이즈】,,,,,,,,,,,
27346,https://www.misharp.co.kr/product/detail.html?product_no=27346,매그 S 605 슬랙스,팬츠,슬랙스,30400,폴리에스터95% 스판5% 혼용 소재입니다 / 스판5% 혼용 소재입니다,와이드핏;밴딩핏;핀턱핏,55-88,복부체형;하체통통,뱃살커버;힙커버,데일리,봄;여름;가을,롱,없음,블랙;베이지;그레이,4050,슬랙스;데님;니트,★ SS제작 팬츠 139 ★,,,,,,,,,,,
28102,https://www.misharp.co.kr/product/detail.html?product_no=28102,F. 츄잉 밴딩 와이드 코튼 팬츠,팬츠,팬츠,38200,코튼82% 레이온18% 스판2% 혼용 소재입니다 / 레이온18% 스판2% 혼용 소재입니다 / 스판2% 혼용 소재입니다,와이드핏;부츠컷;슬림핏;밴딩핏,77-66,복부체형;하체통통,힙커버;허리라인보정,페미닌;데일리,,기본,없음,브라운,4050,데님,【고급 도비조직 코튼에 다이워싱 원단】,,,,,,,,,,,
28070,https://www.misharp.co.kr/product/detail.html?product_no=28070,매그 F 435 슬랙스,팬츠,슬랙스,27000,폴리에스터97% 스판3% 혼용 소재입니다 / 스판3% 혼용 소재입니다,슬림핏,66-66반,복부체형;하체통통,뱃살커버;힙커버;허리라인보정,클래식;데일리,,기본,없음,베이지,4050,슬랙스;데님,★ FW제작 팬츠 96 ★,,,,,,,,,,,
27422,https://www.misharp.co.kr/product/detail.html?product_no=27422,2타입 논페이드 셀비지 부츠컷 데님,팬츠,데님,22800,코튼97% 스판3% 혼용 소재이며 / 코튼97% 스판3% 혼용 소재입니다 / 스판3% 혼용 소재이며 / 스판3% 혼용 소재입니다,부츠컷;슬림핏;밴딩핏,44-99,복부체형;하체통통,힙커버;허리라인보정,클래식;데일리,,롱,없음,블랙,4050,슬랙스;데님,"【길이별/친환경 염료/이염없는 셀비지데님】 3블랙,L(66),롱 마지막!",,,,,,,,,,,
26787,https://www.misharp.co.kr/product/detail.html?product_no=26787,올가 F 365 슬랙스,팬츠,슬랙스,30800,코튼97% 스판3% 혼용 소재입니다 / 스판3% 혼용했기에 적절한 스판력을 주어 편안합니다 / 스판3% 혼용 소재입니다,일자핏;정핏,55-44,복부체형;하체통통,힙커버;허리라인보정,클래식;데일리;오피스룩,겨울,기본,없음,블랙;베이지;카키,4050,슬랙스;데님,★ FW제작 팬츠 91 ★,,,,,,,,,,,
26737,https://www.misharp.co.kr/product/detail.html?product_no=26737,3타입 무드 다트 슬랙스,팬츠,슬랙스,23840,폴리에스터98% 스판2% 혼용 소재입니다 / 스판2% 혼용 소재입니다,,44-99,복부체형;하체통통,힙커버,클래식;데일리;오피스룩,봄;가을;간절기,롱,없음,블랙;베이지,4050,슬랙스;데님,"미샵 - 3타입 무드 다트 슬랙스 (4 color) 3타입 무드 다트 슬랙스 (4 color) (해외배송 가능상품) ( 건) 3타입 무드 다트 슬랙스 (4 color) 29,800원 23,840원 남은시간 1250일 21:42:37 (5,960원 할인) 2024-11-26 12:00 ~ 2029-12-31 12:00 230원 (1%) 재입고 알림 SMS 상품 옵션 컬러 - [필수] 옵션을 선",,,,,,,,,,,
26792,https://www.misharp.co.kr/product/detail.html?product_no=26792,(기획) 3타입 워싱 와이드 일자 데님,팬츠,데님,27800,코튼100% 소재로 만듭니다 / 코튼100% 브러쉬 워싱 데님 소재입니다,와이드핏;일자핏;루즈핏;밴딩핏,55-99,복부체형;하체통통,힙커버,클래식;데일리,봄;가을;간절기,롱,없음,,4050,슬랙스;데님,【3길이/4컬러/4사이즈】,,,,,,,,,,,
28021,https://www.misharp.co.kr/product/detail.html?product_no=28021,매그 F 431 슬랙스,팬츠,슬랙스,27600,,,88-77,복부체형;하체통통,힙커버;허리라인보정,데일리;오피스룩,봄,기본,없음,블랙;베이지;브라운,4050,슬랙스;데님,★ FW 제작 팬츠 92★,,,,,,,,,,,
28016,https://www.misharp.co.kr/product/detail.html?product_no=28016,토크 투 핀턱 밴딩 슬랙스,팬츠,슬랙스,43600,,와이드핏;밴딩핏;핀턱핏;세미루즈;정핏,55-66반,복부체형;하체통통,뱃살커버;힙커버,데일리,,크롭,없음,그레이,4050,슬랙스;데님,【텐셀65 / 고급 보카그레이】,,,,,,,,,,,
26757,https://www.misharp.co.kr/product/detail.html?product_no=26757,매그 F 411 슬랙스,팬츠,슬랙스,30800,폴리에스터85% 스판15% 혼용 소재입니다 / 스판15% 혼용 소재입니다,와이드핏;일자핏;슬림핏,77-44,복부체형;하체통통,힙커버;허리라인보정,클래식;데일리,겨울,기본,없음,베이지,4050,슬랙스;데님;니트,★ FW제작 팬츠 88 ★,,,,,,,,,,,
26669,https://www.misharp.co.kr/product/detail.html?product_no=26669,플레이 롤업 일자 와이드 데님,팬츠,데님,36800,,와이드핏;일자핏,55-99,복부체형;하체통통,뱃살커버;힙커버,데일리,겨울,기본,없음,,4050,데님,"미샵 - 플레이 롤업 일자 와이드 데님 (1 color) 플레이 롤업 일자 와이드 데님 (1 color) (해외배송 가능상품) ( 건) 플레이 롤업 일자 와이드 데님 (1 color) 52,500원 36,800원 남은시간 1250일 21:42:30 (15,700원 할인) 2017-02-03 00:00 ~ 2029-12-31 12:00 360원 (1%) 재입고 알림 SMS 상품 옵션 사이즈 -",,,,,,,,,,,
26747,https://www.misharp.co.kr/product/detail.html?product_no=26747,매그 F 409 슬랙스,팬츠,슬랙스,27600,나일론90% 스판10% 혼용 소재로 만듭니다 / 나일론90% 스판10% 혼용의 원단입니다 / 스판10% 혼용 소재로 만듭니다 / 스판10% 혼용의 원단입니다,슬림핏,55-88,복부체형;하체통통,힙커버,데일리;오피스룩,,기본,없음,블랙;카키,4050,슬랙스;데님,★ FW제작 팬츠 87 ★,,,,,,,,,,,
22155,https://www.misharp.co.kr/product/detail.html?product_no=22155,올가 F 439 면팬츠,팬츠,팬츠,31600,,일자핏;밴딩핏,66-55,복부체형;하체통통,힙커버;허리라인보정,데일리;오피스룩,봄;여름;가을,기본,없음,블랙,4050,데님,★ FW제작 팬츠 132 ★,,,,,,,,,,,
27878,https://www.misharp.co.kr/product/detail.html?product_no=27878,심플 무드 트윌 버뮤다 팬츠,팬츠,팬츠,30500,코튼 100%로 제작되었지만 일반적인 코튼과 달리 내구성이 뛰어나고 밀도감 있게 짜여 있어 형태감이 잘 살아납니다,밴딩핏,55-77,복부체형;하체통통,힙커버;허리라인보정,클래식;데일리,봄;가을;간절기,기본,없음,그레이,4050,데님,【잔잔한 골지형 코튼 원단】,,,,,,,,,,,
27488,https://www.misharp.co.kr/product/detail.html?product_no=27488,모스 세미 와이드 일자핏 데님,팬츠,데님,30500,코튼100% 소재입니다,세미와이드핏;와이드핏;일자핏;세미루즈;정핏,55-77,복부체형;하체통통,힙커버,페미닌;데일리,봄;여름;가을,롱,없음,,4050,데님,"미샵 - 모스 세미 와이드 일자핏 데님 (2 color) 모스 세미 와이드 일자핏 데님 (2 color) (해외배송 가능상품) ( 건) 모스 세미 와이드 일자핏 데님 (2 color) 43,500원 30,500원 남은시간 1250일 21:42:24 (13,000원 할인) 2017-02-03 00:00 ~ 2029-12-31 12:00 300원 (1%) 재입고 알림 SMS 상품 옵션 컬러 -",,,,,,,,,,,
27477,https://www.misharp.co.kr/product/detail.html?product_no=27477,베라 S 237 데님,팬츠,데님,28800,코튼97% 스판3% 혼용 소재입니다 / 스판3% 혼용 소재입니다,와이드핏;일자핏;밴딩핏,55-77,복부체형;하체통통,힙커버;허리라인보정,클래식;데일리;오피스룩,여름,기본,없음,,4050,데님,★ SS제작 팬츠 154 ★,,,,,,,,,,,
27472,https://www.misharp.co.kr/product/detail.html?product_no=27472,매그 S 625 슬랙스,팬츠,슬랙스,22800,폴리에스터95% 스판5% 혼용의 크레이프 소재입니다 / 스판5% 혼용의 크레이프 소재입니다,부츠컷,55-99,복부체형;하체통통,힙커버,데일리;오피스룩,,롱,없음,블랙,4050,슬랙스;데님,"★ SS제작 팬츠 159 ★ 【숏,롱 길이 / 한 사이즈 다이어트 핏 】",,,,,,,,,,,
27458,https://www.misharp.co.kr/product/detail.html?product_no=27458,매그 S 617 슬랙스,팬츠,슬랙스,25100,폴리에스터93% 스판7% 혼용 소재입니다 / 스판7% 혼용 소재입니다,와이드핏;일자핏;밴딩핏,55-44,복부체형;하체통통,힙커버;허리라인보정,데일리,,기본,없음,블랙;베이지;네이비,4050,슬랙스;데님,★ SS제작 팬츠 151 ★,,,,,,,,,,,
27423,https://www.misharp.co.kr/product/detail.html?product_no=27423,매그 S 615 슬랙스,팬츠,슬랙스,27000,폴리에스터98% 스판2% 혼용 원단입니다 / 스판2% 혼용 원단입니다,세미와이드핏;와이드핏;일자핏;핀턱핏,55-77,복부체형;하체통통,힙커버;허리라인보정,클래식;데일리,봄;가을;겨울,기본,없음,블랙;베이지,4050,슬랙스;데님,★ SS제작 팬츠 145 ★,,,,,,,,,,,
27411,https://www.misharp.co.kr/product/detail.html?product_no=27411,멜리 투 핀턱 와이드 슬랙스,팬츠,슬랙스,26400,폴리에스터95% 스판5% 혼용 소재입니다 / 스판5% 혼용 소재입니다 / 스판5% 혼용으로 텐션력이 좋아 착용감이 매우 편안합니다,와이드핏;밴딩핏;핀턱핏,66-66반,복부체형;하체통통,힙커버;허리라인보정,클래식;데일리,,크롭,없음,블랙;베이지,4050,슬랙스;데님,"미샵 - 멜리 투 핀턱 와이드 슬랙스 (3 color) 멜리 투 핀턱 와이드 슬랙스 (3 color) (해외배송 가능상품) ( 건) 멜리 투 핀턱 와이드 슬랙스 (3 color) 52,800원 26,400원 남은시간 1250일 21:42:16 (26,400원 할인) 2017-02-03 00:00 ~ 2029-12-31 12:00 260원 (1%) 재입고 알림 SMS 상품 옵션 컬러 - [필수",,,,,,,,,,,
27393,https://www.misharp.co.kr/product/detail.html?product_no=27393,다이아 절개 와이드 밴딩 데님,팬츠,데님,34900,코튼100% 소재입니다,와이드핏;밴딩핏,55-77,복부체형;하체통통,힙커버;허리라인보정,데일리,여름,크롭,없음,,4050,데님,"미샵 - 다이아 절개 와이드 밴딩 데님 (2 color) 다이아 절개 와이드 밴딩 데님 (2 color) (해외배송 가능상품) ( 건) 다이아 절개 와이드 밴딩 데님 (2 color) 49,800원 34,900원 남은시간 1250일 21:42:15 (14,900원 할인) 2017-02-03 00:00 ~ 2029-12-31 12:00 340원 (1%) 재입고 알림 SMS 상품 옵션 컬러 -",,,,,,,,,,,
27356,https://www.misharp.co.kr/product/detail.html?product_no=27356,매그 S 609 슬랙스,팬츠,슬랙스,27000,폴리에스터97% 스판3% 혼용 소재입니다 / 스판3% 혼용 소재입니다,부츠컷;슬림핏;정핏,55-88,복부체형;하체통통,뱃살커버;힙커버;허리라인보정,데일리;오피스룩,봄;여름;가을,기본,없음,블랙;화이트;베이지;핑크,4050,슬랙스;데님;니트,★ SS제작 팬츠 141 ★,,,,,,,,,,,
27351,https://www.misharp.co.kr/product/detail.html?product_no=27351,매그 S 607 슬랙스,팬츠,슬랙스,26300,폴리에스터97% 스판3% 혼용 원단을 사용했습니다 / 폴리에스터97% 스판3% 혼용 소재입니다 / 스판3% 혼용 원단을 사용했습니다 / 스판3% 혼용 소재입니다,세미와이드핏;와이드핏;일자핏;밴딩핏,55-99,복부체형;하체통통,뱃살커버;힙커버;허리라인보정,데일리;오피스룩,,기본,없음,블랙;베이지,4050,슬랙스;데님,★ SS제작 팬츠 140 ★,,,,,,,,,,,
26770,https://www.misharp.co.kr/product/detail.html?product_no=26770,브러쉬 세미 와이드 데님,팬츠,데님,30500,코튼100% 데님 소재이며 / 코튼100% 데님 소재입니다,세미와이드핏;와이드핏;일자핏,55-44,복부체형;하체통통,힙커버;허리라인보정,데일리,,롱,없음,,4050,데님,"미샵 - 브러쉬 세미 와이드 데님 (1 color) 브러쉬 세미 와이드 데님 (1 color) (해외배송 가능상품) ( 건) 브러쉬 세미 와이드 데님 (1 color) 43,500원 30,500원 남은시간 1250일 21:42:10 (13,000원 할인) 2017-02-03 00:00 ~ 2029-12-31 12:00 300원 (1%) 재입고 알림 SMS 상품 옵션 사이즈 - [필수] 옵션을",,,,,,,,,,,
27293,https://www.misharp.co.kr/product/detail.html?product_no=27293,매그 S 603 슬랙스,팬츠,슬랙스,27000,폴리에스터98% 스판2% 혼용 소재입니다 / 스판2% 혼용 소재입니다,세미와이드핏;와이드핏,55-77,복부체형;하체통통,힙커버;허리라인보정,클래식;데일리;오피스룩,겨울,기본,없음,블랙;베이지,4050,슬랙스;데님,★ SS제작 팬츠 133 ★,,,,,,,,,,,
27256,https://www.misharp.co.kr/product/detail.html?product_no=27256,투 핀턱 와이드 코튼 슬랙스,팬츠,슬랙스,30000,코튼100% 소재입니다,와이드핏;밴딩핏;핀턱핏,55-66반,복부체형;하체통통,힙커버;허리라인보정,클래식;데일리;오피스룩,여름;겨울,크롭,없음,아이보리;베이지;네이비;카키,4050,슬랙스;데님;니트,"미샵 - 투 핀턱 와이드 코튼 슬랙스 (3 color) 투 핀턱 와이드 코튼 슬랙스 (3 color) (해외배송 가능상품) ( 건) 투 핀턱 와이드 코튼 슬랙스 (3 color) 42,800원 30,000원 남은시간 1250일 21:42:07 (12,800원 할인) 2017-02-03 00:00 ~ 2029-12-31 12:00 300원 (1%) 재입고 알림 SMS 상품 옵션 컬러 - [필수",,,,,,,,,,,
27227,https://www.misharp.co.kr/product/detail.html?product_no=27227,투 턱 실키 와이드 슬랙스,팬츠,슬랙스,29800,폴리에스터95% 스판5% 혼용 소재입니다 / 스판5% 혼용 소재입니다,와이드핏,55-99,복부체형;하체통통,힙커버,데일리,봄;겨울,롱,없음,블랙;베이지;네이비,4050,슬랙스;데님;니트,"미샵 - 투 턱 실키 와이드 슬랙스 (3 color) 투 턱 실키 와이드 슬랙스 (3 color) (해외배송 가능상품) ( 건) 투 턱 실키 와이드 슬랙스 (3 color) 42,500원 29,800원 남은시간 1250일 21:42:06 (12,700원 할인) 2017-02-03 00:00 ~ 2029-12-31 12:00 290원 (1%) 재입고 알림 SMS 상품 옵션 컬러 - [필수] 옵",,,,,,,,,,,
27222,https://www.misharp.co.kr/product/detail.html?product_no=27222,레너 와이드 밴딩 부츠컷 슬랙스,팬츠,슬랙스,30500,폴리에스터95% 스판5% 혼용 소재입니다 / 스판5% 혼용 소재입니다,와이드핏;부츠컷;밴딩핏,55-77,복부체형;하체통통,힙커버;허리라인보정,데일리,봄;가을;간절기,기본,없음,블랙;베이지;그레이;핑크,4050,슬랙스;데님;니트,"미샵 - 레너 와이드 밴딩 부츠컷 슬랙스 (4 color) 레너 와이드 밴딩 부츠컷 슬랙스 (4 color) (해외배송 가능상품) ( 건) 레너 와이드 밴딩 부츠컷 슬랙스 (4 color) 43,500원 30,500원 남은시간 1250일 21:42:04 (13,000원 할인) 2017-02-03 00:00 ~ 2029-12-31 12:00 300원 (1%) 재입고 알림 SMS 상품 옵션 컬러",,,,,,,,,,,
27205,https://www.misharp.co.kr/product/detail.html?product_no=27205,핀턱 와이드 밴딩 데님,팬츠,데님,24200,코튼100% 소재입니다,와이드핏;밴딩핏;핀턱핏;세미루즈,55-99,복부체형;하체통통,힙커버;허리라인보정,페미닌;데일리,봄;가을;겨울,크롭,없음,,4050,슬랙스;데님;니트,"미샵 - 핀턱 와이드 밴딩 데님 (3 color) 핀턱 와이드 밴딩 데님 (3 color) (해외배송 가능상품) ( 건) 핀턱 와이드 밴딩 데님 (3 color) 34,500원 24,200원 남은시간 1250일 21:42:03 (10,300원 할인) 2017-02-03 00:00 ~ 2029-12-31 12:00 240원 (1%) 재입고 알림 SMS 상품 옵션 컬러-사이즈 - [필수] 옵션을",,,,,,,,,,,
26888,https://www.misharp.co.kr/product/detail.html?product_no=26888,매그 F 419 슬랙스,팬츠,슬랙스,27900,폴리에스터87%,와이드핏,55-99,복부체형;하체통통,힙커버;허리라인보정,데일리,봄;가을;겨울,기본,없음,블랙;아이보리;베이지;브라운,4050,슬랙스;데님,★ FW제작 팬츠 98 ★,,,,,,,,,,,
25905,https://www.misharp.co.kr/product/detail.html?product_no=25905,투 버튼 핀턱 밴딩 슬랙스,팬츠,슬랙스,20700,,와이드핏;밴딩핏;핀턱핏,55-77,복부체형;하체통통,힙커버;허리라인보정,데일리,봄;가을;겨울,기본,없음,블랙;베이지,4050,슬랙스;데님,"미샵 - 투 버튼 핀턱 밴딩 슬랙스 (2 color) 투 버튼 핀턱 밴딩 슬랙스 (2 color) (해외배송 가능상품) ( 건) 투 버튼 핀턱 밴딩 슬랙스 (2 color) 29,500원 20,700원 남은시간 1250일 21:42:00 (8,800원 할인) 2017-02-03 00:00 ~ 2029-12-31 12:00 200원 (1%) 재입고 알림 SMS 상품 옵션 컬러 - [필수] 옵션",,,,,,,,,,,
26764,https://www.misharp.co.kr/product/detail.html?product_no=26764,파운드 쌍침 코튼 팬츠,팬츠,팬츠,34300,,,55-66반,복부체형;하체통통,뱃살커버;힙커버;허리라인보정,데일리,봄;가을;간절기,기본,없음,아이보리;베이지,4050,슬랙스;데님;니트,"미샵 - 파운드 쌍침 코튼 팬츠 (2 color) 파운드 쌍침 코튼 팬츠 (2 color) (해외배송 가능상품) ( 건) 파운드 쌍침 코튼 팬츠 (2 color) 68,500원 34,300원 남은시간 1250일 21:41:59 (34,200원 할인) 2017-02-03 00:00 ~ 2029-12-31 12:00 340원 (1%) 재입고 알림 SMS 상품 옵션 컬러 - [필수] 옵션을 선택해",,,,,,,,,,,
26266,https://www.misharp.co.kr/product/detail.html?product_no=26266,뉴어 미니멀 부츠컷 슬랙스,팬츠,슬랙스,27200,폴리에스터95% 스판5% 혼용 소재입니다 / 스판5% 혼용 소재입니다,부츠컷,55-99,복부체형;하체통통,힙커버;허리라인보정,클래식;데일리,,롱,없음,베이지;네이비,4050,슬랙스;데님,"미샵 - 뉴어 미니멀 부츠컷 슬랙스 (3 color) 뉴어 미니멀 부츠컷 슬랙스 (3 color) (해외배송 가능상품) ( 건) 뉴어 미니멀 부츠컷 슬랙스 (3 color) 38,800원 27,200원 남은시간 1250일 21:41:57 (11,600원 할인) 2017-02-03 00:00 ~ 2029-12-31 12:00 270원 (1%) 재입고 알림 SMS 상품 옵션 컬러 - [필수] 옵",,,,,,,,,,,
26663,https://www.misharp.co.kr/product/detail.html?product_no=26663,벨트 세트 핀턱 반바지,팬츠,팬츠,34800,코튼100% 옥스퍼드 소재입니다,핀턱핏,55-77,복부체형;하체통통,힙커버;허리라인보정,클래식;데일리,봄;가을;겨울,크롭,없음,블랙;베이지,4050,데님,벨트와 세트룩,,,,,,,,,,,
25954,https://www.misharp.co.kr/product/detail.html?product_no=25954,마로니 스트레이트 슬랙스,팬츠,슬랙스,27900,,와이드핏;일자핏;루즈핏;밴딩핏,55-77,복부체형;하체통통,힙커버;허리라인보정,클래식;데일리;오피스룩,봄;가을;간절기,기본,없음,블랙;베이지,4050,슬랙스;데님,"미샵 - 마로니 스트레이트 슬랙스 (4 color) 마로니 스트레이트 슬랙스 (4 color) (해외배송 가능상품) ( 건) 마로니 스트레이트 슬랙스 (4 color) 39,800원 27,900원 남은시간 1250일 21:41:54 (11,900원 할인) 2017-02-03 00:00 ~ 2029-12-31 12:00 270원 (1%) 재입고 알림 SMS 상품 옵션 컬러 - [필수] 옵션을",,,,,,,,,,,
27578,https://www.misharp.co.kr/product/detail.html?product_no=27578,클래식 와이드 일자핏 코튼 팬츠,팬츠,팬츠,27000,코튼100% 소재입니다,와이드핏;일자핏;세미루즈,55-77,복부체형;하체통통,힙커버;허리라인보정,클래식;데일리;오피스룩,여름;겨울,기본,없음,블랙;화이트;베이지,4050,데님,"미샵 - 클래식 와이드 일자핏 코튼 팬츠 (3 color) 클래식 와이드 일자핏 코튼 팬츠 (3 color) (해외배송 가능상품) ( 건) 클래식 와이드 일자핏 코튼 팬츠 (3 color) 38,500원 27,000원 남은시간 1250일 21:41:53 (11,500원 할인) 2017-02-03 00:00 ~ 2029-12-31 12:00 270원 (1%) 재입고 알림 SMS 상품 옵션 컬러",,,,,,,,,,,
28404,https://www.misharp.co.kr/product/detail.html?product_no=28404,3타입 본딩 기모 코튼 팬츠,팬츠,팬츠,34500,면100% 겉감에 본딩 기모를 더해 바람은 막고 / 코튼100% 원단으로 쉽게 흐물거리거나 늘어지지 않습니다,와이드핏;일자핏;슬림핏;밴딩핏,66-77,복부체형;하체통통,뱃살커버;힙커버;허리라인보정,클래식;데일리;오피스룩,겨울,롱,없음,블랙;화이트;베이지;브라운,4050,데님;니트,"미샵 - 3타입 본딩 기모 코튼 팬츠 (4 color) 3타입 본딩 기모 코튼 팬츠 (4 color) (해외배송 가능상품) ( 건) 3타입 본딩 기모 코튼 팬츠 (4 color) 34,500원 340원 (1%) 재입고 알림 SMS 상품 옵션 컬러 - [필수] 옵션을 선택해 주세요 - ------------------- C1화이트 D1베이지 E1브라운 A1블랙 사이즈 - [필수] 옵션을 선택해",,,,,,,,,,,
28410,https://www.misharp.co.kr/product/detail.html?product_no=28410,W. 논페이드 배기핏 기모 데님,팬츠,데님,56500,면98%에 스판2%를 더한 데님으로 탄탄하지만 움직임은 편안합니다 / 스판2%를 더한 데님으로 탄탄하지만 움직임은 편안합니다,배기핏,55-77,복부체형;하체통통,뱃살커버;힙커버,데일리;오피스룩,봄;가을;겨울,기본,없음,,4050,데님;니트,"미샵 - W. 논페이드 배기핏 기모 데님 (1 color) W. 논페이드 배기핏 기모 데님 (1 color) (해외배송 가능상품) ( 건) W. 논페이드 배기핏 기모 데님 (1 color) 56,500원 560원 (1%) 재입고 알림 SMS 상품 옵션 사이즈 - [필수] 옵션을 선택해 주세요 - ------------------- S(55) M(66) L(77) 옵션선택 상품 목록 상품명 상",,,,,,,,,,,
28405,https://www.misharp.co.kr/product/detail.html?product_no=28405,프리미엄 일자핏 히든 밴딩 데님,팬츠,데님,54500,면97%에 스판3%가 더해진 데님 원단으로 탄탄함은 유지하면서 움직임은 훨씬 편안합니다 / 스판3%가 더해진 데님 원단으로 탄탄함은 유지하면서 움직임은 훨씬 편안합니다,세미와이드핏;와이드핏;일자핏;밴딩핏,66-44,복부체형;하체통통,뱃살커버;힙커버;허리라인보정,클래식;데일리;오피스룩,겨울,롱,없음,,4050,데님;니트,【허리 인밴딩 / 안기모】,,,,,,,,,,,
28395,https://www.misharp.co.kr/product/detail.html?product_no=28395,3타입 웜 포켓 밍크기모 골지 팬츠,팬츠,팬츠,34500,폴리에스터 100% 골지 원단으로 결이 살아 있어 단정해 보이고,세미부츠컷;부츠컷;슬림핏,44-99,복부체형;하체통통,뱃살커버;힙커버;허리라인보정,클래식;데일리,겨울,롱,없음,블랙;브라운,4050,데님;니트,【5사이즈/4컬러/3길이】,,,,,,,,,,,
28387,https://www.misharp.co.kr/product/detail.html?product_no=28387,데일리 퀼팅 패딩 팬츠,팬츠,팬츠,20640,폴리에스터99%에 스판이 더해져 움직임이 많은 날에도 부담 없이 편안합니다,일자핏;밴딩핏,55-66반,복부체형;하체통통,힙커버;허리라인보정,데일리,겨울,기본,없음,블랙;아이보리;브라운,4050,데님;니트,【 가벼운 외출룩으로도/남녀사이즈】,,,,,,,,,,,
28344,https://www.misharp.co.kr/product/detail.html?product_no=28344,벨벳 라이크 피치드 기모 데님,팬츠,데님,43600,코튼 100% 데님에 피치드 가공을 더해 표면은 보송하고 / 코튼100% 데님 소재입니다,일자핏;슬림핏;세미루즈,44-66,복부체형;하체통통,뱃살커버;힙커버;허리라인보정,클래식;데일리,겨울,기본,없음,,4050,데님;니트,"미샵 - 벨벳 라이크 피치드 기모 데님 (1 color) 벨벳 라이크 피치드 기모 데님 (1 color) (해외배송 가능상품) ( 건) 벨벳 라이크 피치드 기모 데님 (1 color) 54,500원 43,600원 남은시간 1250일 21:41:44 (10,900원 할인) 2024-11-30 12:00 ~ 2029-12-31 12:00 430원 (1%) 재입고 알림 SMS 상품 옵션 사이즈 -",,,,,,,,,,,
28342,https://www.misharp.co.kr/product/detail.html?product_no=28342,올가 W 433 면팬츠,팬츠,팬츠,38200,스판3% 혼용으로 텐션이 뛰어나 착용감이 매우 편안합니다,와이드핏;일자핏;루즈핏;밴딩핏,55-99,복부체형;하체통통,힙커버,데일리;오피스룩,겨울,기본,없음,블랙;브라운,4050,슬랙스;데님,★ FW제작 하의 125 ★ 【브랜드스타일 /본딩 기모안감】 브라운/F(55) 마지막!,,,,,,,,,,,
28328,https://www.misharp.co.kr/product/detail.html?product_no=28328,매그 W 451 슬랙스,팬츠,슬랙스,38300,폴리에스터62% 라이오셀30% 스판3% 혼용으로 부드러운 촉감과 유연한 텐션을 동시에 느끼실 수 있어요 / 폴리에스터62% 라이오셀30% 스판3% 혼용 신소재입니다 / 스판3% 혼용으로 부드러운 촉감과 유연한 텐션을 동시에 느끼실 수 있어요 / 스판3% 혼용 신소재입니다,와이드핏;일자핏;밴딩핏,55-99,복부체형;하체통통,힙커버;허리라인보정,클래식;데일리;오피스룩,겨울,기본,없음,블랙,4050,슬랙스;데님;니트,★ FW제작 팬츠 124 ★,,,,,,,,,,,
27106,https://www.misharp.co.kr/product/detail.html?product_no=27106,올가 W 423 코듀로이 팬츠,팬츠,팬츠,35000,코튼 97% / 코튼97% 스판3% 혼용의 코듀로이 소재입니다 / 스판 3% 혼용의 코듀로이 소재로 부드러움과 탄탄함을 동시에 느끼실 수 있습니다 / 스판3% 혼용의 코듀로이 소재입니다,일자핏;슬림핏;정핏,55-44,복부체형;하체통통,힙커버;허리라인보정,클래식;데일리;오피스룩,겨울,기본,없음,아이보리;베이지,4050,슬랙스;데님;니트,★ FW제작 팬츠 115 ★,,,,,,,,,,,
28295,https://www.misharp.co.kr/product/detail.html?product_no=28295,매그 W 449 슬랙스,팬츠,슬랙스,36400,폴리에스터73% 레이온,와이드핏;일자핏;밴딩핏,55-99,복부체형;하체통통,힙커버;허리라인보정,클래식;데일리,겨울,기본,없음,블랙;브라운,4050,슬랙스;데님,★ FW제작 팬츠 122 ★ 브라운 M(66) 딱 1장!,,,,,,,,,,,
28289,https://www.misharp.co.kr/product/detail.html?product_no=28289,3타입 본딩 기모 슬림 와이드 데님,팬츠,데님,31600,코튼100% 원단이며,와이드핏;슬림핏;밴딩핏,66-99,복부체형;하체통통,힙커버,데일리;오피스룩,겨울,롱,없음,블랙;그레이,4050,데님,【바람차단 안기모/3길이&5사이즈】,,,,,,,,,,,
28284,https://www.misharp.co.kr/product/detail.html?product_no=28284,미드 기모 코튼 일자 와이드 팬츠,팬츠,팬츠,24900,면 98%에 스판 2% 혼용으로 탄탄하면서도 텐션이 느껴지고 기모 안감이 더해져 도톰하고 / 코튼98% 스판2% 소재입니다 / 스판 2% 혼용으로 탄탄하면서도 텐션이 느껴지고 기모 안감이 더해져 도톰하고 / 스판2% 소재입니다,세미와이드핏;와이드핏;일자핏,55-77,복부체형;하체통통,뱃살커버;힙커버;허리라인보정,클래식;데일리;오피스룩,가을;겨울,기본,없음,블랙;베이지;브라운,4050,슬랙스;데님;니트,【크림/S 마지막 1장!】,,,,,,,,,,,
25864,https://www.misharp.co.kr/product/detail.html?product_no=25864,베라 W 169 데님,팬츠,데님,46500,코튼97% 스판3% 혼용의 데님 소재입니다 / 스판3% 혼용으로 다리가 아주 편안하며 / 스판3% 혼용의 데님 소재입니다,와이드핏;일자핏;슬림핏,55-99,복부체형;하체통통,힙커버,클래식;데일리,겨울,롱,없음,블랙,4050,데님,★ FW제작 팬츠 119 ★,,,,,,,,,,,
23345,https://www.misharp.co.kr/product/detail.html?product_no=23345,매그 W 387 슬랙스,팬츠,슬랙스,31600,,일자핏;루즈핏,55-44,복부체형;하체통통,힙커버;허리라인보정,데일리,봄;가을;겨울,기본,없음,블랙;그레이,4050,슬랙스;데님,★ FW제작 팬츠 112 ★ [다크그레이/L(77) 1장만 남았어요!],,,,,,,,,,,
28254,https://www.misharp.co.kr/product/detail.html?product_no=28254,올가 W 431 면팬츠,팬츠,팬츠,31840,코튼97% 스판3% 혼용 소재입니다 / 스판3% 혼용 소재입니다,부츠컷;슬림핏;밴딩핏,55-88,복부체형;하체통통,힙커버;허리라인보정,페미닌;데일리,겨울,기본,없음,아이보리;베이지;브라운,4050,데님,★ FW 제작 팬츠 118★,,,,,,,,,,,
28247,https://www.misharp.co.kr/product/detail.html?product_no=28247,W. 3타입 일자 와이드 코튼 팬츠,팬츠,팬츠,34500,코튼100% 소재로 만듭니다,와이드핏;일자핏;루즈핏;정핏,44-99,복부체형;하체통통,힙커버,클래식;데일리;오피스룩,겨울,롱,없음,블랙;화이트;베이지;카키,4050,슬랙스;데님;니트,【따뜻함최고! & 사이즈별/길이별】,,,,,,,,,,,
27102,https://www.misharp.co.kr/product/detail.html?product_no=27102,매그 W 439 슬랙스,팬츠,슬랙스,33900,폴리에스터93% 스판7% 혼용 소재입니다 / 스판7% 혼용 소재입니다,세미부츠컷;부츠컷;슬림핏,55-88,복부체형;하체통통,뱃살커버;힙커버;허리라인보정,페미닌;데일리;오피스룩,겨울,기본,없음,블랙;브라운,4050,슬랙스;데님;니트,★ FW제작 팬츠 116 ★,,,,,,,,,,,
28233,https://www.misharp.co.kr/product/detail.html?product_no=28233,올가 W 429 면팬츠,팬츠,팬츠,49700,코튼97% 스판3% 혼용 소재입니다 / 스판3% 혼용 소재입니다,일자핏,55-77,복부체형;하체통통,힙커버,데일리,겨울,롱,없음,블랙;베이지,4050,슬랙스;데님;니트,★ FW 제작 팬츠 121★,,,,,,,,,,,
28228,https://www.misharp.co.kr/product/detail.html?product_no=28228,매그 W 445 슬랙스,팬츠,슬랙스,31600,폴리에스터97% 스판3% 혼용 원단입니다 / 스판3% 혼용 원단입니다,와이드핏;슬림핏;밴딩핏;루즈핏,55-44,복부체형;하체통통,힙커버;허리라인보정,데일리,겨울,기본,없음,블랙;브라운,4050,슬랙스;데님,★ FW 제작 팬츠 109★,,,,,,,,,,,
26916,https://www.misharp.co.kr/product/detail.html?product_no=26916,절개 포켓 기모 8부 데님,팬츠,데님,36800,코튼100% 데님 소재입니다,와이드핏;부츠컷;슬림핏,55-99,복부체형;하체통통,힙커버;허리라인보정,데일리,겨울,기본,없음,블랙,4050,데님;니트,【띠뜻 안기모/L사이즈까지】,,,,,,,,,,,
24558,https://www.misharp.co.kr/product/detail.html?product_no=24558,W. 세미 테이퍼드 슬림 데님,팬츠,데님,33500,,테이퍼드핏;슬림핏;밴딩핏,88-99,복부체형;하체통통,힙커버;허리라인보정,데일리,겨울,롱,없음,블랙,4050,데님,【2컬러 & 숏/기본/롱 3가지 길이】,,,,,,,,,,,
28197,https://www.misharp.co.kr/product/detail.html?product_no=28197,매그 W 443 슬랙스,팬츠,슬랙스,38300,폴리에스터45% 레이온49% 스판6% 혼용 소재입니다 / 레이온49% 스판6% 혼용 소재입니다 / 스판6% 혼용 소재입니다,일자핏;테이퍼드핏;슬림핏,55-99,복부체형;하체통통,뱃살커버;힙커버,데일리;오피스룩,겨울,기본,없음,블랙;베이지,4050,슬랙스;데님;니트,★ FW제작 팬츠 115 ★,,,,,,,,,,,
28187,https://www.misharp.co.kr/product/detail.html?product_no=28187,올가 W 425 면팬츠,팬츠,팬츠,42700,코튼97% 스판3% 혼용 소재입니다 / 스판3% 혼용 소재입니다,와이드핏;슬림핏;밴딩핏,55-99,복부체형;하체통통,힙커버;허리라인보정,데일리;오피스룩,겨울,롱,없음,블랙;아이보리;베이지,4050,데님;니트,★ FW제작 팬츠 116 ★,,,,,,,,,,,
28168,https://www.misharp.co.kr/product/detail.html?product_no=28168,투턱 기모 버뮤다 슬랙스,팬츠,슬랙스,44500,폴리에스터80% 레이온,와이드핏;밴딩핏,66-66반,복부체형;하체통통,뱃살커버;힙커버,페미닌;데일리,겨울,기본,없음,블랙,4050,슬랙스;데님;스커트,"미샵 - 투턱 기모 버뮤다 슬랙스 (2 color) 투턱 기모 버뮤다 슬랙스 (2 color) (해외배송 가능상품) ( 건) 투턱 기모 버뮤다 슬랙스 (2 color) 44,500원 440원 (1%) 재입고 알림 SMS 상품 옵션 컬러 - [필수] 옵션을 선택해 주세요 - ------------------- 먹색 블랙 사이즈 - [필수] 옵션을 선택해 주세요 - ----------------",,,,,,,,,,,
28165,https://www.misharp.co.kr/product/detail.html?product_no=28165,다이아 와이드 기모 데님,팬츠,데님,56500,,와이드핏,55-77,복부체형;하체통통,힙커버,클래식;데일리,겨울,롱,없음,블랙,4050,데님;니트,【12온스 7수 미국산 프리미엄 RING 코튼】 [블랙 L 마지막 기회예요!],,,,,,,,,,,
28146,https://www.misharp.co.kr/product/detail.html?product_no=28146,시크릿 밴딩 소프트 와이드 팬츠,팬츠,팬츠,42000,레이온20% 혼용 소재입니다,세미와이드핏;와이드핏;슬림핏;밴딩핏;세미루즈,55-99,복부체형;하체통통,힙커버,데일리,봄;가을;겨울,크롭,없음,블랙;화이트;아이보리;브라운,4050,데님;니트,【프리미엄 링사 피치코튼 80%】 [블랙 XL 마지막 수량!],,,,,,,,,,,
24519,https://www.misharp.co.kr/product/detail.html?product_no=24519,W. 슬림 와이드 기모 데님,팬츠,데님,23840,코튼100% 원단이며,와이드핏;슬림핏,44-99,복부체형;하체통통,힙커버;허리라인보정,데일리,가을;겨울,롱,없음,블랙;그레이,4050,데님,【3컬러/키별 3길이/5개 사이즈】,,,,,,,,,,,
24543,https://www.misharp.co.kr/product/detail.html?product_no=24543,매그 W 405 슬랙스,팬츠,슬랙스,30000,,와이드핏;일자핏;밴딩핏,55-88,복부체형;하체통통,힙커버;허리라인보정,클래식;데일리,겨울,기본,없음,블랙;베이지;카키,4050,슬랙스;데님,★ FW제작 팬츠 103 ★,,,,,,,,,,,
25816,https://www.misharp.co.kr/product/detail.html?product_no=25816,올가 W 415 코듀로이 팬츠,팬츠,팬츠,30800,면97% 스판3% 혼용의 코듀로이 원단입니다 / 스판3% 혼용으로 착용감이 매우 편안합니다 / 스판3% 혼용의 코듀로이 원단입니다,테이퍼드핏;세미루즈,55-88,복부체형;하체통통,힙커버;허리라인보정,클래식;데일리;오피스룩,봄;겨울,기본,없음,베이지,4050,데님;니트,★ FW 제작 팬츠 93★,,,,,,,,,,,
24426,https://www.misharp.co.kr/product/detail.html?product_no=24426,매그 W 397 슬랙스,팬츠,슬랙스,34000,,와이드핏;일자핏;슬림핏,55-88,복부체형;하체통통,힙커버;허리라인보정,클래식;데일리,봄;겨울,기본,없음,블랙;아이보리;베이지;그레이,4050,슬랙스;데님,★ FW제작 팬츠 99 ★ 【안기모】,,,,,,,,,,,
25660,https://www.misharp.co.kr/product/detail.html?product_no=25660,W. 블랙 슬림 와이드 기모 데님,팬츠,데님,23840,코튼100% 원단이며,와이드핏;슬림핏;밴딩핏;세미루즈,44-99,복부체형;하체통통,힙커버;허리라인보정,데일리;오피스룩,여름;가을;겨울,롱,없음,블랙,4050,데님,【얇은안기모 / 3길이&5사이즈】,,,,,,,,,,,
28881,https://www.misharp.co.kr/product/detail.html?product_no=28881,노카라 에어-텍스처 자켓,아우터,자켓,99500,나일론100% 소재입니다 / 나일론 100%로 시원한 착용감을 제공합니다,민소매핏,55-77,어깨좁음,허리라인보정,데일리;오피스룩,여름;겨울,기본,민소매,블랙;화이트,4050,슬랙스;데님;원피스,【브랜드 납품/품격의 여름】,35,50,circumference,49,25,,,,,text,"[{""어깨단면"": ""35""}, {""암홀둘레"": ""49""}, {""소매길이"": ""25""}, {""가슴둘레"": ""100""}]"
28826,https://www.misharp.co.kr/product/detail.html?product_no=28826,에어리 커버 서머 바람막이 점퍼,아우터,점퍼,25500,폴리에스터70% 나일론30% 혼용 소재입니다 / 나일론30% 혼용 소재입니다,민소매핏,55-77,어깨좁음;하체통통,뱃살커버,데일리;오피스룩,여름;겨울,기본,민소매,화이트;카키;소라,4050,데님,【가방 안에 쏙 넣어다니기 좋아요】,,57,circumference,,73,,,,,text,"[{""소매길이"": ""73""}, {""가슴둘레"": ""114""}]"
28944,https://www.misharp.co.kr/product/detail.html?product_no=28944,린 플로우 썸머 반팔 자켓,아우터,자켓,59500,폴리에스터100% 소재로 제작되어 아주 얇고 고운 입자감이 돋보이는 원단입니다 / 폴리에스터 100%로 가볍고 쾌적하게 착용 가능합니다,루즈핏,55-77,어깨좁음;팔뚝통통;하체통통,팔뚝커버;뱃살커버;허리라인보정,클래식;데일리;오피스룩;학모룩,여름;겨울,기본,반팔,네이비;카키,4050,슬랙스;데님;스커트,"미샵 - 린 플로우 썸머 반팔 자켓 (2 color) 린 플로우 썸머 반팔 자켓 (2 color) (해외배송 가능상품) ( 건) 린 플로우 썸머 반팔 자켓 (2 color) 59,500원 590원 (1%) 재입고 알림 SMS 상품 옵션 컬러 - [필수] 옵션을 선택해 주세요 - ------------------- 연카키 네이비 옵션선택 상품 목록 상품명 상품수 가격 린 플로우 썸머 반팔 자켓",48,59,circumference,48,21,,,,,text,"[{""어깨단면"": ""48""}, {""암홀둘레"": ""48""}, {""소매길이"": ""21""}, {""가슴둘레"": ""118""}]"
23873,https://www.misharp.co.kr/product/detail.html?product_no=23873,포터 린넨 자켓,아우터,자켓,135800,,드롭숄더;민소매핏,55-77,어깨좁음,허리라인보정,클래식;페미닌;데일리;오피스룩,여름;겨울,기본,민소매,화이트;베이지;그레이;네이비,4050,슬랙스;데님;원피스,【하이엔드 린넨100% 그대로】,46,54,circumference,48,51,,,,,text,"[{""어깨단면"": ""46""}, {""암홀둘레"": ""48""}, {""소매길이"": ""51""}, {""가슴둘레"": ""108""}]"
25187,https://www.misharp.co.kr/product/detail.html?product_no=25187,리치 린넨 볼륨 자켓,아우터,자켓,72500,레이온50% 혼용 소재로,벌룬소매,55-77,어깨좁음;하체통통,힙커버;허리라인보정,데일리,여름,기본,벌룬소매,화이트,4050,데님,【린넨50+레이온50】,42,61,circumference,52,32.5,,,,,text,"[{""어깨단면"": ""42""}, {""암홀둘레"": ""52""}, {""소매길이"": ""32.5""}, {""가슴둘레"": ""122""}]"
28972,https://www.misharp.co.kr/product/detail.html?product_no=28972,슬러시 경량 스트라이프 라운드 자켓,아우터,자켓,64500,,드롭숄더,55-77,어깨좁음;팔뚝통통;하체통통,팔뚝커버;허리라인보정,클래식;페미닌;데일리,여름;겨울,기본,7부소매,블랙;화이트,4050,데님;스커트,【80수의 쾌적 코튼】,68,59.5,circumference,54,46,,,,,text,"[{""어깨단면"": ""68""}, {""암홀둘레"": ""54""}, {""소매길이"": ""46""}, {""가슴둘레"": ""119""}]"
26339,https://www.misharp.co.kr/product/detail.html?product_no=26339,더블 린넨 7부 자켓,아우터,자켓,84500,,오버핏,55-77,어깨좁음,뱃살커버,데일리;오피스룩,여름;겨울,기본,7부소매,블랙;화이트,4050,데님,【린넨100 / 팔안타템】,42.5,55.5,circumference,51,45,,,,,text,"[{""어깨단면"": ""42.5""}, {""암홀둘레"": ""51""}, {""소매길이"": ""45""}, {""가슴둘레"": ""111""}]"
27728,https://www.misharp.co.kr/product/detail.html?product_no=27728,라벤 썸머 뒷주름 자켓,아우터,자켓,59800,폴리에스터55% 혼용의 쿨링 소재입니다 / 나일론45% 폴리에스터55% 혼용의 쿨링 소재입니다,,55-77,어깨좁음;팔뚝통통;복부체형,팔뚝커버;뱃살커버;힙커버;허리라인보정,클래식;데일리;모임룩,여름,기본,긴팔,베이지;네이비,4050,데님,"미샵 - 라벤 썸머 뒷주름 자켓 (2 color) 라벤 썸머 뒷주름 자켓 (2 color) (해외배송 가능상품) ( 건) 라벤 썸머 뒷주름 자켓 (2 color) 59,800원 590원 (1%) 재입고 알림 SMS 상품 옵션 컬러 - [필수] 옵션을 선택해 주세요 - ------------------- 베이지 다크네이비 옵션선택 상품 목록 상품명 상품수 가격 라벤 썸머 뒷주름 자켓 (2 co",42,53,circumference,49,27,,,,,text,"[{""어깨단면"": ""42""}, {""암홀둘레"": ""49""}, {""소매길이"": ""27""}, {""가슴둘레"": ""106""}]"
29008,https://www.misharp.co.kr/product/detail.html?product_no=29008,라이트 드로스트링 셔링 집업 조끼,,,29800,,민소매핏,55-77,어깨좁음;하체통통,허리라인보정,데일리,봄;여름;가을,롱,민소매,블랙;화이트,4050,데님;스커트;원피스,【러닝룩 추천 / 간절기엔 레이어드로도】,42.5,70,circumference,43,,,,,,text,"[{""어깨단면"": ""42.5""}, {""암홀둘레"": ""43""}, {""가슴둘레"": ""140""}]"
24961,https://www.misharp.co.kr/product/detail.html?product_no=24961,쿨 클래식 자켓,아우터,자켓,99800,,민소매핏,55-77,어깨좁음,뱃살커버;허리라인보정,클래식;데일리;오피스룩,봄;여름;가을,기본,민소매,블랙;베이지;카키,4050,데님;원피스,★ SS제작 상의 70 ★ 【인기 블랙컬러만 진행】,44,55,circumference,51,44,,,,,text,"[{""어깨단면"": ""44""}, {""암홀둘레"": ""51""}, {""소매길이"": ""44""}, {""가슴둘레"": ""110""}]"
27552,https://www.misharp.co.kr/product/detail.html?product_no=27552,모먼트 린넨 터치 반팔 자켓,아우터,자켓,49500,,민소매핏,55-77,어깨좁음;하체통통,뱃살커버;허리라인보정,클래식;데일리;오피스룩;모임룩,여름,기본,민소매,블랙;아이보리;베이지,4050,슬랙스;데님,"미샵 - 모먼트 린넨 터치 반팔 자켓 (3 color) 모먼트 린넨 터치 반팔 자켓 (3 color) (해외배송 가능상품) ( 건) 모먼트 린넨 터치 반팔 자켓 (3 color) 49,500원 490원 (1%) 재입고 알림 SMS 상품 옵션 컬러 - [필수] 옵션을 선택해 주세요 - ------------------- 아이보리 베이지 블랙 옵션선택 상품 목록 상품명 상품수 가격 모먼트 린넨",42,51.5,circumference,43,28.5,,,,,text,"[{""어깨단면"": ""42""}, {""암홀둘레"": ""43""}, {""소매길이"": ""28.5""}, {""가슴둘레"": ""103""}]"
22458,https://www.misharp.co.kr/product/detail.html?product_no=22458,노카라 지오 자켓,아우터,자켓,49500,,민소매핏,55-77,어깨좁음,허리라인보정,데일리;오피스룩,봄;여름;가을,기본,민소매,블랙;베이지;카키,4050,데님;원피스;니트,【후기 50+】,38,49,circumference,44,56,,,,,text,"[{""어깨단면"": ""38""}, {""암홀둘레"": ""44""}, {""소매길이"": ""56""}, {""가슴둘레"": ""98""}]"
28865,https://www.misharp.co.kr/product/detail.html?product_no=28865,시그니처 프리미엄 린넨 자켓,아우터,자켓,165000,,,55-77,어깨좁음;하체통통,뱃살커버;힙커버,클래식;데일리;오피스룩;학모룩,여름;겨울,기본,긴팔,블랙,4050,슬랙스;데님;스커트;원피스,【린넨100/브랜드 납품공정】,41,54,circumference,48,58.5,,,,,text,"[{""어깨단면"": ""41""}, {""암홀둘레"": ""48""}, {""소매길이"": ""58.5""}, {""가슴둘레"": ""108""}]"
23811,https://www.misharp.co.kr/product/detail.html?product_no=23811,스탠다드 싱글 린넨 자켓,아우터,자켓,119800,,세미루즈;정핏,55-88,어깨좁음,허리라인보정,클래식;데일리;오피스룩,봄;여름;가을,기본,긴팔,블랙;베이지;네이비,4050,데님,【린넨90 / 브랜드 공정그대로】 【L까지 사이즈별/ 길이 만족도↑】,37,47.5,circumference,49,58,,,,,text,"[{""어깨단면"": ""37""}, {""암홀둘레"": ""49""}, {""소매길이"": ""58""}, {""가슴둘레"": ""95""}]"
23975,https://www.misharp.co.kr/product/detail.html?product_no=23975,써머 프라임 린넨 자켓,아우터,자켓,115800,,세미루즈;캡소매,55-77,어깨좁음,허리라인보정,클래식;페미닌;데일리;오피스룩,봄;여름;가을,크롭,캡소매,블랙;그레이,4050,데님;스커트;원피스,(사이즈별 제작) 브랜드급 그대로!,39,48,circumference,48,24,,,,,text,"[{""어깨단면"": ""39""}, {""암홀둘레"": ""48""}, {""소매길이"": ""24""}, {""가슴둘레"": ""96""}]"
23687,https://www.misharp.co.kr/product/detail.html?product_no=23687,레귤러 린넨 헤링본 자켓,아우터,자켓,68500,,오버핏;정핏,55-66반,어깨좁음,,클래식;데일리;오피스룩,봄;여름;가을,기본,긴팔,블랙;베이지,4050,데님,【린넨 100 / 들뜨지 않는 핏】,35,52.5,circumference,50,57,,,,,text,"[{""어깨단면"": ""35""}, {""암홀둘레"": ""50""}, {""소매길이"": ""57""}, {""가슴둘레"": ""105""}]"
28799,https://www.misharp.co.kr/product/detail.html?product_no=28799,텐셀 에어리 노카라 자켓,아우터,자켓,62500,,,55-77,어깨좁음;복부체형,뱃살커버;허리라인보정,클래식;데일리;오피스룩;학모룩,여름;겨울,롱,긴팔,블랙;아이보리;베이지,4050,슬랙스;데님;스커트;원피스,【텐셀 특유의 매끈함과 부드러움】,38,51,circumference,46,57,,,,,text,"[{""어깨단면"": ""38""}, {""암홀둘레"": ""46""}, {""소매길이"": ""57""}, {""가슴둘레"": ""102""}]"
23725,https://www.misharp.co.kr/product/detail.html?product_no=23725,센트럴 린넨 자켓,아우터,자켓,97500,,세미루즈;민소매핏,55-77,어깨좁음,,데일리;오피스룩,여름;겨울,기본,민소매,블랙;베이지;카키,4050,데님,【린넨 100% / 브랜드 납품 상품】,48,52.5,circumference,44,40,,,,,text,"[{""어깨단면"": ""48""}, {""암홀둘레"": ""44""}, {""소매길이"": ""40""}, {""가슴둘레"": ""105""}]"
28795,https://www.misharp.co.kr/product/detail.html?product_no=28795,페이퍼 라이트 쿨 커버 자켓,아우터,자켓,115800,나일론97% 스판3% 혼용 소재입니다 / 스판3% 혼용 소재입니다,드롭숄더;민소매핏,55-77,어깨좁음;복부체형;하체통통,뱃살커버;힙커버;허리라인보정,클래식;데일리,여름;겨울,기본,민소매,블랙,4050,데님,【청량! 크링클 브랜드 원단 】,46,53.5,circumference,48,53.5,,,,,text,"[{""어깨단면"": ""46""}, {""암홀둘레"": ""48""}, {""소매길이"": ""53.5""}, {""가슴둘레"": ""107""}]"
28789,https://www.misharp.co.kr/product/detail.html?product_no=28789,투웨이 비조 썸머 점퍼 자켓,아우터,자켓,78500,폴리에스터55% 나일론45% 혼용 소재입니다 / 나일론45% 혼용 소재입니다,루즈핏,55-77,어깨좁음;복부체형,,페미닌;데일리;오피스룩,여름;겨울,기본,7부소매,베이지;네이비,4050,데님,【홑겹의 냉감 원단】,63,54,circumference,44,66.5,,,,,text,"[{""어깨단면"": ""63""}, {""암홀둘레"": ""44""}, {""소매길이"": ""66.5""}, {""가슴둘레"": ""108""}]"
28772,https://www.misharp.co.kr/product/detail.html?product_no=28772,그리드 드라이 워크 자켓,아우터,자켓,105500,,오버핏,55-77,어깨좁음;하체통통,,클래식;데일리;오피스룩,봄;여름;가을,기본,5부소매,아이보리;네이비,4050,슬랙스;데님;스커트,【텐셀베이스에 린넨면을 블렌딩】,48,58.5,circumference,52,61.5,,,,,text,"[{""어깨단면"": ""48""}, {""암홀둘레"": ""52""}, {""소매길이"": ""61.5""}, {""가슴둘레"": ""117""}]"
28765,https://www.misharp.co.kr/product/detail.html?product_no=28765,오피스 하프 반팔 자켓,아우터,자켓,68500,폴리에스터 100%로 제작되어 가볍고 부드러운 착용감을 제공합니다 / 폴리에스터100% 소재입니다,,55-77,어깨좁음;팔뚝통통;하체통통,팔뚝커버;뱃살커버;힙커버;허리라인보정,클래식;데일리;오피스룩,여름;겨울,하프,반팔,네이비,4050,슬랙스;데님,"미샵 - 오피스 하프 반팔 자켓 (2 color) 오피스 하프 반팔 자켓 (2 color) (해외배송 가능상품) ( 건) 오피스 하프 반팔 자켓 (2 color) 68,500원 680원 (1%) 재입고 알림 SMS 상품 옵션 컬러 - [필수] 옵션을 선택해 주세요 - ------------------- 크림 네이비 옵션선택 상품 목록 상품명 상품수 가격 오피스 하프 반팔 자켓 (2 color",40,51,circumference,51,25,,,,,text,"[{""어깨단면"": ""40""}, {""암홀둘레"": ""51""}, {""소매길이"": ""25""}, {""가슴둘레"": ""102""}]"
27894,https://www.misharp.co.kr/product/detail.html?product_no=27894,(기획) 루즈핏 더블 지퍼 후드 집업,아우터,점퍼,28500,코튼65% 폴리에스터35% 혼용 소재입니다 / 폴리에스터35% 혼용 소재입니다,루즈핏;드롭숄더,55-77,어깨좁음,허리라인보정,페미닌;데일리,봄;가을;간절기,롱,드롭숄더,,4050,데님;스커트;원피스,"미샵 - (기획) 루즈핏 더블 지퍼 후드 집업 (3 color) (기획) 루즈핏 더블 지퍼 후드 집업 (3 color) (해외배송 가능상품) ( 건) (기획) 루즈핏 더블 지퍼 후드 집업 (3 color) 28,500원 280원 (1%) 재입고 알림 SMS 상품 옵션 컬러 - [필수] 옵션을 선택해 주세요 - ------------------- 오트밀 옵션선택 상품 목록 상품명 상품수 가격",71,62.5,circumference,38,48,,,,,text,"[{""어깨단면"": ""71""}, {""암홀둘레"": ""38""}, {""소매길이"": ""48""}, {""가슴둘레"": ""125""}]"
27517,https://www.misharp.co.kr/product/detail.html?product_no=27517,(기획) 스트링 하프 바람막이 야상,,,38500,나일론100% 소재입니다,정핏,55-77,어깨좁음;복부체형;하체통통,뱃살커버;힙커버;허리라인보정,클래식;데일리,여름;겨울,하프,반팔,화이트;카키,4050,슬랙스;데님;스커트,"미샵 - (기획) 스트링 하프 바람막이 야상 (2 color) (기획) 스트링 하프 바람막이 야상 (2 color) (해외배송 가능상품) ( 건) (기획) 스트링 하프 바람막이 야상 (2 color) 38,500원 380원 (1%) 재입고 알림 SMS 상품 옵션 컬러 - [필수] 옵션을 선택해 주세요 - ------------------- 카키 옵션선택 상품 목록 상품명 상품수 가격 (기획)",,59,circumference,,69,,,,,text,"[{""소매길이"": ""69""}, {""가슴둘레"": ""118""}]"
28738,https://www.misharp.co.kr/product/detail.html?product_no=28738,르부아 에어 윈드 하프 점퍼,아우터,점퍼,98500,나일론100% 소재를 사용해 / 나일론100% 소재입니다 / 나일론 100% 소재로 시원하고 쾌적하게 입을 수 있습니다,루즈핏;민소매핏,55-88,어깨좁음,뱃살커버;힙커버;허리라인보정,데일리;오피스룩,여름;겨울,하프,민소매,블랙;베이지,4050,데님,"미샵 - 르부아 에어 윈드 하프 점퍼 (2 color) 르부아 에어 윈드 하프 점퍼 (2 color) (해외배송 가능상품) ( 건) 르부아 에어 윈드 하프 점퍼 (2 color) 98,500원 980원 (1%) 재입고 알림 SMS 상품 옵션 컬러 - [필수] 옵션을 선택해 주세요 - ------------------- 블랙 옵션선택 상품 목록 상품명 상품수 가격 르부아 에어 윈드 하프 점퍼",51.5,64,circumference,59,58,,,,,text,"[{""어깨단면"": ""51.5""}, {""암홀둘레"": ""59""}, {""소매길이"": ""58""}, {""가슴둘레"": ""128""}]"
26316,https://www.misharp.co.kr/product/detail.html?product_no=26316,하프 경량 블랙 사파리 자켓,아우터,자켓,89500,코튼25% 나일론75% 혼용 소재입니다 / 나일론75% 혼용 소재입니다,정핏;레글런핏,55-77,어깨좁음;하체통통,팔뚝커버;힙커버;허리라인보정,데일리;오피스룩,봄;가을;간절기,하프,레글런소매,블랙,4050,데님,"미샵 - 하프 경량 블랙 사파리 자켓 (1 color) 하프 경량 블랙 사파리 자켓 (1 color) (해외배송 가능상품) ( 건) 하프 경량 블랙 사파리 자켓 (1 color) 89,500원 890원 (1%) 재입고 알림 SMS 상품 옵션 옵션선택 상품 목록 상품명 상품수 가격 하프 경량 블랙 사파리 자켓 (1 color) 수량증가 수량감소 89500 ( 890 ) 옵션 정보 바로구매 예약",,60,circumference,,73,,,,,text,"[{""소매길이"": ""73""}, {""가슴둘레"": ""120""}]"
25438,https://www.misharp.co.kr/product/detail.html?product_no=25438,멀린 무드 자켓,아우터,자켓,69500,,정핏,55-77,어깨좁음,허리라인보정,클래식;데일리;오피스룩,봄;여름;가을,기본,긴팔,블랙;베이지,4050,슬랙스;데님,★ SS제작 상의 61 ★ 【비침없이 살랑~/블랙만 진행】,41,51.5,circumference,44,54,,,,,text,"[{""어깨단면"": ""41""}, {""암홀둘레"": ""44""}, {""소매길이"": ""54""}, {""가슴둘레"": ""103""}]"
26630,https://www.misharp.co.kr/product/detail.html?product_no=26630,살랑 루그 백버튼 자켓,아우터,자켓,85800,폴리에스터96% 스판4% 혼용 소재입니다 / 스판4% 혼용 소재입니다,,55-66,어깨좁음,뱃살커버;허리라인보정,클래식;데일리;오피스룩,봄;여름;가을,기본,7부소매,블랙;베이지,4050,데님,"미샵 - 살랑 루그 백버튼 자켓 (2 color) 살랑 루그 백버튼 자켓 (2 color) (해외배송 가능상품) ( 건) 살랑 루그 백버튼 자켓 (2 color) 85,800원 850원 (1%) 재입고 알림 SMS 상품 옵션 컬러 - [필수] 옵션을 선택해 주세요 - ------------------- 베이지 옵션선택 상품 목록 상품명 상품수 가격 살랑 루그 백버튼 자켓 (2 color) 수",42,58.5,circumference,52,53.5,,,,,text,"[{""어깨단면"": ""42""}, {""암홀둘레"": ""52""}, {""소매길이"": ""53.5""}, {""가슴둘레"": ""117""}]"
28673,https://www.misharp.co.kr/product/detail.html?product_no=28673,에디트 라이트 하프 바바리,,,79800,면87%와 나일론13% 혼방 소재입니다 / 면87%와 나일론13% 혼방 소재로 제작되었습니다 / 나일론13% 혼방 소재입니다 / 나일론13% 혼방 소재로 제작되었습니다,드롭숄더,55-88,어깨좁음;하체통통,뱃살커버;힙커버;허리라인보정,클래식;데일리,겨울,하프,드롭숄더,베이지,4050,슬랙스;데님,【고급스러운 텍스처와 공기처럼 가벼움 】,60,64.5,circumference,50,52.5,,,,,text,"[{""어깨단면"": ""60""}, {""암홀둘레"": ""50""}, {""소매길이"": ""52.5""}, {""가슴둘레"": ""129""}]"
28706,https://www.misharp.co.kr/product/detail.html?product_no=28706,소프트 시티 블랙 데님 자켓,아우터,자켓,135800,코튼 100% 소재입니다,,55-77,어깨좁음;하체통통,힙커버,클래식;데일리;오피스룩,겨울,기본,긴팔,블랙,4050,데님,【고급 트윌 코튼 100%】,40,57,circumference,53,62,,,,,text,"[{""어깨단면"": ""40""}, {""암홀둘레"": ""53""}, {""소매길이"": ""62""}, {""가슴둘레"": ""114""}]"
27598,https://www.misharp.co.kr/product/detail.html?product_no=27598,에어 무드 레글런 쿨 점퍼,아우터,점퍼,59800,레이온60% + 나일론20%의 혼방 소재는 한여름에도 후들하게 / 나일론20%의 혼방 소재는 한여름에도 후들하게,레글런핏;민소매핏,55-77,어깨좁음;복부체형,팔뚝커버;허리라인보정,페미닌;데일리;오피스룩,여름;겨울,크롭,민소매,블랙,4050,슬랙스;데님,【린넨 20】,,52,circumference,,56,,,,,text,"[{""소매길이"": ""56""}, {""가슴둘레"": ""104""}]"
23637,https://www.misharp.co.kr/product/detail.html?product_no=23637,로프트 자켓,아우터,자켓,115800,,세미루즈;정핏,55-77,어깨좁음,,클래식;데일리,봄;여름;가을,기본,반팔,블랙;네이비,4050,슬랙스;데님;스커트;원피스,【브랜드 원단과 공정 / 사이즈별】,42,51,circumference,46,57,,,,,text,"[{""어깨단면"": ""42""}, {""암홀둘레"": ""46""}, {""소매길이"": ""57""}, {""가슴둘레"": ""102""}]"
27495,https://www.misharp.co.kr/product/detail.html?product_no=27495,노멀 경량 클래식 자켓,아우터,자켓,125500,나일론100% 소재입니다,오버핏;세미루즈,55-77,어깨좁음;하체통통,뱃살커버;힙커버;허리라인보정,클래식;데일리;오피스룩,여름,기본,긴팔,블랙;아이보리;베이지,4050,데님;스커트,【브랜드 원단 / 브랜드 공정】,42,53,circumference,48,58,,,,,text,"[{""어깨단면"": ""42""}, {""암홀둘레"": ""48""}, {""소매길이"": ""58""}, {""가슴둘레"": ""106""}]"
28665,https://www.misharp.co.kr/product/detail.html?product_no=28665,카치온 워싱 코튼 자켓,아우터,자켓,59900,,드롭숄더,55-77,어깨좁음,허리라인보정,데일리;오피스룩,봄;가을;겨울,기본,드롭숄더,카키,4050,데님;원피스;니트,【카치온 바이오워싱 원단】,53,62,circumference,51,52,,,,,text,"[{""어깨단면"": ""53""}, {""암홀둘레"": ""51""}, {""소매길이"": ""52""}, {""가슴둘레"": ""124""}]"
28657,https://www.misharp.co.kr/product/detail.html?product_no=28657,로렌 데일리 하프 야상,,,95800,,오버핏;민소매핏,55-77,어깨좁음,힙커버;허리라인보정,데일리,봄;여름;가을,하프,민소매,블랙;베이지;카키,4050,슬랙스;데님;원피스,【국내생산 / 섬세한 공정】,56,65.5,circumference,54,54,,,,,text,"[{""어깨단면"": ""56""}, {""암홀둘레"": ""54""}, {""소매길이"": ""54""}, {""가슴둘레"": ""131""}]"
28652,https://www.misharp.co.kr/product/detail.html?product_no=28652,프렌치 무드 에코 레더 자켓,아우터,자켓,69500,,세미루즈;정핏,55-77,어깨좁음,,페미닌;데일리;오피스룩;모임룩,봄;가을;겨울,기본,긴팔,블랙;베이지,4050,데님;니트,【에코 레더로 최강 부드러움】,48.5,56,circumference,52,54,20,55,,,text,"[{""어깨단면"": ""48.5""}, {""암홀둘레"": ""52""}, {""소매길이"": ""54""}, {""소매둘레"": ""20""}, {""총장"": ""55""}, {""가슴둘레"": ""112""}]"
25470,https://www.misharp.co.kr/product/detail.html?product_no=25470,내추럴 슬림 베이직 자켓,아우터,자켓,115500,,세미루즈;슬림핏;정핏,66-66반,어깨좁음,허리라인보정,클래식;데일리;오피스룩,,기본,긴팔,블랙;그레이;네이비,4050,데님,【사이즈별 제작】,38,47,circumference,43,57.5,,,,,text,"[{""어깨단면"": ""38""}, {""암홀둘레"": ""43""}, {""소매길이"": ""57.5""}, {""가슴둘레"": ""94""}]"
28483,https://www.misharp.co.kr/product/detail.html?product_no=28483,스위티 프레피 자켓,아우터,자켓,86500,폴리에스터60% 레이온,,55-77,어깨좁음;하체통통,힙커버;허리라인보정,클래식;데일리;오피스룩;모임룩,겨울,기본,긴팔,블랙;베이지,4050,슬랙스;데님;스커트,"미샵 - 스위티 프레피 자켓 (3 color) 스위티 프레피 자켓 (3 color) (해외배송 가능상품) ( 건) 스위티 프레피 자켓 (3 color) 86,500원 860원 (1%) 재입고 알림 SMS 상품 옵션 컬러 - [필수] 옵션을 선택해 주세요 - ------------------- 진베이지 블랙 옵션선택 상품 목록 상품명 상품수 가격 스위티 프레피 자켓 (3 color) 수량증가",40,51,circumference,48,57,,,,,text,"[{""어깨단면"": ""40""}, {""암홀둘레"": ""48""}, {""소매길이"": ""57""}, {""가슴둘레"": ""102""}]"
24785,https://www.misharp.co.kr/product/detail.html?product_no=24785,베이직 테일러드 자켓,아우터,자켓,105500,스판2% 함유로 편안한 텐션을 전합니다,세미루즈,55-77,어깨좁음;복부체형,,클래식;페미닌;데일리;오피스룩,겨울,기본,긴팔,블랙;베이지;그레이;카키,4050,슬랙스;데님;니트,【S/M/L 브랜드공정 그대로】,41,48.5,circumference,46,57.5,,,,,text,"[{""어깨단면"": ""41""}, {""암홀둘레"": ""46""}, {""소매길이"": ""57.5""}, {""가슴둘레"": ""97""}]"
26741,https://www.misharp.co.kr/product/detail.html?product_no=26741,셀비지 하이넥 데님 자켓,아우터,자켓,62500,코튼100% 소재입니다,,55-77,어깨좁음;하체통통,,클래식;데일리;오피스룩,,기본,긴팔,,4050,슬랙스;데님;스커트,"미샵 - 셀비지 하이넥 데님 자켓 (1 color) 셀비지 하이넥 데님 자켓 (1 color) (해외배송 가능상품) ( 건) 셀비지 하이넥 데님 자켓 (1 color) 62,500원 620원 (1%) 재입고 알림 SMS 상품 옵션 옵션선택 상품 목록 상품명 상품수 가격 셀비지 하이넥 데님 자켓 (1 color) 수량증가 수량감소 62500 ( 620 ) 옵션 정보 바로구매 예약주문 SOLD",52,63,circumference,47,50,,,,,text,"[{""어깨단면"": ""52""}, {""암홀둘레"": ""47""}, {""소매길이"": ""50""}, {""가슴둘레"": ""126""}]"
28611,https://www.misharp.co.kr/product/detail.html?product_no=28611,데일리 라운드 집업 점퍼,아우터,점퍼,55000,면30%와 나일론70% 혼방 소재로 / 폴리에스터 100%로 마감되어 이너와의 마찰 없이 매끄럽게 착용하실 수 있습니다 / 나일론70% 혼방 소재로,루즈핏,55-77,어깨좁음,,클래식;데일리;오피스룩,겨울,롱,긴팔,블랙,4050,슬랙스;데님;스커트,"미샵 - 데일리 라운드 집업 점퍼 (3 color) 데일리 라운드 집업 점퍼 (3 color) (해외배송 가능상품) ( 건) 데일리 라운드 집업 점퍼 (3 color) 78,500원 55,000원 남은시간 1250일 21:40:04 (23,500원 할인) 2017-02-03 00:00 ~ 2029-12-31 12:00 550원 (1%) 재입고 알림 SMS 상품 옵션 컬러 - [필수] 옵션을",52,60,circumference,50,48,,,,,text,"[{""어깨단면"": ""52""}, {""암홀둘레"": ""50""}, {""소매길이"": ""48""}, {""가슴둘레"": ""120""}]"
23550,https://www.misharp.co.kr/product/detail.html?product_no=23550,샌더 바바리,,,138500,코튼33%의 탄탄한 조직감과 나일론66%의 가볍고 매끄러운 성질이 조화를 이룬 고밀도 프리미엄 원단입니다 / 코튼100% 소재보다 구김에 강하고 복원력이 뛰어나며 / 나일론66%의 가볍고 매끄러운 성질이 조화를 이룬 고밀도 프리미엄 원단입니다,정핏,55-77,4050 여성 일반체형,허리라인보정,클래식;데일리,봄;가을;간절기,기본,긴팔,베이지;네이비,4050,데님,가벼운 싱글코튼 원단,,59.5,circumference,,69.5,,,,,text,"[{""소매길이"": ""69.5""}, {""가슴둘레"": ""119""}]"
27998,https://www.misharp.co.kr/product/detail.html?product_no=27998,마스 크롭 데님 자켓,아우터,자켓,46500,,세미루즈,55-66반,어깨좁음;하체통통,,클래식;데일리,봄;가을;겨울,크롭,긴팔,,4050,슬랙스;데님;스커트,"미샵 - 마스 크롭 데님 자켓 (1 color) 마스 크롭 데님 자켓 (1 color) (해외배송 가능상품) ( 건) 마스 크롭 데님 자켓 (1 color) 46,500원 460원 (1%) 재입고 알림 SMS 상품 옵션 옵션선택 상품 목록 상품명 상품수 가격 마스 크롭 데님 자켓 (1 color) 수량증가 수량감소 46500 ( 460 ) 옵션 정보 바로구매 예약주문 SOLD OUT 마스 크",47,59,circumference,46,54,,,,,text,"[{""어깨단면"": ""47""}, {""암홀둘레"": ""46""}, {""소매길이"": ""54""}, {""가슴둘레"": ""118""}]"
23442,https://www.misharp.co.kr/product/detail.html?product_no=23442,드올 자켓,아우터,자켓,112800,,,55-77,어깨좁음,허리라인보정,클래식;데일리,봄;여름;가을,기본,반팔,블랙;베이지,4050,데님,【최고급 트윌직 브랜드 납품】,39,50,circumference,,58,,,,,text,"[{""어깨단면"": ""39""}, {""소매길이"": ""58""}, {""가슴둘레"": ""100""}]"
28591,https://www.misharp.co.kr/product/detail.html?product_no=28591,배색 가죽 카라 워싱 자켓,아우터,자켓,69800,면 97%에 스판 3%가 혼용된 고퀄리티 데님 원단입니다 / 스판 3%가 혼용된 고퀄리티 데님 원단입니다,루즈핏;드롭숄더,55-77,어깨좁음;하체통통,뱃살커버;힙커버;허리라인보정,클래식;데일리;오피스룩,,기본,드롭숄더,블랙;베이지,4050,슬랙스;데님;스커트;니트,"미샵 - 배색 가죽 카라 워싱 자켓 (2 color) 배색 가죽 카라 워싱 자켓 (2 color) (해외배송 가능상품) ( 건) 배색 가죽 카라 워싱 자켓 (2 color) 69,800원 690원 (1%) 재입고 알림 SMS 상품 옵션 컬러 - [필수] 옵션을 선택해 주세요 - ------------------- 베이지 옵션선택 상품 목록 상품명 상품수 가격 배색 가죽 카라 워싱 자켓 (2",52,60,circumference,49,56.5,,,,,text,"[{""어깨단면"": ""52""}, {""암홀둘레"": ""49""}, {""소매길이"": ""56.5""}, {""가슴둘레"": ""120""}]"
24750,https://www.misharp.co.kr/product/detail.html?product_no=24750,파스텔 트위드 자켓,아우터,자켓,105500,,,55-77,어깨좁음;하체통통,허리라인보정,페미닌;데일리,,크롭,긴팔,베이지,4050,데님;스커트,"미샵 - 파스텔 트위드 자켓 (2 color) 파스텔 트위드 자켓 (2 color) (해외배송 가능상품) ( 건) 파스텔 트위드 자켓 (2 color) 105,500원 1,050원 (1%) 재입고 알림 SMS 상품 옵션 컬러 - [필수] 옵션을 선택해 주세요 - ------------------- 베이지 스카이 사이즈 - [필수] 옵션을 선택해 주세요 - -------------------",38,47,circumference,45,58,,,,,text,"[{""어깨단면"": ""38""}, {""암홀둘레"": ""45""}, {""소매길이"": ""58""}, {""가슴둘레"": ""94""}]"
28087,https://www.misharp.co.kr/product/detail.html?product_no=28087,테오 데일리 루즈핏 점퍼,아우터,점퍼,64800,코튼35% 폴리에스터65% 혼용 소재입니다 / 폴리에스터65% 혼용 소재입니다,루즈핏,55-77,어깨좁음;하체통통,허리라인보정,데일리,봄;가을;간절기,롱,긴팔,블랙;베이지,4050,데님;스커트,"미샵 - 테오 데일리 루즈핏 점퍼 (2 color) 테오 데일리 루즈핏 점퍼 (2 color) (해외배송 가능상품) ( 건) 테오 데일리 루즈핏 점퍼 (2 color) 64,800원 640원 (1%) 재입고 알림 SMS 상품 옵션 컬러 - [필수] 옵션을 선택해 주세요 - ------------------- 베이지 블랙 옵션선택 상품 목록 상품명 상품수 가격 테오 데일리 루즈핏 점퍼 (2 c",,70,circumference,,76.5,,,,,text,"[{""소매길이"": ""76.5""}, {""가슴둘레"": ""140""}]"
28588,https://www.misharp.co.kr/product/detail.html?product_no=28588,벨루아 셔링 스웨이드 블루종,,,64500,,,55-77,어깨좁음;팔뚝통통;하체통통,팔뚝커버;뱃살커버;허리라인보정,클래식;데일리;오피스룩;모임룩,봄;가을;간절기,기본,긴팔,베이지;브라운,4050,슬랙스;데님;스커트,"미샵 - 벨루아 셔링 스웨이드 블루종 (2 color) 벨루아 셔링 스웨이드 블루종 (2 color) (해외배송 가능상품) ( 건) 벨루아 셔링 스웨이드 블루종 (2 color) 64,500원 640원 (1%) 재입고 알림 SMS 상품 옵션 컬러 - [필수] 옵션을 선택해 주세요 - ------------------- 베이지 옵션선택 상품 목록 상품명 상품수 가격 벨루아 셔링 스웨이드 블루종",69,70,circumference,59,44.5,,,,,text,"[{""어깨단면"": ""69""}, {""암홀둘레"": ""59""}, {""소매길이"": ""44.5""}, {""가슴둘레"": ""140""}]"
28581,https://www.misharp.co.kr/product/detail.html?product_no=28581,아멜리 비조 트렌치 자켓,아우터,자켓,96500,폴리에스터95% 스판5% 혼용 소재로 구김 걱정 없이 깔끔한 실루엣을 유지합니다 / 스판5% 혼용 소재로 구김 걱정 없이 깔끔한 실루엣을 유지합니다,레글런핏;벌룬소매,55-77,어깨좁음;복부체형;하체통통,팔뚝커버;힙커버;허리라인보정,클래식;데일리;학모룩;모임룩,,롱,벌룬소매,블랙,4050,슬랙스;데님;스커트,"미샵 - 아멜리 비조 트렌치 자켓 (2 color) 아멜리 비조 트렌치 자켓 (2 color) (해외배송 가능상품) ( 건) 아멜리 비조 트렌치 자켓 (2 color) 96,500원 960원 (1%) 재입고 알림 SMS 상품 옵션 컬러 - [필수] 옵션을 선택해 주세요 - ------------------- 블랙 옵션선택 상품 목록 상품명 상품수 가격 아멜리 비조 트렌치 자켓 (2 color",,57.5,circumference,,70,,,,,text,"[{""소매길이"": ""70""}, {""가슴둘레"": ""115""}]"
26829,https://www.misharp.co.kr/product/detail.html?product_no=26829,빈츠 하운즈 트위드 자켓 / 사이즈별,아우터,자켓,59500,폴리에스터100% 트위드 자켓입니다,세미루즈;정핏,55-77,어깨좁음,,페미닌;데일리;학모룩,봄;가을;겨울,기본,긴팔,블랙,4050,데님,【XL까지 사이즈별 입고】,38,51.5,circumference,50,57,,,,,text,"[{""어깨단면"": ""38""}, {""암홀둘레"": ""50""}, {""소매길이"": ""57""}, {""가슴둘레"": ""103""}]"
28030,https://www.misharp.co.kr/product/detail.html?product_no=28030,오리지널 클래식 싱글 자켓,아우터,자켓,82500,폴리에스터100% 소재입니다,오버핏,55-77,어깨좁음,뱃살커버;허리라인보정,클래식;데일리;오피스룩,봄;가을,기본,긴팔,베이지,4050,데님,"미샵 - 오리지널 클래식 싱글 자켓 (3 color) 오리지널 클래식 싱글 자켓 (3 color) (해외배송 가능상품) ( 건) 오리지널 클래식 싱글 자켓 (3 color) 82,500원 820원 (1%) 재입고 알림 SMS 상품 옵션 컬러 - [필수] 옵션을 선택해 주세요 - ------------------- 연베이지 옵션선택 상품 목록 상품명 상품수 가격 오리지널 클래식 싱글 자켓 (3",41,50,circumference,52,60,,,,,text,"[{""어깨단면"": ""41""}, {""암홀둘레"": ""52""}, {""소매길이"": ""60""}, {""가슴둘레"": ""100""}]"
28564,https://www.misharp.co.kr/product/detail.html?product_no=28564,모던 에디션 노카라 트위드 자켓,아우터,자켓,89800,,,55-77,어깨좁음;복부체형,뱃살커버;허리라인보정,클래식;페미닌;데일리;학모룩,봄;가을,기본,긴팔,블랙;화이트,4050,데님,"미샵 - 모던 에디션 노카라 트위드 자켓 (2 color) 모던 에디션 노카라 트위드 자켓 (2 color) (해외배송 가능상품) ( 건) 모던 에디션 노카라 트위드 자켓 (2 color) 89,800원 890원 (1%) 재입고 알림 SMS 상품 옵션 컬러 - [필수] 옵션을 선택해 주세요 - ------------------- 블랙 옵션선택 상품 목록 상품명 상품수 가격 모던 에디션 노카라",40,52,circumference,49,59,,,,,text,"[{""어깨단면"": ""40""}, {""암홀둘레"": ""49""}, {""소매길이"": ""59""}, {""가슴둘레"": ""104""}]"
24735,https://www.misharp.co.kr/product/detail.html?product_no=24735,N. 소프트 부클 트위드 자켓,아우터,자켓,118500,울30% 함유의 아주 부드럽고 유연한 터치감이며,,55-77,어깨좁음,,클래식;페미닌;데일리,봄;가을;겨울,기본,긴팔,블랙;베이지,4050,데님,【울30 / 브랜드납품 원단 그대로】,37,49,circumference,46,58,,,,,text,"[{""어깨단면"": ""37""}, {""암홀둘레"": ""46""}, {""소매길이"": ""58""}, {""가슴둘레"": ""98""}]"
28052,https://www.misharp.co.kr/product/detail.html?product_no=28052,소프트 레더 조끼&가방 세트,,,49500,,세미루즈,55-77,어깨좁음,,데일리,겨울,기본,,블랙;베이지,4050,데님;니트,【소프트 레더 조끼+데일리bag】,41,60,circumference,53,,,,,,text,"[{""어깨단면"": ""41""}, {""암홀둘레"": ""53""}, {""가슴둘레"": ""120""}]"
26809,https://www.misharp.co.kr/product/detail.html?product_no=26809,N. 소프트 라운드 레더 자켓,아우터,자켓,65500,,,55-77,어깨좁음,,데일리,봄;가을;겨울,기본,긴팔,,4050,슬랙스;데님;스커트,"미샵 - N. 소프트 라운드 레더 자켓 (2 color) N. 소프트 라운드 레더 자켓 (2 color) (해외배송 가능상품) ( 건) N. 소프트 라운드 레더 자켓 (2 color) 65,500원 650원 (1%) 재입고 알림 SMS 상품 옵션 컬러 - [필수] 옵션을 선택해 주세요 - ------------------- 크림 옵션선택 상품 목록 상품명 상품수 가격 N. 소프트 라운드 레더",39,53,circumference,44,58.5,,,,,text,"[{""어깨단면"": ""39""}, {""암홀둘레"": ""44""}, {""소매길이"": ""58.5""}, {""가슴둘레"": ""106""}]"
28189,https://www.misharp.co.kr/product/detail.html?product_no=28189,몽글 하이넥 패딩 조끼,,,30800,폴리에스터100% 소재로 제작되었습니다 / 폴리에스터100% 소재입니다,세미루즈,55-77,어깨좁음,허리라인보정,데일리,겨울,크롭,,블랙;브라운,4050,데님;니트,【안기모/입는 순간 보들보들】,48,61,circumference,51,,,,,,text,"[{""어깨단면"": ""48""}, {""암홀둘레"": ""51""}, {""가슴둘레"": ""122""}]"
27357,https://www.misharp.co.kr/product/detail.html?product_no=27357,소프트 트위드 아워 글래스 자켓,아우터,자켓,118500,폴리에스터81% 레이온19% 혼용 소재입니다 / 레이온19% 혼용 소재입니다,,55-66반,어깨좁음;복부체형,허리라인보정,클래식;페미닌;데일리;오피스룩,,기본,긴팔,블랙;아이보리,4050,슬랙스;데님,"미샵 - 소프트 트위드 아워 글래스 자켓 (2 color) 소프트 트위드 아워 글래스 자켓 (2 color) (해외배송 가능상품) ( 건) 소프트 트위드 아워 글래스 자켓 (2 color) 118,500원 1,180원 (1%) 재입고 알림 SMS 상품 옵션 컬러 - [필수] 옵션을 선택해 주세요 - ------------------- 아이보리 블랙 옵션선택 상품 목록 상품명 상품수 가격 소프",42,45.5,circumference,47,60,,,,,text,"[{""어깨단면"": ""42""}, {""암홀둘레"": ""47""}, {""소매길이"": ""60""}, {""가슴둘레"": ""91""}]"
27310,https://www.misharp.co.kr/product/detail.html?product_no=27310,포키 코듀로이 카라 배색 자켓,아우터,자켓,47300,코튼100% 소재입니다,루즈핏,55-77,어깨좁음,뱃살커버;허리라인보정,데일리;오피스룩,봄;가을;간절기,기본,긴팔,아이보리,4050,데님,"미샵 - 포키 코듀로이 카라 배색 자켓 (2 color) 포키 코듀로이 카라 배색 자켓 (2 color) (해외배송 가능상품) ( 건) 포키 코듀로이 카라 배색 자켓 (2 color) 67,500원 47,300원 남은시간 1250일 21:39:37 (20,200원 할인) 2017-02-03 00:00 ~ 2029-12-31 12:00 470원 (1%) 재입고 알림 SMS 상품 옵션 컬러 -",64,70,circumference,48,47,,,,,text,"[{""어깨단면"": ""64""}, {""암홀둘레"": ""48""}, {""소매길이"": ""47""}, {""가슴둘레"": ""140""}]"
28536,https://www.misharp.co.kr/product/detail.html?product_no=28536,피치 루즈핏 후드 야상,아우터,점퍼,87500,,오버핏;루즈핏,55-77,어깨좁음;하체통통,힙커버;허리라인보정,데일리,겨울,기본,긴팔,베이지,4050,데님;원피스,【코튼 피치 가공의 포근 터치】,65,73,circumference,64,52,,,,,text,"[{""어깨단면"": ""65""}, {""암홀둘레"": ""64""}, {""소매길이"": ""52""}, {""가슴둘레"": ""146""}]"
23447,https://www.misharp.co.kr/product/detail.html?product_no=23447,리엣 바바리,,,145500,면100%원단이며,슬림핏,55-77,어깨좁음;복부체형,뱃살커버;허리라인보정,클래식;데일리;오피스룩,봄;가을;겨울,기본,긴팔,베이지;네이비,4050,슬랙스;데님,【고밀도 개버딘코튼/브랜드 그대로 】,49.5,56,circumference,50,53,,,,,text,"[{""어깨단면"": ""49.5""}, {""암홀둘레"": ""50""}, {""소매길이"": ""53""}, {""가슴둘레"": ""112""}]"
24874,https://www.misharp.co.kr/product/detail.html?product_no=24874,포블 라운드 블루종 점퍼,아우터,점퍼,31840,,레글런핏,55-77,어깨좁음,팔뚝커버;뱃살커버;허리라인보정,클래식;페미닌;데일리;오피스룩,겨울,기본,레글런소매,블랙;아이보리;베이지;핑크;카키,4050,데님;원피스,"미샵 - 포블 라운드 블루종 점퍼 (4 color) 포블 라운드 블루종 점퍼 (4 color) (해외배송 가능상품) ( 건) 포블 라운드 블루종 점퍼 (4 color) 39,800원 31,840원 남은시간 1250일 21:39:33 (7,960원 할인) 2024-11-26 12:00 ~ 2029-12-31 12:00 310원 (1%) 재입고 알림 SMS 상품 옵션 컬러 - [필수] 옵션을 선",,66,circumference,,70,,,,,text,"[{""소매길이"": ""70""}, {""가슴둘레"": ""132""}]"
28508,https://www.misharp.co.kr/product/detail.html?product_no=28508,마고 클래식 싱글 자켓,아우터,자켓,100640,폴리에스터100% 원단으로 제작되어 전체적인 실루엣이 깔끔하게 유지됩니다,,55-77,어깨좁음;복부체형,뱃살커버;허리라인보정,클래식;데일리,봄;가을,기본,긴팔,화이트,4050,슬랙스;데님;스커트;니트,"미샵 - 마고 클래식 싱글 자켓 (3 color) 마고 클래식 싱글 자켓 (3 color) (해외배송 가능상품) ( 건) 마고 클래식 싱글 자켓 (3 color) 125,800원 100,640원 남은시간 1250일 21:39:31 (25,160원 할인) 2024-11-26 12:00 ~ 2029-12-31 12:00 1,000원 (1%) 재입고 알림 SMS 상품 옵션 컬러 - [필수] 옵션을",43,53,circumference,50,62,,,,,text,"[{""어깨단면"": ""43""}, {""암홀둘레"": ""50""}, {""소매길이"": ""62""}, {""가슴둘레"": ""106""}]"
27360,https://www.misharp.co.kr/product/detail.html?product_no=27360,브리티 에코 스웨이드 자켓,아우터,자켓,46800,,세미루즈,55-77,어깨좁음,,클래식;페미닌;데일리;오피스룩,봄;가을;겨울,기본,긴팔,화이트;베이지;브라운,4050,슬랙스;데님;스커트;원피스,【텐션좋아서 편해요】 진베이지 1장 마지막 찬스!,46,54,circumference,50,55,,,,,text,"[{""어깨단면"": ""46""}, {""암홀둘레"": ""50""}, {""소매길이"": ""55""}, {""가슴둘레"": ""108""}]"
28494,https://www.misharp.co.kr/product/detail.html?product_no=28494,클로이 스트링 1온스 자켓,아우터,자켓,54800,면 30% / 나일론 70% 혼방으로 매트함과 부드러움이 균형 있게 느껴집니다,,55-77,어깨좁음;복부체형,뱃살커버;허리라인보정,클래식;데일리;오피스룩,봄;가을;겨울,기본,긴팔,베이지,4050,슬랙스;데님,【1온스로 간절기마다 휘뚜루마뚜루】,56,59.5,circumference,45,46.5,,,,,text,"[{""어깨단면"": ""56""}, {""암홀둘레"": ""45""}, {""소매길이"": ""46.5""}, {""가슴둘레"": ""119""}]"
28273,https://www.misharp.co.kr/product/detail.html?product_no=28273,핸드메이드 콤비 후드 다운,아우터,점퍼,141440,울70% 폴리에스터 / 나일론100% 소재이며,레글런핏,55-77,어깨좁음,팔뚝커버,클래식;페미닌;데일리,겨울,기본,레글런소매,블랙,4050,데님;스커트;니트,【울70+캐시미어10 / 덕다운100】,,58,circumference,,71,,,,,text,"[{""소매길이"": ""71""}, {""가슴둘레"": ""116""}]"
27165,https://www.misharp.co.kr/product/detail.html?product_no=27165,2온스 퀼팅 절개 자켓,아우터,자켓,34240,폴리에스터100% 소재입니다,,55-77,어깨좁음;하체통통,뱃살커버,데일리;오피스룩,봄;가을;겨울,크롭,긴팔,블랙;그레이;소라,4050,슬랙스;데님;스커트,【2온스】,50,62,circumference,51,52,,,,,text,"[{""어깨단면"": ""50""}, {""암홀둘레"": ""51""}, {""소매길이"": ""52""}, {""가슴둘레"": ""124""}]"
28019,https://www.misharp.co.kr/product/detail.html?product_no=28019,마일드 오리지널 싱글 자켓,아우터,자켓,59600,폴리에스터96% 스판4% 소재입니다 / 스판4% 소재입니다 / 스판4% 혼용으로 보풀이나 구김에 강하고,정핏,55-77,어깨좁음,허리라인보정,클래식;데일리;오피스룩,,기본,긴팔,블랙;브라운,4050,슬랙스;데님,"미샵 - 마일드 오리지널 싱글 자켓 (3 color) 마일드 오리지널 싱글 자켓 (3 color) (해외배송 가능상품) ( 건) 마일드 오리지널 싱글 자켓 (3 color) 74,500원 59,600원 남은시간 1250일 21:39:24 (14,900원 할인) 2024-11-26 12:00 ~ 2029-12-31 12:00 590원 (1%) 재입고 알림 SMS 상품 옵션 컬러 - [필수] 옵",41,55,circumference,51,57,,,,,text,"[{""어깨단면"": ""41""}, {""암홀둘레"": ""51""}, {""소매길이"": ""57""}, {""가슴둘레"": ""110""}]"
28090,https://www.misharp.co.kr/product/detail.html?product_no=28090,에디트 하프 레글런 벨트 바바리,,,97000,코튼100% 소재입니다,레글런핏,55-77,어깨좁음,팔뚝커버;힙커버;허리라인보정,클래식;데일리,봄;가을;간절기,하프,레글런소매,블랙;베이지,4050,데님,"미샵 - 에디트 하프 레글런 벨트 바바리 (2 color) 에디트 하프 레글런 벨트 바바리 (2 color) (해외배송 가능상품) ( 건) 에디트 하프 레글런 벨트 바바리 (2 color) 138,500원 97,000원 남은시간 1250일 21:39:23 (41,500원 할인) 2017-02-03 00:00 ~ 2029-12-31 12:00 970원 (1%) 재입고 알림 SMS 상품 옵션 컬",,58,circumference,,72,,,,,text,"[{""소매길이"": ""72""}, {""가슴둘레"": ""116""}]"
28079,https://www.misharp.co.kr/product/detail.html?product_no=28079,시티 핀 스트라이프 자켓,아우터,자켓,62800,폴리에스터70% 레이온28% 스판2% 혼용 소재입니다 / 레이온28% 스판2% 혼용 소재입니다 / 스판2% 혼용 소재입니다,오버핏,55-77,어깨좁음,,클래식;페미닌;데일리,겨울,기본,긴팔,,4050,슬랙스;데님;스커트,"미샵 - 시티 핀 스트라이프 자켓 (2 color) 시티 핀 스트라이프 자켓 (2 color) (해외배송 가능상품) ( 건) 시티 핀 스트라이프 자켓 (2 color) 78,500원 62,800원 남은시간 1250일 21:39:21 (15,700원 할인) 2024-11-26 12:00 ~ 2029-12-31 12:00 620원 (1%) 재입고 알림 SMS 상품 옵션 컬러 - [필수] 옵션을",44,55,circumference,50,61,,,,,text,"[{""어깨단면"": ""44""}, {""암홀둘레"": ""50""}, {""소매길이"": ""61""}, {""가슴둘레"": ""110""}]"
28457,https://www.misharp.co.kr/product/detail.html?product_no=28457,드로잉 부클 롱코트,아우터,코트,76640,폴리에스터 70%가 블렌딩된 가볍고 부드러운 부클 소재입니다 / 울 30%와 폴리에스터 70%가 블렌딩된 가볍고 부드러운 부클 소재입니다,슬림핏;레글런핏,55-77,어깨좁음,팔뚝커버;허리라인보정,데일리,겨울,롱,레글런소매,블랙;베이지,4050,슬랙스;데님;스커트,【을30%/ 정말 따스한 부클원단】,,56,circumference,,66,,,,,text,"[{""소매길이"": ""66""}, {""가슴둘레"": ""112""}]"
28433,https://www.misharp.co.kr/product/detail.html?product_no=28433,에코 퍼 하이넥 조끼,,,34700,,,55-77,어깨좁음,허리라인보정,클래식;데일리,봄;가을;겨울,기본,,블랙;아이보리,4050,데님;원피스;니트,【친환경의 에코 fur】 아이보리 1장 라스트 세일,42,56,circumference,56,,,,,,text,"[{""어깨단면"": ""42""}, {""암홀둘레"": ""56""}, {""가슴둘레"": ""112""}]"
28393,https://www.misharp.co.kr/product/detail.html?product_no=28393,소프트 에코퍼 볼륨 무스탕 자켓,아우터,자켓,41900,폴리에스터 100% 에코 퍼 무스탕 소재로 결이 촘촘하고 매끄러워 고급스러운 촉감이 느껴집니다,벌룬소매,55-77,어깨좁음,허리라인보정,클래식;데일리;오피스룩,겨울,기본,긴팔,블랙,4050,슬랙스;데님;원피스;니트,【블랙 1장 남았어요】,56,57,circumference,48,47,,,,,text,"[{""어깨단면"": ""56""}, {""암홀둘레"": ""48""}, {""소매길이"": ""47""}, {""가슴둘레"": ""114""}]"
28298,https://www.misharp.co.kr/product/detail.html?product_no=28298,리버시블 야상 에코 퍼 점퍼,아우터,점퍼,59840,폴리에스터70% 나일론30% 혼용 소재로 부드럽지만 내구성이 좋아 오래 입기 좋습니다 / 폴리에스터70% 나일론30% 혼용 소재이며 / 나일론30% 혼용 소재로 부드럽지만 내구성이 좋아 오래 입기 좋습니다 / 나일론30% 혼용 소재이며,세미루즈,55-77,어깨좁음;하체통통,힙커버,데일리,여름;겨울,기본,반팔,카키,4050,슬랙스;데님;니트,"미샵 - 리버시블 야상 에코 퍼 점퍼 (2 color) 리버시블 야상 에코 퍼 점퍼 (2 color) (해외배송 가능상품) ( 건) 리버시블 야상 에코 퍼 점퍼 (2 color) 74,800원 59,840원 남은시간 1250일 21:39:16 (14,960원 할인) 2024-11-30 12:00 ~ 2029-12-31 12:00 590원 (1%) 재입고 알림 SMS 상품 옵션 컬러 - [필수",53,62.5,circumference,52,54,,,,,text,"[{""어깨단면"": ""53""}, {""암홀둘레"": ""52""}, {""소매길이"": ""54""}, {""가슴둘레"": ""125""}]"
23227,https://www.misharp.co.kr/product/detail.html?product_no=23227,클래식 체크 라운드 코트,아우터,코트,92800,울90%이구요,,55-88,어깨좁음,허리라인보정,클래식;데일리,겨울,기본,긴팔,베이지,4050,데님,★ 특별한인 / 울90 / 브랜드공정 ★,37,54,circumference,52,58,,,,,text,"[{""어깨단면"": ""37""}, {""암홀둘레"": ""52""}, {""소매길이"": ""58""}, {""가슴둘레"": ""108""}]"
24483,https://www.misharp.co.kr/product/detail.html?product_no=24483,르보 보아털 점퍼,아우터,점퍼,98800,,,55-77,어깨좁음,허리라인보정,데일리,겨울,기본,긴팔,아이보리;카키,4050,데님,"미샵 - 르보 보아털 점퍼 (2 color) 르보 보아털 점퍼 (2 color) (해외배송 가능상품) ( 건) 르보 보아털 점퍼 (2 color) 123,500원 98,800원 남은시간 1250일 21:39:13 (24,700원 할인) 2024-11-30 12:00 ~ 2029-12-31 12:00 980원 (1%) 재입고 알림 SMS 상품 옵션 컬러 - [필수] 옵션을 선택해 주세요 - -",42,57,circumference,52,59,,,,,text,"[{""어깨단면"": ""42""}, {""암홀둘레"": ""52""}, {""소매길이"": ""59""}, {""가슴둘레"": ""114""}]"
23115,https://www.misharp.co.kr/product/detail.html?product_no=23115,베르니 패딩,,,78800,,,55-88,어깨좁음;하체통통,힙커버;허리라인보정,클래식;페미닌;데일리;오피스룩,겨울,기본,긴팔,베이지;네이비,4050,데님,【압축 4온스/자켓형 하이엔드 패딩】,39,56,circumference,52,60,,,,,text,"[{""어깨단면"": ""39""}, {""암홀둘레"": ""52""}, {""소매길이"": ""60""}, {""가슴둘레"": ""112""}]"
23234,https://www.misharp.co.kr/product/detail.html?product_no=23234,라프 하프 울 코트,아우터,코트,74500,울70%로 터치감이 기본적으로 좋은데다 원단결의 퀄리티도 충분히 좋아요,오버핏,55-77,어깨좁음,힙커버;허리라인보정,데일리,겨울,하프,긴팔,블랙;그레이;카키,4050,데님,【하이엔드 브랜드 공정 / 울70】,33,47,circumference,49,59,,,,,text,"[{""어깨단면"": ""33""}, {""암홀둘레"": ""49""}, {""소매길이"": ""59""}, {""가슴둘레"": ""94""}]"
23265,https://www.misharp.co.kr/product/detail.html?product_no=23265,N. 에어 울 더블 코트,아우터,코트,172640,울90%이고 제법 원단폭이 큰 디자인인데 / 울90% 혼용의 원단입니다,,55-77,어깨좁음,허리라인보정,데일리,겨울,기본,긴팔,블랙;그레이;네이비,4050,데님,【울90% / 하이엔드 브랜드 공정】,,53.5,circumference,,70,,,,,text,"[{""소매길이"": ""70""}, {""가슴둘레"": ""107""}]"
28266,https://www.misharp.co.kr/product/detail.html?product_no=28266,루퍼 하이넥 핸드메이드 하프 코트,아우터,코트,142800,울90% 나일론10% 혼용 원단입니다 / 나일론10% 혼용 원단입니다,,55-77,어깨좁음;하체통통,뱃살커버;힙커버;허리라인보정,클래식;데일리,겨울,롱,긴팔,브라운,4050,데님,【울90 / 하이엔드 브랜드 공정】,50,59,circumference,58,54,,,,,text,"[{""어깨단면"": ""50""}, {""암홀둘레"": ""58""}, {""소매길이"": ""54""}, {""가슴둘레"": ""118""}]"
27030,https://www.misharp.co.kr/product/detail.html?product_no=27030,클래식 부클 누빔 안감 자켓,아우터,자켓,126800,울90% 나일론10% 혼용 소재로 가볍지만 보온력은 확실하고 / 울90% 나일론10% 혼용 소재입니다 / 나일론10% 혼용 소재로 가볍지만 보온력은 확실하고 / 나일론10% 혼용 소재입니다,세미루즈,55-77,어깨좁음,,클래식;데일리;오피스룩,겨울,기본,긴팔,베이지,4050,슬랙스;데님;니트,【울90 / 2온스 누빔안감】,44,53.5,circumference,52,56,,,,,text,"[{""어깨단면"": ""44""}, {""암홀둘레"": ""52""}, {""소매길이"": ""56""}, {""가슴둘레"": ""107""}]"
28179,https://www.misharp.co.kr/product/detail.html?product_no=28179,코코 라운드넥 4온스 패딩,,,75600,폴리에스터100% 소재입니다,,55-77,어깨좁음,허리라인보정,데일리;오피스룩,,기본,긴팔,카키,4050,데님,【국내생산 / 4온스 / 브랜드원단】,44,51,circumference,50,55,,,,,text,"[{""어깨단면"": ""44""}, {""암홀둘레"": ""50""}, {""소매길이"": ""55""}, {""가슴둘레"": ""102""}]"
21753,https://www.misharp.co.kr/product/detail.html?product_no=21753,폴링 라이트 패딩-사이즈별,,,37440,,정핏,55-77,어깨좁음;복부체형,허리라인보정,데일리;오피스룩,여름;겨울,기본,긴팔,블랙;베이지;핑크,4050,슬랙스;데님;니트,【덕다운100 / 후기50+) 】,38,46,circumference,46,57,,,,,text,"[{""어깨단면"": ""38""}, {""암홀둘레"": ""46""}, {""소매길이"": ""57""}, {""가슴둘레"": ""92""}]"
25705,https://www.misharp.co.kr/product/detail.html?product_no=25705,베르디 핸드메이드 코트,아우터,코트,262800,울90%이면서도 어쩌면 너무 가볍고 너무 부드러울 거예요 / 울90% 이중지 합포 소재이며,,55-77,어깨좁음,허리라인보정,클래식;데일리;오피스룩,겨울,기본,긴팔,베이지,4050,데님,【브랜드납품/이중지 울90%】,45,59,circumference,51,56,,,,,text,"[{""어깨단면"": ""45""}, {""암홀둘레"": ""51""}, {""소매길이"": ""56""}, {""가슴둘레"": ""118""}]"
26245,https://www.misharp.co.kr/product/detail.html?product_no=26245,투 타입 클래식 리본 뮬 샌들,,,56800,,,,4050 여성 일반체형,,클래식;데일리,,기본,,블랙;화이트;브라운,4050,데님,3cm / 5cm 투 타입 / 고퀄리티,,,,,,,,,,,
22613,https://www.misharp.co.kr/product/detail.html?product_no=22613,인견 속바지,팬츠,팬츠,11800,,,,4050 여성 일반체형,,데일리,여름,기본,,블랙;화이트,4050,데님;원피스,"미샵 - 인견 속바지 (3 color) 인견 속바지 (3 color) (해외배송 가능상품) ( 건) 인견 속바지 (3 color) 11,800원 110원 (1%) 재입고 알림 SMS 상품 옵션 컬러-사이즈 - [필수] 옵션을 선택해 주세요 - ------------------- 화이트-L 화이트-XL 스킨-L 스킨-XL 블랙-L 블랙-XL 옵션선택 상품 목록 상품명 상품수 가격 인견 속바지",,,,,,,,,,,
28769,https://www.misharp.co.kr/product/detail.html?product_no=28769,로맨틱 레이어드 밴딩 스커트,원피스/스커트,스커트,21800,,기본라인,,복부체형,허리라인보정,데일리,,기본,없음,블랙;화이트,4050,데님;스커트,"미샵 - 로맨틱 레이어드 밴딩 스커트 (3 color) 로맨틱 레이어드 밴딩 스커트 (3 color) (해외배송 가능상품) ( 건) 로맨틱 레이어드 밴딩 스커트 (3 color) 21,800원 210원 (1%) 재입고 알림 SMS 상품 옵션 컬러 - [필수] 옵션을 선택해 주세요 - ------------------- 화이트 크림 블랙 옵션선택 상품 목록 상품명 상품수 가격 로맨틱 레이어드",,,,,,,,,,,
28898,https://www.misharp.co.kr/product/detail.html?product_no=28898,초경량 플랫폼 쪼리 플립플랍,,,20800,,,,4050 여성 일반체형,,데일리,여름,기본,,블랙;베이지,4050,데님;원피스,【굽높이 3cm / 발가락도 편해요】,,,,,,,,,,,
18492,https://www.misharp.co.kr/product/detail.html?product_no=18492,모리조 백,,,19800,코튼100% 소재입니다,,,4050 여성 일반체형,,클래식;데일리,여름,기본,,블랙;화이트;아이보리,4050,데님,가볍고 반듯하게~ 수납공간은 넓게~,,,,,,,,,,,
28770,https://www.misharp.co.kr/product/detail.html?product_no=28770,크리스피 쾌적 모자,,,25800,,,,4050 여성 일반체형,,데일리,여름,기본,,블랙;화이트;베이지,4050,데님,"미샵 - 크리스피 쾌적 모자 (4 color) 크리스피 쾌적 모자 (4 color) (해외배송 가능상품) ( 건) 크리스피 쾌적 모자 (4 color) 25,800원 250원 (1%) 재입고 알림 SMS 상품 옵션 컬러 - [필수] 옵션을 선택해 주세요 - ------------------- 화이트 베이지 먹 블랙 옵션선택 상품 목록 상품명 상품수 가격 크리스피 쾌적 모자 (4 color)",,,,,,,,,,,
28824,https://www.misharp.co.kr/product/detail.html?product_no=28824,크로스 스트랩 키튼힐 샌들,,,50800,,슬림핏,,4050 여성 일반체형,허리라인보정,데일리;모임룩,여름;겨울,기본,,그레이;네이비;브라운,4050,데님,"미샵 - 크로스 스트랩 키튼힐 샌들 (3 color) 크로스 스트랩 키튼힐 샌들 (3 color) (해외배송 가능상품) ( 건) 크로스 스트랩 키튼힐 샌들 (3 color) 50,800원 500원 (1%) 재입고 알림 SMS 상품 옵션 컬러 - [필수] 옵션을 선택해 주세요 - ------------------- 그레이 브라운 네이비 사이즈 - [필수] 옵션을 선택해 주세요 - -------",,,,,,,,,,,
28697,https://www.misharp.co.kr/product/detail.html?product_no=28697,밸런스 나일론 토트숄더백,,,82500,,,,어깨좁음,허리라인보정,데일리,,기본,,블랙;아이보리,4050,데님,"미샵 - 밸런스 나일론 토트숄더백 (2 color) 밸런스 나일론 토트숄더백 (2 color) (해외배송 가능상품) ( 건) 밸런스 나일론 토트숄더백 (2 color) 82,500원 820원 (1%) 재입고 알림 SMS 상품 옵션 컬러 - [필수] 옵션을 선택해 주세요 - ------------------- 아이보리 블랙 옵션선택 상품 목록 상품명 상품수 가격 밸런스 나일론 토트숄더백 (2",,,,,,,,,,,
20009,https://www.misharp.co.kr/product/detail.html?product_no=20009,내추럴 린넨 와이어 햇,,,27800,,,,하체통통,힙커버,데일리,여름,기본,,베이지,4050,데님,와이어 내장으로 휴대하기에도 좋아요.,,,,,,,,,,,
28749,https://www.misharp.co.kr/product/detail.html?product_no=28749,리니어 사선 린넨 트윌리,,,15800,폴리에스터 70%와 린넨 30%를 혼방하여 린넨 특유의 내추럴한 질감은 살리면서도,민소매핏,,4050 여성 일반체형,,데일리,봄;여름,기본,민소매,블랙;베이지;핑크;네이비;소라,4050,데님,"미샵 - 리니어 사선 린넨 트윌리 (5 color) 리니어 사선 린넨 트윌리 (5 color) (해외배송 가능상품) ( 건) 리니어 사선 린넨 트윌리 (5 color) 15,800원 150원 (1%) 재입고 알림 SMS 상품 옵션 컬러 - [필수] 옵션을 선택해 주세요 - ------------------- 베이지 핑크 소라 네이비 블랙 옵션선택 상품 목록 상품명 상품수 가격 리니어 사선 린",,,,,,,,,,,
28959,https://www.misharp.co.kr/product/detail.html?product_no=28959,에어 데일리 에코백,,,22500,,,,4050 여성 일반체형,,데일리,여름,기본,,블랙;아이보리,4050,데님;원피스,"미샵 - 에어 데일리 에코백 (2 color) 에어 데일리 에코백 (2 color) (해외배송 가능상품) ( 건) 에어 데일리 에코백 (2 color) 22,500원 220원 (1%) 재입고 알림 SMS 상품 옵션 컬러 - [필수] 옵션을 선택해 주세요 - ------------------- 아이보리 블랙 옵션선택 상품 목록 상품명 상품수 가격 에어 데일리 에코백 (2 color) 수량증가",,,,,,,,,,,
28911,https://www.misharp.co.kr/product/detail.html?product_no=28911,글로 메탈 니트백,니트/가디건,니트,32500,,,,4050 여성 일반체형,,데일리,여름,기본,,브라운,4050,데님;원피스;니트,"미샵 - 글로 메탈 니트백 (4 color) 글로 메탈 니트백 (4 color) (해외배송 가능상품) ( 건) 글로 메탈 니트백 (4 color) 32,500원 320원 (1%) 재입고 알림 SMS 상품 옵션 컬러 - [필수] 옵션을 선택해 주세요 - ------------------- 실버 골드 레드 브라운 옵션선택 상품 목록 상품명 상품수 가격 글로 메탈 니트백 (4 color) 수량증가",,,,,,,,,,,
27626,https://www.misharp.co.kr/product/detail.html?product_no=27626,솔리드 쿨 토시,,,14500,,,,4050 여성 일반체형,,데일리,,기본,,블랙;화이트;그레이;핑크,4050,데님,"미샵 - 솔리드 쿨 토시 (6 color) 솔리드 쿨 토시 (6 color) (해외배송 가능상품) ( 건) 솔리드 쿨 토시 (6 color) 14,500원 140원 (1%) 재입고 알림 SMS 상품 옵션 컬러 - [필수] 옵션을 선택해 주세요 - ------------------- 화이트 핑크 스카이 연그레이 진그레이 블랙 옵션선택 상품 목록 상품명 상품수 가격 솔리드 쿨 토시 (6 colo",,,,,,,,,,,
28740,https://www.misharp.co.kr/product/detail.html?product_no=28740,더블 스트랩 웨지 샌들힐,,,52800,,슬림핏,,4050 여성 일반체형,허리라인보정,데일리,겨울,기본,,블랙;아이보리,4050,데님;스커트;원피스,【5cm 안정적인 굽높이】,,,,,,,,,,,
28727,https://www.misharp.co.kr/product/detail.html?product_no=28727,위빙 스트랩 플랫 샌들,,,58500,,슬림핏,,4050 여성 일반체형,허리라인보정,데일리,여름,기본,,블랙;브라운,4050,슬랙스;데님;원피스,"미샵 - 위빙 스트랩 플랫 샌들 (2 color) 위빙 스트랩 플랫 샌들 (2 color) (해외배송 가능상품) ( 건) 위빙 스트랩 플랫 샌들 (2 color) 58,500원 580원 (1%) 재입고 알림 SMS 상품 옵션 컬러 - [필수] 옵션을 선택해 주세요 - ------------------- 브라운 블랙 사이즈 - [필수] 옵션을 선택해 주세요 - ------------------",,,,,,,,,,,
24047,https://www.misharp.co.kr/product/detail.html?product_no=24047,우드 핸들 밤부백,,,74500,,,,4050 여성 일반체형,,데일리;모임룩,여름;겨울,기본,,,4050,데님;원피스,정말 가볍고 고급스러워요.,,,,,,,,,,,
19740,https://www.misharp.co.kr/product/detail.html?product_no=19740,쿨 드라이 덧신,,,3800,,,,4050 여성 일반체형,,데일리,여름,기본,,블랙,4050,데님,오랜 착용에도 쾌적!,,,,,,,,,,,
28793,https://www.misharp.co.kr/product/detail.html?product_no=28793,소가죽 버클 뮬 샌들,,,56500,,슬림핏,,4050 여성 일반체형,허리라인보정,클래식;데일리,,기본,,블랙;화이트;브라운,4050,데님,"미샵 - 소가죽 버클 뮬 샌들 (3 color) 소가죽 버클 뮬 샌들 (3 color) (해외배송 가능상품) ( 건) 소가죽 버클 뮬 샌들 (3 color) 56,500원 560원 (1%) 재입고 알림 SMS 상품 옵션 컬러 - [필수] 옵션을 선택해 주세요 - ------------------- 화이트 브라운 블랙 사이즈 - [필수] 옵션을 선택해 주세요 - -----------------",,,,,,,,,,,
26505,https://www.misharp.co.kr/product/detail.html?product_no=26505,셔링 라인 숄더 가방,,,25800,,,,4050 여성 일반체형,허리라인보정,데일리,겨울,기본,,블랙;핑크;소라,4050,데님,"미샵 - 셔링 라인 숄더 가방 (3 color) 셔링 라인 숄더 가방 (3 color) (해외배송 가능상품) ( 건) 셔링 라인 숄더 가방 (3 color) 25,800원 250원 (1%) 재입고 알림 SMS 상품 옵션 컬러 - [필수] 옵션을 선택해 주세요 - ------------------- 소라 핑크 블랙 옵션선택 상품 목록 상품명 상품수 가격 셔링 라인 숄더 가방 (3 color)",,,,,,,,,,,
26251,https://www.misharp.co.kr/product/detail.html?product_no=26251,더블 라인 지사 모자,,,19500,,,,4050 여성 일반체형,허리라인보정,데일리,,기본,,베이지,4050,데님,"미샵 - 더블 라인 지사 모자 (2 color) 더블 라인 지사 모자 (2 color) (해외배송 가능상품) ( 건) 더블 라인 지사 모자 (2 color) 19,500원 190원 (1%) 재입고 알림 SMS 상품 옵션 컬러 - [필수] 옵션을 선택해 주세요 - ------------------- 연베이지 진베이지 옵션선택 상품 목록 상품명 상품수 가격 더블 라인 지사 모자 (2 color)",,,,,,,,,,,
28783,https://www.misharp.co.kr/product/detail.html?product_no=28783,쿨 메쉬 리본 플랫,,,56800,,슬림핏,,4050 여성 일반체형,허리라인보정,클래식;데일리,겨울,기본,,블랙;아이보리,4050,슬랙스;데님;스커트,【쿠션감 있는 인솔로 발바닥】,,,,,,,,,,,
28742,https://www.misharp.co.kr/product/detail.html?product_no=28742,슬론 린넨 트윌리,,,15800,,,,4050 여성 일반체형,허리라인보정,데일리,여름;겨울,기본,,블랙;네이비;소라,4050,데님,"미샵 - 슬론 린넨 트윌리 (4 color) 슬론 린넨 트윌리 (4 color) (해외배송 가능상품) ( 건) 슬론 린넨 트윌리 (4 color) 15,800원 150원 (1%) 재입고 알림 SMS 상품 옵션 컬러 - [필수] 옵션을 선택해 주세요 - ------------------- 옐로우 소라 네이비 블랙 옵션선택 상품 목록 상품명 상품수 가격 슬론 린넨 트윌리 (4 color) 수량증",,,,,,,,,,,
28750,https://www.misharp.co.kr/product/detail.html?product_no=28750,르베르 모던 미들 샌들,,,44800,,,,하체통통,,데일리;오피스룩,겨울,기본,,블랙;베이지,4050,슬랙스;데님;스커트,"미샵 - 르베르 모던 미들 샌들 (2 color) 르베르 모던 미들 샌들 (2 color) (해외배송 가능상품) ( 건) 르베르 모던 미들 샌들 (2 color) 44,800원 440원 (1%) 재입고 알림 SMS 상품 옵션 컬러 - [필수] 옵션을 선택해 주세요 - ------------------- 베이지 블랙 사이즈 - [필수] 옵션을 선택해 주세요 - ------------------",,,,,,,,,,,
28747,https://www.misharp.co.kr/product/detail.html?product_no=28747,데이지 지사 썬캡,,,18500,,,,4050 여성 일반체형,,페미닌;데일리,여름,기본,,베이지,4050,데님,"미샵 - 데이지 지사 썬캡 (2 color) 데이지 지사 썬캡 (2 color) (해외배송 가능상품) ( 건) 데이지 지사 썬캡 (2 color) 18,500원 180원 (1%) 재입고 알림 SMS 상품 옵션 컬러 - [필수] 옵션을 선택해 주세요 - ------------------- 연베이지 진베이지 옵션선택 상품 목록 상품명 상품수 가격 데이지 지사 썬캡 (2 color) 수량증가 수량",,,,,,,,,,,
28741,https://www.misharp.co.kr/product/detail.html?product_no=28741,지오 린넨 트윌리,,,15800,,민소매핏,,4050 여성 일반체형,,데일리;오피스룩,봄;여름;가을,기본,민소매,블랙;핑크,4050,데님,"미샵 - 지오 린넨 트윌리 (4 color) 지오 린넨 트윌리 (4 color) (해외배송 가능상품) ( 건) 지오 린넨 트윌리 (4 color) 15,800원 150원 (1%) 재입고 알림 SMS 상품 옵션 컬러 - [필수] 옵션을 선택해 주세요 - ------------------- 핑크 블루 그린 블랙 옵션선택 상품 목록 상품명 상품수 가격 지오 린넨 트윌리 (4 color) 수량증가",,,,,,,,,,,
27328,https://www.misharp.co.kr/product/detail.html?product_no=27328,3타입 반달 크로스 가방 - 카키만 진행,팬츠,데님,23500,,,,4050 여성 일반체형,,데일리,,기본,없음,카키,4050,데님,"미샵 - 3타입 반달 크로스 가방 (2color) - 카키만 진행 3타입 반달 크로스 가방 (2color) - 카키만 진행 (해외배송 가능상품) ( 건) 3타입 반달 크로스 가방 (2color) - 카키만 진행 23,500원 230원 (1%) 재입고 알림 SMS 상품 옵션 컬러 - [필수] 옵션을 선택해 주세요 - ------------------- 카키 옵션선택 상품 목록 상품명 상품수 가",,,,,,,,,,,
19739,https://www.misharp.co.kr/product/detail.html?product_no=19739,쿠션 고리 덧신,,,4500,,,,4050 여성 일반체형,허리라인보정,데일리,여름,기본,,블랙;베이지,4050,데님,"고신축의 쿨링 원단, 쿠션 패드!",,,,,,,,,,,
25032,https://www.misharp.co.kr/product/detail.html?product_no=25032,마인 투타입 소가죽 뮬,,,59500,,,,4050 여성 일반체형,,데일리,여름;겨울,기본,,블랙;화이트;브라운,4050,데님,3cm / 5cm / 정말 편안해요,,,,,,,,,,,
26219,https://www.misharp.co.kr/product/detail.html?product_no=26219,무지 실크 파스텔 스카프,,,15800,,,,4050 여성 일반체형,,데일리,,기본,,블랙;그레이;핑크,4050,데님,"미샵 - 무지 실크 파스텔 스카프 (4 color) 무지 실크 파스텔 스카프 (4 color) (해외배송 가능상품) ( 건) 무지 실크 파스텔 스카프 (4 color) 15,800원 150원 (1%) 재입고 알림 SMS 상품 옵션 컬러 - [필수] 옵션을 선택해 주세요 - ------------------- 라이트옐로우 라이트핑크 그레이 블랙 옵션선택 상품 목록 상품명 상품수 가격 무지 실크",,,,,,,,,,,
28676,https://www.misharp.co.kr/product/detail.html?product_no=28676,멀티 포켓 이너백,,,41800,,,,4050 여성 일반체형,,데일리,,기본,,블랙;베이지,4050,데님,"미샵 - 멀티 포켓 이너백 (4 color) 멀티 포켓 이너백 (4 color) (해외배송 가능상품) ( 건) 멀티 포켓 이너백 (4 color) 41,800원 410원 (1%) 재입고 알림 SMS 상품 옵션 컬러 - [필수] 옵션을 선택해 주세요 - ------------------- 베이지 스카이블루 라벤더 블랙 옵션선택 상품 목록 상품명 상품수 가격 멀티 포켓 이너백 (4 color)",,,,,,,,,,,
28670,https://www.misharp.co.kr/product/detail.html?product_no=28670,데일리 나일론 포켓 백팩,,,99800,,,,4050 여성 일반체형,,데일리,,기본,,블랙;베이지,4050,데님,【S / L 두 가지 사이즈】,,,,,,,,,,,
28647,https://www.misharp.co.kr/product/detail.html?product_no=28647,칠톤 코튼 볼캡,,,19800,코튼 100% 소재로 사계절 내내 쾌적하게 착용할 수 있으며 / 코튼100% 소재입니다,,,4050 여성 일반체형,,데일리,,기본,,블랙;핑크,4050,데님,"미샵 - 칠톤 코튼 볼캡 (3 color) 칠톤 코튼 볼캡 (3 color) (해외배송 가능상품) ( 건) 칠톤 코튼 볼캡 (3 color) 19,800원 190원 (1%) 재입고 알림 SMS 상품 옵션 컬러 - [필수] 옵션을 선택해 주세요 - ------------------- 핑크 그린 블랙 옵션선택 상품 목록 상품명 상품수 가격 칠톤 코튼 볼캡 (3 color) 수량증가 수량감소 19",,,,,,,,,,,
22467,https://www.misharp.co.kr/product/detail.html?product_no=22467,리얼 레더 H 슬리퍼,,,52500,,,,4050 여성 일반체형,,데일리,여름;겨울,기본,,블랙;화이트;브라운,4050,데님,백화점 납품의 고퀄리티! / 3cm통굽,,,,,,,,,,,
28678,https://www.misharp.co.kr/product/detail.html?product_no=28678,타임리스 클래식 슬리밍 시계,,,43800,,슬림핏,,4050 여성 일반체형,허리라인보정,클래식;데일리,,기본,,블랙;브라운,4050,데님,"미샵 - 타임리스 클래식 슬리밍 시계 (2 color) 타임리스 클래식 슬리밍 시계 (2 color) (해외배송 가능상품) ( 건) 타임리스 클래식 슬리밍 시계 (2 color) 43,800원 430원 (1%) 재입고 알림 SMS 상품 옵션 컬러 - [필수] 옵션을 선택해 주세요 - ------------------- 브라운 블랙 옵션선택 상품 목록 상품명 상품수 가격 타임리스 클래식 슬리밍",,,,,,,,,,,
28036,https://www.misharp.co.kr/product/detail.html?product_no=28036,블랙 플라워 쉬폰 머플러,,,15800,,,,4050 여성 일반체형,,페미닌;데일리,,기본,,블랙,4050,데님,"미샵 - 블랙 플라워 쉬폰 머플러 (1 color) 블랙 플라워 쉬폰 머플러 (1 color) (해외배송 가능상품) ( 건) 블랙 플라워 쉬폰 머플러 (1 color) 15,800원 150원 (1%) 재입고 알림 SMS 상품 옵션 옵션선택 상품 목록 상품명 상품수 가격 블랙 플라워 쉬폰 머플러 (1 color) 수량증가 수량감소 15800 ( 150 ) 옵션 정보 바로구매 예약주문 SOLD",,,,,,,,,,,
22325,https://www.misharp.co.kr/product/detail.html?product_no=22325,메쉬 쿠션 블로퍼,,,59800,,,,4050 여성 일반체형,,클래식;데일리,봄;여름;가을,기본,,화이트;브라운,4050,데님,굽 2.3cm + 쿠션 1cm,,,,,,,,,,,
25966,https://www.misharp.co.kr/product/detail.html?product_no=25966,블랙 펄 목걸이,,,12800,,,,4050 여성 일반체형,,데일리,,기본,,블랙,4050,데님,4가지 사이즈,,,,,,,,,,,
28646,https://www.misharp.co.kr/product/detail.html?product_no=28646,클래식 에나멜 투톤 펌프스,,,50800,,,,4050 여성 일반체형,,클래식;페미닌;데일리;오피스룩,,기본,,블랙;화이트;베이지,4050,슬랙스;데님;스커트,【3cm 안정적인 굽높이】,,,,,,,,,,,
27909,https://www.misharp.co.kr/product/detail.html?product_no=27909,라피네 레터링 밴딩 버클 썬캡,,,34500,,,,4050 여성 일반체형,,데일리,,기본,,블랙,4050,데님,머리 눌림 없이 자외선 차단,,,,,,,,,,,
27327,https://www.misharp.co.kr/product/detail.html?product_no=27327,프레시 린넨 스트라이프 머플러,,,16800,,,,4050 여성 일반체형,허리라인보정,데일리,여름,기본,,아이보리;베이지;네이비;소라,4050,데님;스커트,"미샵 - 프레시 린넨 스트라이프 머플러 (6 color) 프레시 린넨 스트라이프 머플러 (6 color) (해외배송 가능상품) ( 건) 프레시 린넨 스트라이프 머플러 (6 color) 16,800원 160원 (1%) 재입고 알림 SMS 상품 옵션 컬러 - [필수] 옵션을 선택해 주세요 - ------------------- 아이보리 소라 베이지 그린 모카 네이비 옵션선택 상품 목록 상품명 상",,,,,,,,,,,
24067,https://www.misharp.co.kr/product/detail.html?product_no=24067,데일리 심플 진주 네크리스,팬츠,데님,12800,,,,4050 여성 일반체형,,데일리,여름;겨울,기본,없음,,4050,데님,5mm의 미니한 진주 / 사계절 내내,,,,,,,,,,,
28648,https://www.misharp.co.kr/product/detail.html?product_no=28648,오브텐 코튼 볼캡,,,19800,코튼100% 소재입니다,,,4050 여성 일반체형,,클래식;데일리,여름,기본,,블랙;베이지;브라운,4050,데님,"미샵 - 오브텐 코튼 볼캡 (4 color) 오브텐 코튼 볼캡 (4 color) (해외배송 가능상품) ( 건) 오브텐 코튼 볼캡 (4 color) 19,800원 190원 (1%) 재입고 알림 SMS 상품 옵션 컬러 - [필수] 옵션을 선택해 주세요 - ------------------- 베이지 블루 브라운 블랙 옵션선택 상품 목록 상품명 상품수 가격 오브텐 코튼 볼캡 (4 color) 수량증",,,,,,,,,,,
28596,https://www.misharp.co.kr/product/detail.html?product_no=28596,프레임 실크 필링 머플러,,,14800,,,,4050 여성 일반체형,허리라인보정,데일리,봄;가을;겨울,기본,,블랙;아이보리,4050,데님,"미샵 - 프레임 실크 필링 머플러 (2 color) 프레임 실크 필링 머플러 (2 color) (해외배송 가능상품) ( 건) 프레임 실크 필링 머플러 (2 color) 14,800원 140원 (1%) 재입고 알림 SMS 상품 옵션 컬러 - [필수] 옵션을 선택해 주세요 - ------------------- 아이보리 블랙 옵션선택 상품 목록 상품명 상품수 가격 프레임 실크 필링 머플러 (2",,,,,,,,,,,
27326,https://www.misharp.co.kr/product/detail.html?product_no=27326,보들 스퀘어 실크 스카프,,,23800,,,,4050 여성 일반체형,,데일리,,기본,,브라운,4050,데님,"미샵 - 보들 스퀘어 실크 스카프 (2 color) 보들 스퀘어 실크 스카프 (2 color) (해외배송 가능상품) ( 건) 보들 스퀘어 실크 스카프 (2 color) 23,800원 230원 (1%) 재입고 알림 SMS 상품 옵션 컬러 - [필수] 옵션을 선택해 주세요 - ------------------- 파스텔 퍼플 라이트 브라운 옵션선택 상품 목록 상품명 상품수 가격 보들 스퀘어 실크",,,,,,,,,,,
27594,https://www.misharp.co.kr/product/detail.html?product_no=27594,라운드 페미닌 소가죽 벨트,,,28500,,,,4050 여성 일반체형,,페미닌;데일리,,기본,,블랙;아이보리,4050,데님,"미샵 - 라운드 페미닌 소가죽 벨트 (3 color) 라운드 페미닌 소가죽 벨트 (3 color) (해외배송 가능상품) ( 건) 라운드 페미닌 소가죽 벨트 (3 color) 28,500원 280원 (1%) 재입고 알림 SMS 상품 옵션 컬러 - [필수] 옵션을 선택해 주세요 - ------------------- 아이보리 에토프 블랙 옵션선택 상품 목록 상품명 상품수 가격 라운드 페미닌 소가",,,,,,,,,,,
27273,https://www.misharp.co.kr/product/detail.html?product_no=27273,보들 롱 실크 스카프,,,19800,,,,4050 여성 일반체형,,데일리,겨울,롱,,네이비;카키;소라,4050,데님,"미샵 - 보들 롱 실크 스카프 (5 color) 보들 롱 실크 스카프 (5 color) (해외배송 가능상품) ( 건) 보들 롱 실크 스카프 (5 color) 19,800원 190원 (1%) 재입고 알림 SMS 상품 옵션 컬러 - [필수] 옵션을 선택해 주세요 - ------------------- 라이트옐로우 연카키 레드 네이비 소라 옵션선택 상품 목록 상품명 상품수 가격 보들 롱 실크 스카",,,,,,,,,,,
28593,https://www.misharp.co.kr/product/detail.html?product_no=28593,미니 러플 도트 크루 삭스,,,4800,,,,4050 여성 일반체형,,데일리,,기본,,블랙;화이트,4050,데님,"미샵 - 미니 러플 도트 크루 삭스 (2 color) 미니 러플 도트 크루 삭스 (2 color) (해외배송 가능상품) ( 건) 미니 러플 도트 크루 삭스 (2 color) 4,800원 40원 (1%) 재입고 알림 SMS 상품 옵션 컬러 - [필수] 옵션을 선택해 주세요 - ------------------- 화이트 블랙 옵션선택 상품 목록 상품명 상품수 가격 미니 러플 도트 크루 삭스 (2",,,,,,,,,,,
23740,https://www.misharp.co.kr/product/detail.html?product_no=23740,메쉬 밴딩 메리제인 슈즈,,,44800,,,,4050 여성 일반체형,,데일리,겨울,기본,,블랙;베이지,4050,데님;원피스,【굽 3cm / 대박 착화감】,,,,,,,,,,,
28526,https://www.misharp.co.kr/product/detail.html?product_no=28526,로그 패턴 롬버스 머플러,,,12800,,,,4050 여성 일반체형,허리라인보정,데일리,봄;가을;겨울,기본,,그레이,4050,데님,"미샵 - 로그 패턴 롬버스 머플러 (3 color) 로그 패턴 롬버스 머플러 (3 color) (해외배송 가능상품) ( 건) 로그 패턴 롬버스 머플러 (3 color) 12,800원 120원 (1%) 재입고 알림 SMS 상품 옵션 컬러 - [필수] 옵션을 선택해 주세요 - ------------------- 그린 그레이 스틸블루 옵션선택 상품 목록 상품명 상품수 가격 로그 패턴 롬버스 머플러",,,,,,,,,,,
28577,https://www.misharp.co.kr/product/detail.html?product_no=28577,니트 메리제인 플랫슈즈,니트/가디건,니트,48500,,,,4050 여성 일반체형,,페미닌;데일리,,기본,,블랙;베이지,4050,슬랙스;데님;원피스;니트,【속굽 포함 3cm / 쫀쫀 편안한 니트】,,,,,,,,,,,
23474,https://www.misharp.co.kr/product/detail.html?product_no=23474,와이드 캡 모자,,,23800,,,,하체통통,,클래식;데일리,여름,기본,,블랙;베이지,4050,데님,【솔리드 원단으로 재입고】,,,,,,,,,,,
27279,https://www.misharp.co.kr/product/detail.html?product_no=27279,도트 코튼 스카프,,,12800,,,,4050 여성 일반체형,,데일리,,기본,,블랙;화이트,4050,데님,"미샵 - 도트 코튼 스카프 (4 color) 도트 코튼 스카프 (4 color) (해외배송 가능상품) ( 건) 도트 코튼 스카프 (4 color) 12,800원 120원 (1%) 재입고 알림 SMS 상품 옵션 컬러 - [필수] 옵션을 선택해 주세요 - ------------------- 화이트 라이트 옐로우 레드 블랙 옵션선택 상품 목록 상품명 상품수 가격 도트 코튼 스카프 (4 color)",,,,,,,,,,,
26119,https://www.misharp.co.kr/product/detail.html?product_no=26119,모던 배색 트윌리,,,12800,,,,4050 여성 일반체형,,데일리,,기본,,아이보리;베이지;핑크;네이비,4050,데님,"미샵 - 모던 배색 트윌리 (4 color) 모던 배색 트윌리 (4 color) (해외배송 가능상품) ( 건) 모던 배색 트윌리 (4 color) 12,800원 120원 (1%) 재입고 알림 SMS 상품 옵션 컬러 - [필수] 옵션을 선택해 주세요 - ------------------- 아이보리 베이지 핑크 네이비 옵션선택 상품 목록 상품명 상품수 가격 모던 배색 트윌리 (4 color) 수",,,,,,,,,,,
28563,https://www.misharp.co.kr/product/detail.html?product_no=28563,로우 블록힐 메리제인 슈즈,,,52800,,,,4050 여성 일반체형,,클래식;데일리;모임룩,겨울,기본,,,4050,데님,【5.5cm 굽의 키높이 효과】,,,,,,,,,,,
24667,https://www.misharp.co.kr/product/detail.html?product_no=24667,데일리 다나 백,,,62800,,,77-77,어깨좁음,,데일리,,기본,,블랙;베이지,4050,데님,소모품많은 출근Bag / (안)공간별 포켓5개,,,,,,,,,,,
28558,https://www.misharp.co.kr/product/detail.html?product_no=28558,벤 골지 프릴 삭스,,,6500,,,,4050 여성 일반체형,,데일리,,기본,,아이보리;브라운,4050,데님,"미샵 - 벤 골지 프릴 삭스 (3 color) 벤 골지 프릴 삭스 (3 color) (해외배송 가능상품) ( 건) 벤 골지 프릴 삭스 (3 color) 6,500원 60원 (1%) 재입고 알림 SMS 상품 옵션 컬러 - [필수] 옵션을 선택해 주세요 - ------------------- 아이보리 브라운 옵션선택 상품 목록 상품명 상품수 가격 벤 골지 프릴 삭스 (3 color) 수량증가 수",,,,,,,,,,,
28549,https://www.misharp.co.kr/product/detail.html?product_no=28549,데이 미니 바게트백,,,50800,,,,4050 여성 일반체형,,데일리,,기본,,블랙;아이보리;베이지;핑크,4050,데님,"미샵 - 데이 미니 바게트백 (5 color) 데이 미니 바게트백 (5 color) (해외배송 가능상품) ( 건) 데이 미니 바게트백 (5 color) 50,800원 500원 (1%) 재입고 알림 SMS 상품 옵션 컬러 - [필수] 옵션을 선택해 주세요 - ------------------- 아이보리 라이트옐로우 인디핑크 연베이지 블랙 옵션선택 상품 목록 상품명 상품수 가격 데이 미니 바게트",,,,,,,,,,,
27382,https://www.misharp.co.kr/product/detail.html?product_no=27382,리본 슬링백 미들 스틸레토 슈즈,,,49800,,,,4050 여성 일반체형,,데일리,,기본,,블랙;베이지,4050,데님,"미샵 - 리본 슬링백 미들 스틸레토 슈즈 (2 color) 리본 슬링백 미들 스틸레토 슈즈 (2 color) (해외배송 가능상품) ( 건) 리본 슬링백 미들 스틸레토 슈즈 (2 color) 49,800원 490원 (1%) 재입고 알림 SMS 상품 옵션 컬러-사이즈 - [필수] 옵션을 선택해 주세요 - ------------------- 크림베이지-230 크림베이지-235 크림베이지-240 크",,,,,,,,,,,
27766,https://www.misharp.co.kr/product/detail.html?product_no=27766,케이 미니멀 원석 목걸이,,,18500,,,,4050 여성 일반체형,,데일리,,기본,,블랙,4050,데님,【사계절 내내】,,,,,,,,,,,
27375,https://www.misharp.co.kr/product/detail.html?product_no=27375,말랑 양가죽 리본 로퍼,,,72500,,,,4050 여성 일반체형,,데일리,겨울,기본,,블랙;브라운,4050,데님,무지외반증 OK / 사계절 내내,,,,,,,,,,,
28530,https://www.misharp.co.kr/product/detail.html?product_no=28530,벨벳 캐시미어 리버시블 롱 머플러,,,15800,,,,4050 여성 일반체형,허리라인보정,클래식;데일리,봄;가을;겨울,롱,,베이지;그레이,4050,데님;니트,벨벳 캐시미어 핸들,,,,,,,,,,,
18420,https://www.misharp.co.kr/product/detail.html?product_no=18420,프리미엄 150D 스타킹,,,13800,,,,4050 여성 일반체형,,데일리,겨울,기본,,블랙,4050,데님,진심 굿 퀄리티!,,,,,,,,,,,
28106,https://www.misharp.co.kr/product/detail.html?product_no=28106,아르테 플로우 실크 스카프,,,24800,,,,4050 여성 일반체형,,데일리,,기본,,,4050,데님,"미샵 - 아르테 플로우 실크 스카프 (1 color) 아르테 플로우 실크 스카프 (1 color) (해외배송 가능상품) ( 건) 아르테 플로우 실크 스카프 (1 color) 24,800원 240원 (1%) 재입고 알림 SMS 상품 옵션 옵션선택 상품 목록 상품명 상품수 가격 아르테 플로우 실크 스카프 (1 color) 수량증가 수량감소 24800 ( 240 ) 옵션 정보 바로구매 예약주문 S",,,,,,,,,,,
28071,https://www.misharp.co.kr/product/detail.html?product_no=28071,2타입 프렌치 프릴 삭스,,,4800,,,,4050 여성 일반체형,,데일리,,롱,,블랙;화이트,4050,데님,"미샵 - 2타입 프렌치 프릴 삭스 (2 color) 2타입 프렌치 프릴 삭스 (2 color) (해외배송 가능상품) ( 건) 2타입 프렌치 프릴 삭스 (2 color) 4,800원 40원 (1%) 재입고 알림 SMS 상품 옵션 타입-컬러 - [필수] 옵션을 선택해 주세요 - ------------------- 미디움-화이트 미디움-블랙 롱-화이트 롱-블랙 옵션선택 상품 목록 상품명 상품수 가",,,,,,,,,,,
27118,https://www.misharp.co.kr/product/detail.html?product_no=27118,프릴 페이크 카라,,,17500,폴리에스터95% 스판5% 혼용 소재입니다 / 스판5% 혼용 소재입니다,,55-77,어깨좁음,허리라인보정,클래식;데일리,봄,기본,,블랙;화이트,4050,데님;원피스;니트,"미샵 - 프릴 페이크 카라 (2 color) 프릴 페이크 카라 (2 color) (해외배송 가능상품) ( 건) 프릴 페이크 카라 (2 color) 17,500원 170원 (1%) 재입고 알림 SMS 상품 옵션 컬러 - [필수] 옵션을 선택해 주세요 - ------------------- 화이트 블랙 옵션선택 상품 목록 상품명 상품수 가격 프릴 페이크 카라 (2 color) 수량증가 수량감소",35,,,,,,,,,text,"[{""어깨단면"": ""35""}]"
22380,https://www.misharp.co.kr/product/detail.html?product_no=22380,심플 울실크 스카프,,,29800,,,,4050 여성 일반체형,허리라인보정,데일리,봄;여름;겨울,기본,,블랙;아이보리,4050,데님,"미샵 - 심플 울실크 스카프 (2 color) 심플 울실크 스카프 (2 color) (해외배송 가능상품) ( 건) 심플 울실크 스카프 (2 color) 29,800원 290원 (1%) 재입고 알림 SMS 상품 옵션 컬러 - [필수] 옵션을 선택해 주세요 - ------------------- 아이보리 블랙 옵션선택 상품 목록 상품명 상품수 가격 심플 울실크 스카프 (2 color) 수량증가",,,,,,,,,,,
28521,https://www.misharp.co.kr/product/detail.html?product_no=28521,투웨이 나일론 토트/ 숄더 백,,,68500,,,,4050 여성 일반체형,,데일리,,기본,,블랙;아이보리;베이지,4050,데님,【파우치 내장 / (안)공간별 포켓5개】,,,,,,,,,,,
25997,https://www.misharp.co.kr/product/detail.html?product_no=25997,모노 페이크 카라,,,18500,,,,4050 여성 일반체형,,클래식;데일리,봄;겨울,기본,,블랙;화이트,4050,데님;니트,링클프리 / 밴딩 사이즈 조절,,,,,,,,,,,
24175,https://www.misharp.co.kr/product/detail.html?product_no=24175,양가죽 소프트 로퍼,,,74800,,,,4050 여성 일반체형,허리라인보정,데일리,,기본,,블랙;브라운,4050,데님,【무지외반증도 OK】,,,,,,,,,,,
28015,https://www.misharp.co.kr/product/detail.html?product_no=28015,머드 셔링 립 롱 삭스,,,5800,,,,4050 여성 일반체형,허리라인보정,데일리,,롱,,블랙;베이지;브라운,4050,데님,"미샵 - 머드 셔링 립 롱 삭스 (5 color) 머드 셔링 립 롱 삭스 (5 color) (해외배송 가능상품) ( 건) 머드 셔링 립 롱 삭스 (5 color) 5,800원 50원 (1%) 재입고 알림 SMS 상품 옵션 컬러 - [필수] 옵션을 선택해 주세요 - ------------------- 베이지 브라운 차콜 블랙 옵션선택 상품 목록 상품명 상품수 가격 머드 셔링 립 롱 삭스 (5",,,,,,,,,,,
28507,https://www.misharp.co.kr/product/detail.html?product_no=28507,로브 플라워 벨벳 핸들 머플러,,,12800,,,,4050 여성 일반체형,,페미닌;데일리,,기본,,네이비;브라운,4050,데님,【구김 없이 부드럽고 포근】,,,,,,,,,,,
26014,https://www.misharp.co.kr/product/detail.html?product_no=26014,스마일 쫀쫀 삭스,,,3800,,,,4050 여성 일반체형,,데일리,겨울,기본,,블랙;화이트;베이지,4050,데님,"쫀쫀, 고퀄리티",,,,,,,,,,,
25853,https://www.misharp.co.kr/product/detail.html?product_no=25853,클래식 소가죽 벨트,,,37800,,,,복부체형,,클래식;데일리,겨울,기본,,블랙;브라운,4050,데님,"미샵 - 클래식 소가죽 벨트 (3 color) 클래식 소가죽 벨트 (3 color) (해외배송 가능상품) ( 건) 클래식 소가죽 벨트 (3 color) 37,800원 370원 (1%) 재입고 알림 SMS 상품 옵션 컬러 - [필수] 옵션을 선택해 주세요 - ------------------- 브라운 블랙 옵션선택 상품 목록 상품명 상품수 가격 클래식 소가죽 벨트 (3 color) 수량증가 수",,,,,,,,,,,
28437,https://www.misharp.co.kr/product/detail.html?product_no=28437,내추럴 소가죽 스니커즈,,,54800,,,,4050 여성 일반체형,,데일리,,기본,,블랙;화이트;아이보리;브라운,4050,데님,3cm 키높이 굽 / 쿠션 밑창,,,,,,,,,,,
28207,https://www.misharp.co.kr/product/detail.html?product_no=28207,모브 리본 밴드 스니커즈,,,72500,,,,4050 여성 일반체형,,데일리,,기본,,블랙;그레이;브라운,4050,데님,쿠션 깔창 내장,,,,,,,,,,,
25490,https://www.misharp.co.kr/product/detail.html?product_no=25490,모던 페니 로퍼,,,63800,,,,4050 여성 일반체형,,데일리,,기본,,블랙;브라운,4050,데님,수제화 공정 / 수입가죽,,,,,,,,,,,
27972,https://www.misharp.co.kr/product/detail.html?product_no=27972,벨라 리본 스틸레토 슬링백,,,56500,,,,4050 여성 일반체형,,데일리,,기본,,블랙;베이지,4050,데님,"미샵 - 벨라 리본 스틸레토 슬링백 (2 color) 벨라 리본 스틸레토 슬링백 (2 color) (해외배송 가능상품) ( 건) 벨라 리본 스틸레토 슬링백 (2 color) 56,500원 560원 (1%) 재입고 알림 SMS 상품 옵션 컬러 - [필수] 옵션을 선택해 주세요 - ------------------- 베이지 블랙 사이즈 - [필수] 옵션을 선택해 주세요 - ------------",,,,,,,,,,,
25456,https://www.misharp.co.kr/product/detail.html?product_no=25456,베이직 골지 니 삭스,,,5800,,,,4050 여성 일반체형,,데일리,봄;가을;겨울,기본,,블랙,4050,데님,스타킹보다 가볍고 간편하게,,,,,,,,,,,
27933,https://www.misharp.co.kr/product/detail.html?product_no=27933,투스트랩 미들 스틸레토 슈즈,,,39600,,,,4050 여성 일반체형,,데일리,,기본,,브라운,4050,데님,"미샵 - 투스트랩 미들 스틸레토 슈즈 (2 color) 투스트랩 미들 스틸레토 슈즈 (2 color) (해외배송 가능상품) ( 건) 투스트랩 미들 스틸레토 슈즈 (2 color) 56,500원 39,600원 남은시간 1250일 21:37:01 (16,900원 할인) 2017-02-03 00:00 ~ 2029-12-31 12:00 390원 (1%) 재입고 알림 SMS 상품 옵션 컬러-사이즈 -",,,,,,,,,,,
24497,https://www.misharp.co.kr/product/detail.html?product_no=24497,말랑 골지 삭스,,,5800,,,,4050 여성 일반체형,,데일리,겨울,기본,,블랙;아이보리;베이지;그레이,4050,데님,말랑/폭신/따뜻,,,,,,,,,,,
27023,https://www.misharp.co.kr/product/detail.html?product_no=27023,라이즈 체크 머플러,,,16500,,,,4050 여성 일반체형,,데일리,,기본,,블랙,4050,데님,"미샵 - 라이즈 체크 머플러 (3 color) 라이즈 체크 머플러 (3 color) (해외배송 가능상품) ( 건) 라이즈 체크 머플러 (3 color) 23,500원 16,500원 남은시간 1250일 21:36:58 (7,000원 할인) 2017-01-12 00:00 ~ 2029-12-31 12:00 160원 (1%) 재입고 알림 SMS 상품 옵션 컬러 - [필수] 옵션을 선택해 주세요 -",,,,,,,,,,,
25707,https://www.misharp.co.kr/product/detail.html?product_no=25707,리치 웜허그 기모 양말,,,4500,,,,4050 여성 일반체형,,데일리,겨울,기본,,블랙;브라운,4050,데님,"미샵 - 리치 웜허그 기모 양말 (4 color) 리치 웜허그 기모 양말 (4 color) (해외배송 가능상품) ( 건) 리치 웜허그 기모 양말 (4 color) 4,500원 40원 (1%) 재입고 알림 SMS 상품 옵션 컬러 - [필수] 옵션을 선택해 주세요 - ------------------- 오트밀 브라운 차콜 블랙 옵션선택 상품 목록 상품명 상품수 가격 리치 웜허그 기모 양말 (4",,,,,,,,,,,
28262,https://www.misharp.co.kr/product/detail.html?product_no=28262,소프트 다이아 페이스 넥 워머,,,13900,,,55-55,4050 여성 일반체형,,데일리,,기본,,베이지,4050,데님,"미샵 - 소프트 다이아 페이스 넥 워머 (3 color) 소프트 다이아 페이스 넥 워머 (3 color) (해외배송 가능상품) ( 건) 소프트 다이아 페이스 넥 워머 (3 color) 19,800원 13,900원 남은시간 1250일 21:36:55 (5,900원 할인) 2017-01-12 00:00 ~ 2029-12-31 12:00 130원 (1%) 재입고 알림 SMS 상품 옵션 컬러 - [",,,,,,,,,,,
23011,https://www.misharp.co.kr/product/detail.html?product_no=23011,모드 울100 머플러,,,22800,,,,4050 여성 일반체형,,데일리,겨울,기본,,블랙;아이보리;그레이;브라운,4050,데님,"미샵 - 모드 울100 머플러 (7 color) 모드 울100 머플러 (7 color) (해외배송 가능상품) ( 건) 모드 울100 머플러 (7 color) 28,500원 22,800원 남은시간 1250일 21:36:53 (5,700원 할인) 2024-11-30 12:00 ~ 2029-12-31 12:00 220원 (1%) 재입고 알림 SMS 상품 옵션 컬러 - [필수] 옵션을 선택해 주세요",,,,,,,,,,,
27012,https://www.misharp.co.kr/product/detail.html?product_no=27012,소가죽 기모 안감 스니커즈,,,48900,,,,4050 여성 일반체형,,데일리,겨울,기본,,블랙,4050,데님,3cm 키높이 / 안감 기모,,,,,,,,,,,
28159,https://www.misharp.co.kr/product/detail.html?product_no=28159,로열 체크 울100 머플러,,,16000,,,,4050 여성 일반체형,,데일리,겨울,기본,,,4050,데님,"미샵 - 로열 체크 울100 머플러 (6 color) 로열 체크 울100 머플러 (6 color) (해외배송 가능상품) ( 건) 로열 체크 울100 머플러 (6 color) 22,800원 16,000원 남은시간 1250일 21:36:50 (6,800원 할인) 2017-01-12 00:00 ~ 2029-12-31 12:00 160원 (1%) 재입고 알림 SMS 상품 옵션 컬러 - [필수] 옵션",,,,,,,,,,,
23206,https://www.misharp.co.kr/product/detail.html?product_no=23206,폭스 퍼 고리 워머,,,30000,,,,4050 여성 일반체형,,데일리,겨울,기본,,베이지;그레이,4050,데님,간편한 고리 타입,,,,,,,,,,,
28243,https://www.misharp.co.kr/product/detail.html?product_no=28243,리니어 모던 스웨이드 미들부츠,,,45200,,,,4050 여성 일반체형,,데일리,,기본,,베이지,4050,데님,"미샵 - 리니어 모던 스웨이드 미들부츠 (3 color) 리니어 모던 스웨이드 미들부츠 (3 color) (해외배송 가능상품) ( 건) 리니어 모던 스웨이드 미들부츠 (3 color) 64,500원 45,200원 남은시간 1250일 21:36:48 (19,300원 할인) 2017-01-12 00:00 ~ 2029-12-31 12:00 450원 (1%) 재입고 알림 SMS 상품 옵션 컬러-사이",,,,,,,,,,,
28195,https://www.misharp.co.kr/product/detail.html?product_no=28195,C 패턴 소프트 기모 머플러,,,13900,,,,4050 여성 일반체형,,데일리,겨울,기본,,블랙,4050,데님,"미샵 - C 패턴 소프트 기모 머플러 (3 color) C 패턴 소프트 기모 머플러 (3 color) (해외배송 가능상품) ( 건) C 패턴 소프트 기모 머플러 (3 color) 19,800원 13,900원 남은시간 1250일 21:36:46 (5,900원 할인) 2017-01-12 00:00 ~ 2029-12-31 12:00 130원 (1%) 재입고 알림 SMS 상품 옵션 컬러 - [필수]",,,,,,,,,,,
21811,https://www.misharp.co.kr/product/detail.html?product_no=21811,베이직 쿠셔닝 로퍼,,,26400,,,,4050 여성 일반체형,,데일리,겨울,기본,,블랙;아이보리;베이지,4050,데님;원피스,폭신폭신 전체 쿠셔닝!,,,,,,,,,,,
28172,https://www.misharp.co.kr/product/detail.html?product_no=28172,소프트 벌룬 스웨이드 백,,,24900,,벌룬소매,,4050 여성 일반체형,,데일리,,기본,벌룬소매,브라운,4050,데님,"미샵 - 소프트 벌룬 스웨이드 백 (2 color) 소프트 벌룬 스웨이드 백 (2 color) (해외배송 가능상품) ( 건) 소프트 벌룬 스웨이드 백 (2 color) 49,800원 24,900원 남은시간 1250일 21:36:43 (24,900원 할인) 2017-02-03 00:00 ~ 2029-12-31 12:00 240원 (1%) 재입고 알림 SMS 상품 옵션 컬러 - [필수] 옵션을",,,,,,,,,,,
28249,https://www.misharp.co.kr/product/detail.html?product_no=28249,토브 기모 롬버스 양면 머플러,,,17400,,,,4050 여성 일반체형,,데일리,겨울,기본,,블랙,4050,데님,유연하게 착 감기는 실루엣,,,,,,,,,,,
27819,https://www.misharp.co.kr/product/detail.html?product_no=27819,로프 파우치 가방,,,20900,,,55-55,4050 여성 일반체형,,데일리,,기본,,블랙;베이지,4050,데님,"미샵 - 로프 파우치 가방 (3 color) 로프 파우치 가방 (3 color) (해외배송 가능상품) ( 건) 로프 파우치 가방 (3 color) 29,800원 20,900원 남은시간 155일 09:31:40 (8,900원 할인) 2017-02-21 00:00 ~ 2026-12-31 23:55 200원 (1%) 재입고 알림 SMS 상품 옵션 컬러 - [필수] 옵션을 선택해 주세요 - ----",,,,,,,,,,,
25440,https://www.misharp.co.kr/product/detail.html?product_no=25440,세이 리본 플랫 슈즈,,,36100,,,,4050 여성 일반체형,,클래식;데일리,겨울,기본,,아이보리,4050,데님,2cm굽 / 편안한 착화감,,,,,,,,,,,
27600,https://www.misharp.co.kr/product/detail.html?product_no=27600,스트롱 컬러 토트 가방,,,13900,,,55-55,4050 여성 일반체형,,데일리,,롱,,핑크,4050,데님,"【때타지 않고, 물기도 쓱쓱 닦으면 돼요】",,,,,,,,,,,
24296,https://www.misharp.co.kr/product/detail.html?product_no=24296,스포티 3선 삭스,,,2700,,,,4050 여성 일반체형,,데일리,,기본,,블랙,4050,데님,"미샵 - 스포티 3선 삭스 (2 color) 스포티 3선 삭스 (2 color) (해외배송 가능상품) ( 건) 스포티 3선 삭스 (2 color) 3,800원 2,700원 남은시간 1250일 21:36:36 (1,100원 할인) 2017-02-03 00:00 ~ 2029-12-31 12:00 20원 (1%) 재입고 알림 SMS 상품 옵션 컬러 - [필수] 옵션을 선택해 주세요 - ------",,,,,,,,,,,
28376,https://www.misharp.co.kr/product/detail.html?product_no=28376,에임 소프트 코듀로이 캡 모자,,,19800,,,,4050 여성 일반체형,,데일리,,기본,,블랙;베이지;핑크;네이비,4050,데님,"미샵 - 에임 소프트 코듀로이 캡 모자 (4 color) 에임 소프트 코듀로이 캡 모자 (4 color) (해외배송 가능상품) ( 건) 에임 소프트 코듀로이 캡 모자 (4 color) 19,800원 190원 (1%) 재입고 알림 SMS 상품 옵션 컬러 - [필수] 옵션을 선택해 주세요 - ------------------- 핑크 베이지 네이비 블랙 옵션선택 상품 목록 상품명 상품수 가격 에임",,,,,,,,,,,
26906,https://www.misharp.co.kr/product/detail.html?product_no=26906,시보리 골지 컬러 목도리,,,22800,,,,4050 여성 일반체형,,데일리,겨울,기본,,,4050,데님,"【1,000장 판매돌파】",,,,,,,,,,,
19261,https://www.misharp.co.kr/product/detail.html?product_no=19261,소프트 에어 밍크 유발 타이즈,,,12800,,,77-66,4050 여성 일반체형,허리라인보정,데일리,겨울,기본,,,4050,데님;스커트,고퀄리티 / 다리를 매끈하게!,,,,,,,,,,,
24399,https://www.misharp.co.kr/product/detail.html?product_no=24399,2타입 베이직 앵클 부츠,,,58800,,,,4050 여성 일반체형,,데일리,겨울,기본,,블랙;아이보리;베이지;브라운;카키,4050,데님;스커트,융기모 / 텐션 스판,,,,,,,,,,,
27993,https://www.misharp.co.kr/product/detail.html?product_no=27993,메건 소프트 메쉬 숄더백 / 파우치 내장,,,54500,,,,4050 여성 일반체형,,데일리,,기본,,블랙;아이보리;브라운,4050,데님,"미샵 - 메건 소프트 메쉬 숄더백 (4 color) / 파우치 내장 메건 소프트 메쉬 숄더백 (4 color) / 파우치 내장 (해외배송 가능상품) ( 건) 메건 소프트 메쉬 숄더백 (4 color) / 파우치 내장 54,500원 540원 (1%) 재입고 알림 SMS 상품 옵션 컬러 - [필수] 옵션을 선택해 주세요 - ------------------- 브라운 블랙 딥블루 아이보리 옵션선택",,,,,,,,,,,
28058,https://www.misharp.co.kr/product/detail.html?product_no=28058,블랙 링 오브제 목걸이,,,39800,,,,4050 여성 일반체형,,데일리,,기본,,블랙,4050,데님,"미샵 - 블랙 링 오브제 목걸이 (1 color) 블랙 링 오브제 목걸이 (1 color) (해외배송 가능상품) ( 건) 블랙 링 오브제 목걸이 (1 color) 39,800원 390원 (1%) 재입고 알림 SMS 상품 옵션 옵션선택 상품 목록 상품명 상품수 가격 블랙 링 오브제 목걸이 (1 color) 수량증가 수량감소 39800 ( 390 ) 옵션 정보 바로구매 예약주문 SOLD OUT",,,,,,,,,,,
28218,https://www.misharp.co.kr/product/detail.html?product_no=28218,C 웜톤 코듀로이 캡 모자,,,19800,,,,4050 여성 일반체형,,데일리,,기본,,핑크,4050,데님,"미샵 - C 웜톤 코듀로이 캡 모자 (4 color) C 웜톤 코듀로이 캡 모자 (4 color) (해외배송 가능상품) ( 건) C 웜톤 코듀로이 캡 모자 (4 color) 19,800원 190원 (1%) 재입고 알림 SMS 상품 옵션 컬러 - [필수] 옵션을 선택해 주세요 - ------------------- 바닐라 인디핑크 그린 먹 옵션선택 상품 목록 상품명 상품수 가격 C 웜톤 코듀로",,,,,,,,,,,
20525,https://www.misharp.co.kr/product/detail.html?product_no=20525,데일리 울 머플러,,,19800,,,,4050 여성 일반체형,,클래식;데일리,겨울,기본,,블랙;핑크,4050,데님,가볍고 포근해요,,,,,,,,,,,
19278,https://www.misharp.co.kr/product/detail.html?product_no=19278,테리 압박 기모 스타킹,,,14800,,,99-99,복부체형,뱃살커버;허리라인보정,데일리,겨울,기본,,,4050,데님,기모 안감 / 부드러운 압박,,,,,,,,,,,
26833,https://www.misharp.co.kr/product/detail.html?product_no=26833,소가죽 심플 블랙 앵클,,,78500,,,,4050 여성 일반체형,,데일리,,기본,,블랙,4050,데님;스커트,고퀄리티 수제화 공정,,,,,,,,,,,
17786,https://www.misharp.co.kr/product/detail.html?product_no=17786,기모 스타킹 삭스-스테디셀러,,,3800,,,,4050 여성 일반체형,,데일리,여름;겨울,기본,,블랙,4050,데님,5000장 누적판매!!(후기130+),,,,,,,,,,,
26883,https://www.misharp.co.kr/product/detail.html?product_no=26883,투 타입 스웨이드 클로그,,,63500,,,,4050 여성 일반체형,,데일리,겨울,기본,,베이지,4050,데님,"미샵 - 투 타입 스웨이드 클로그 (3 color) 투 타입 스웨이드 클로그 (3 color) (해외배송 가능상품) ( 건) 투 타입 스웨이드 클로그 (3 color) 63,500원 630원 (1%) 재입고 알림 SMS 상품 옵션 컬러-사이즈 - [필수] 옵션을 선택해 주세요 - ------------------- 베이지-235 옵션선택 상품 목록 상품명 상품수 가격 투 타입 스웨이드 클로그",,,,,,,,,,,
26690,https://www.misharp.co.kr/product/detail.html?product_no=26690,프렌치 리본타이 로퍼,,,39800,,,,4050 여성 일반체형,,데일리,,기본,,브라운,4050,데님,"미샵 - 프렌치 리본타이 로퍼 (2 color) 프렌치 리본타이 로퍼 (2 color) (해외배송 가능상품) ( 건) 프렌치 리본타이 로퍼 (2 color) 56,800원 39,800원 남은시간 1250일 21:36:17 (17,000원 할인) 2017-02-03 00:00 ~ 2029-12-31 12:00 390원 (1%) 재입고 알림 SMS 상품 옵션 컬러-사이즈 - [필수] 옵션을 선택",,,,,,,,,,,
27937,https://www.misharp.co.kr/product/detail.html?product_no=27937,모노 텐셀 삼각 스카프,,,13500,,,,4050 여성 일반체형,,데일리,,기본,,블랙;아이보리,4050,데님,"미샵 - 모노 텐셀 삼각 스카프 (2 color) 모노 텐셀 삼각 스카프 (2 color) (해외배송 가능상품) ( 건) 모노 텐셀 삼각 스카프 (2 color) 13,500원 130원 (1%) 재입고 알림 SMS 상품 옵션 컬러 - [필수] 옵션을 선택해 주세요 - ------------------- 아이보리 블랙 옵션선택 상품 목록 상품명 상품수 가격 모노 텐셀 삼각 스카프 (2 colo",,,,,,,,,,,
27633,https://www.misharp.co.kr/product/detail.html?product_no=27633,미니멀 크로스 뮬 샌들,,,47800,,,,4050 여성 일반체형,,데일리,,기본,,블랙;브라운,4050,데님,"미샵 - 미니멀 크로스 뮬 샌들 (2 color) 미니멀 크로스 뮬 샌들 (2 color) (해외배송 가능상품) ( 건) 미니멀 크로스 뮬 샌들 (2 color) 47,800원 470원 (1%) 재입고 알림 SMS 상품 옵션 컬러-사이즈 - [필수] 옵션을 선택해 주세요 - ------------------- 브라운-230 브라운-235 브라운-240 브라운-245 브라운-250 블랙-230",,,,,,,,,,,
27528,https://www.misharp.co.kr/product/detail.html?product_no=27528,베이직 쪼리 플리플랍,,,39500,,,,4050 여성 일반체형,,데일리,,기본,,블랙;화이트;베이지;브라운,4050,데님,"미샵 - 베이직 쪼리 플리플랍 (4 color) 베이직 쪼리 플리플랍 (4 color) (해외배송 가능상품) ( 건) 베이직 쪼리 플리플랍 (4 color) 39,500원 390원 (1%) 재입고 알림 SMS 상품 옵션 컬러-사이즈 - [필수] 옵션을 선택해 주세요 - ------------------- 화이트-230 화이트-235 화이트-240 화이트-245 화이트-250 베이지-230 베",,,,,,,,,,,
18393,https://www.misharp.co.kr/product/detail.html?product_no=18393,베이직 데일리 덧신,,,3800,,,,4050 여성 일반체형,,데일리,봄;여름;가을,기본,,블랙;화이트;그레이;핑크;카키,4050,데님,"미샵 - 베이직 데일리 덧신 (6 color) 베이직 데일리 덧신 (6 color) (해외배송 가능상품) ( 건) 베이직 데일리 덧신 (6 color) 3,800원 30원 (1%) 재입고 알림 SMS 상품 옵션 컬러 - [필수] 옵션을 선택해 주세요 - ------------------- 화이트 블랙 인디핑크 카키 옵션선택 상품 목록 상품명 상품수 가격 베이직 데일리 덧신 (6 color)",,,,,,,,,,,
25454,https://www.misharp.co.kr/product/detail.html?product_no=25454,토비 라이트 스니커즈,,,48500,,,,4050 여성 일반체형,,데일리,가을;겨울,기본,,블랙;베이지,4050,슬랙스;데님;스커트,폭신하고 유연한 착화감,,,,,,,,,,,
21743,https://www.misharp.co.kr/product/detail.html?product_no=21743,롤리 컬러 삭스,,,2500,,,,4050 여성 일반체형,,데일리,봄;가을;간절기,롱,,블랙;베이지;핑크,4050,데님;스커트,원단 정말 좋아요!,,,,,,,,,,,
26125,https://www.misharp.co.kr/product/detail.html?product_no=26125,뉴트럴 매쉬 호보백,,,39800,,,,4050 여성 일반체형,,데일리,겨울,기본,,핑크,4050,데님,고퀄리티 / 파우치 세트,,,,,,,,,,,
13077,https://www.misharp.co.kr/product/detail.html?product_no=13077,매그 W 61 [따스한 안기모],,,12000,,정핏,55-77,복부체형,허리라인보정,클래식;데일리;오피스룩,겨울,기본,,블랙;브라운,4050,데님,[3 color] 명품 프라D 스타일의 깔끔한 겨울 포멀라인,,,,,,,,,,,
20547,https://www.misharp.co.kr/product/detail.html?product_no=20547,매그 W 333 슬랙스,팬츠,슬랙스,27000,,일자핏;슬림핏,77-88,복부체형,허리라인보정,데일리,봄;여름;겨울,기본,없음,블랙;그레이,4050,슬랙스;데님;니트,(안기모) 다리가 길어보이는 슬랙스,,,,,,,,,,,
20500,https://www.misharp.co.kr/product/detail.html?product_no=20500,스웨이드 플랫,,,18400,,,,4050 여성 일반체형,,데일리,,기본,,핑크,4050,데님,"미샵 - 스웨이드 플랫 (4 color) 스웨이드 플랫 (4 color) (해외배송 가능상품) ( 건) 스웨이드 플랫 (4 color) 36,800원 18,400원 남은시간 1250일 21:36:01 (18,400원 할인) 2017-01-12 00:00 ~ 2029-12-31 12:00 180원 (1%) 재입고 알림 SMS 상품 옵션 컬러-사이즈 - [필수] 옵션을 선택해 주세요 - ----",,,,,,,,,,,
27660,https://www.misharp.co.kr/product/detail.html?product_no=27660,클래식 웨지 쪼리 샌들,,,26400,,,55-55,4050 여성 일반체형,,클래식;데일리,,기본,,블랙;화이트;브라운,4050,데님,"미샵 - 클래식 웨지 쪼리 샌들 (3 color) 클래식 웨지 쪼리 샌들 (3 color) (해외배송 가능상품) ( 건) 클래식 웨지 쪼리 샌들 (3 color) 52,800원 26,400원 남은시간 155일 09:31:00 (26,400원 할인) 2017-02-21 00:00 ~ 2026-12-31 23:55 260원 (1%) 재입고 알림 SMS 상품 옵션 컬러-사이즈 - [필수] 옵션을",,,,,,,,,,,
28423,https://www.misharp.co.kr/product/detail.html?product_no=28423,투웨이 기모 핀턱 스웻 팬츠,팬츠,팬츠,34500,면100% 소재에 기모 안감 처리로 부드럽고 따뜻한 착용감을 자랑합니다,와이드핏;밴딩핏;핀턱핏,55-66반,복부체형;하체통통,힙커버;허리라인보정,클래식;데일리,겨울,기본,없음,블랙;그레이;브라운,4050,슬랙스;데님;니트,【코튼40/안기모/스트링활용의 두 스타일】,,,,,,,,,,,
28282,https://www.misharp.co.kr/product/detail.html?product_no=28282,메리 울 머플러 니트,니트/가디건,니트,30700,울10% 나일론,,55-77,어깨좁음,,클래식;데일리;오피스룩;모임룩,겨울,기본,긴팔,블랙;아이보리,4050,슬랙스;데님;스커트;니트,【울10 / 목까지 따뜻해지는 웜니트】,39,50.5,circumference,44,61,,,,,text,"[{""어깨단면"": ""39""}, {""암홀둘레"": ""44""}, {""소매길이"": ""61""}, {""가슴둘레"": ""101""}]"
28148,https://www.misharp.co.kr/product/detail.html?product_no=28148,브루쉘 메리노울 핸드메이트 코트,아우터,코트,142800,울 100%로 제작된 이번 시즌의 하이라이트 코트입니다 / 울 100% 소재로 제작되어 가볍지만 뛰어난 보온성과 포근한 착용감을 자랑합니다,,55-77,어깨좁음;하체통통,힙커버;허리라인보정,데일리,겨울,기본,긴팔,블랙,4050,데님;스커트;니트,"미샵 - 브루쉘 메리노울 핸드메이트 코트 (2 color) 브루쉘 메리노울 핸드메이트 코트 (2 color) (해외배송 가능상품) ( 건) 브루쉘 메리노울 핸드메이트 코트 (2 color) 178,500원 142,800원 남은시간 1250일 21:35:55 (35,700원 할인) 2024-11-30 12:00 ~ 2029-12-31 12:00 1,420원 (1%) 재입고 알림 SMS 상품 옵",,61,circumference,,70,,,,,text,"[{""소매길이"": ""70""}, {""가슴둘레"": ""122""}]"
28011,https://www.misharp.co.kr/product/detail.html?product_no=28011,키링 이너 나시 세트 체크 셔츠,블라우스/셔츠,셔츠,29800,코튼100% 소재입니다,민소매핏,55-77,어깨좁음;하체통통,,클래식;데일리,,크롭,민소매,브라운,4050,데님,"미샵 - 키링 이너 나시 세트 체크 셔츠 (2 color) 키링 이너 나시 세트 체크 셔츠 (2 color) (해외배송 가능상품) ( 건) 키링 이너 나시 세트 체크 셔츠 (2 color) 42,500원 29,800원 남은시간 1250일 21:35:54 (12,700원 할인) 2017-02-03 00:00 ~ 2029-12-31 12:00 290원 (1%) 재입고 알림 SMS 상품 옵션 컬러",30.5,39,circumference,46,56,,,,,text,"[{""어깨단면"": ""30.5""}, {""암홀둘레"": ""46""}, {""소매길이"": ""56""}, {""가슴둘레"": ""78""}]"
27984,https://www.misharp.co.kr/product/detail.html?product_no=27984,F. 링슬럽 밴딩 세미 와이드 데님,팬츠,데님,54500,,세미와이드핏;와이드핏;일자핏;슬림핏;밴딩핏,66-99,복부체형;하체통통,뱃살커버;힙커버,데일리,,롱,없음,,4050,슬랙스;데님,【프리미엄 소프트 RING 슬럽사 】,,,,,,,,,,,
27876,https://www.misharp.co.kr/product/detail.html?product_no=27876,베이서 링거 레터링 반팔 티셔츠,블라우스/셔츠,셔츠,18800,면70% 폴리에스터30% 혼용 소재로 피부에 부드럽게 닿으면서도 구김과 변형이 적어 관리가 편리합니다 / 폴리에스터30% 혼용 소재로 피부에 부드럽게 닿으면서도 구김과 변형이 적어 관리가 편리합니다,정핏,55-66반,어깨좁음,,클래식;데일리,여름,기본,반팔,그레이,4050,슬랙스;데님;스커트,"미샵 - 베이서 링거 레터링 반팔 티셔츠 (2 color) 베이서 링거 레터링 반팔 티셔츠 (2 color) (해외배송 가능상품) ( 건) 베이서 링거 레터링 반팔 티셔츠 (2 color) 23,500원 18,800원 남은시간 886일 09:30:51 (4,700원 할인) 2022-08-24 00:00 ~ 2028-12-31 23:55 180원 (1%) 재입고 알림 SMS 상품 옵션 컬러 -",45,49,circumference,36,19.5,,,,,text,"[{""어깨단면"": ""45""}, {""암홀둘레"": ""36""}, {""소매길이"": ""19.5""}, {""가슴둘레"": ""98""}]"
27793,https://www.misharp.co.kr/product/detail.html?product_no=27793,로망 쿨 와이드 슬랙스,팬츠,슬랙스,30000,폴리에스터95% 스판5% 혼용 소재입니다 / 스판5% 혼용 소재입니다,와이드핏;밴딩핏;핀턱핏,55-77,복부체형;하체통통,힙커버;허리라인보정,클래식;데일리,여름,기본,없음,블랙,4050,슬랙스;데님,"미샵 - 로망 쿨 와이드 슬랙스 (3 color) 로망 쿨 와이드 슬랙스 (3 color) (해외배송 가능상품) ( 건) 로망 쿨 와이드 슬랙스 (3 color) 42,800원 30,000원 남은시간 155일 09:30:49 (12,800원 할인) 2017-02-21 00:00 ~ 2026-12-31 23:55 300원 (1%) 재입고 알림 SMS 상품 옵션 컬러 - [필수] 옵션을 선택해",,,,,,,,,,,
27625,https://www.misharp.co.kr/product/detail.html?product_no=27625,매그 S 629 슬랙스,팬츠,슬랙스,25100,폴리에스터95% 스판5% 혼용 소재입니다 / 스판5% 혼용 소재입니다,부츠컷;슬림핏;정핏,55-99,복부체형;하체통통,뱃살커버;힙커버;허리라인보정,데일리;오피스룩,여름,기본,없음,블랙;화이트;베이지,4050,슬랙스;데님,★ SS제작 팬츠 181 ★,,,,,,,,,,,
27624,https://www.misharp.co.kr/product/detail.html?product_no=27624,던스 노카라 린넨 8부 자켓,아우터,자켓,64300,,민소매핏,55-77,어깨좁음;하체통통,허리라인보정,클래식;데일리;오피스룩,여름,기본,민소매,그레이,4050,슬랙스;데님,【브랜드공정 / 린넨100】,36,52,circumference,54,48,,,,,text,"[{""어깨단면"": ""36""}, {""암홀둘레"": ""54""}, {""소매길이"": ""48""}, {""가슴둘레"": ""104""}]"
27518,https://www.misharp.co.kr/product/detail.html?product_no=27518,리벳 세미 배기핏 크림 팬츠,팬츠,팬츠,32100,코튼100% 소재입니다,배기핏,66-88,복부체형;하체통통,뱃살커버;힙커버;허리라인보정,데일리,여름,기본,없음,,4050,데님,"미샵 - 리벳 세미 배기핏 크림 팬츠 (1 color) 리벳 세미 배기핏 크림 팬츠 (1 color) (해외배송 가능상품) ( 건) 리벳 세미 배기핏 크림 팬츠 (1 color) 45,800원 32,100원 남은시간 1250일 21:35:45 (13,700원 할인) 2017-02-03 00:00 ~ 2029-12-31 12:00 320원 (1%) 재입고 알림 SMS 상품 옵션 사이즈 - [필",,,,,,,,,,,
27387,https://www.misharp.co.kr/product/detail.html?product_no=27387,매그 S 611 슬랙스,팬츠,슬랙스,24400,폴리에스터90% 스판10% 혼용 소재입니다 / 스판10% 혼용 소재입니다,일자핏;슬림핏,44-88,복부체형;하체통통,힙커버,클래식;데일리,겨울,기본,없음,블랙;베이지;네이비,4050,슬랙스;데님,★ SS제작 팬츠 143 ★,,,,,,,,,,,
27353,https://www.misharp.co.kr/product/detail.html?product_no=27353,꽃 자수 긴팔 맨투맨,티셔츠,티셔츠,25100,코튼100% 쭈리 소재입니다,루즈핏;드롭숄더,55-77,어깨좁음,,데일리,,기본,드롭숄더,그레이,4050,데님;스커트,"미샵 - 꽃 자수 긴팔 맨투맨 (2 color) 꽃 자수 긴팔 맨투맨 (2 color) (해외배송 가능상품) ( 건) 꽃 자수 긴팔 맨투맨 (2 color) 35,800원 25,100원 남은시간 1250일 21:35:42 (10,700원 할인) 2017-02-03 00:00 ~ 2029-12-31 12:00 250원 (1%) 재입고 알림 SMS 상품 옵션 컬러 - [필수] 옵션을 선택해 주세",57,60,circumference,42,50,,,,,text,"[{""어깨단면"": ""57""}, {""암홀둘레"": ""42""}, {""소매길이"": ""50""}, {""가슴둘레"": ""120""}]"
27321,https://www.misharp.co.kr/product/detail.html?product_no=27321,뮤드 링클프리 트랜치 점퍼,아우터,점퍼,68500,,루즈핏,55-77,어깨좁음;복부체형,허리라인보정,데일리;오피스룩,봄;가을;간절기,롱,긴팔,아이보리;베이지,4050,데님,【바바리처럼 / 사파리처럼】,54.5,66,circumference,51,55,,,,,text,"[{""어깨단면"": ""54.5""}, {""암홀둘레"": ""51""}, {""소매길이"": ""55""}, {""가슴둘레"": ""132""}]"
27292,https://www.misharp.co.kr/product/detail.html?product_no=27292,하이브리드 와이드 밴딩 데님,팬츠,데님,36800,,와이드핏;밴딩핏;핀턱핏,55-77,복부체형;하체통통,힙커버;허리라인보정,데일리,겨울,기본,없음,,4050,데님,"미샵 - 하이브리드 와이드 밴딩 데님 (1 color) 하이브리드 와이드 밴딩 데님 (1 color) (해외배송 가능상품) ( 건) 하이브리드 와이드 밴딩 데님 (1 color) 52,500원 36,800원 남은시간 1250일 21:35:39 (15,700원 할인) 2017-02-03 00:00 ~ 2029-12-31 12:00 360원 (1%) 재입고 알림 SMS 상품 옵션 사이즈 - [필",,,,,,,,,,,
27187,https://www.misharp.co.kr/product/detail.html?product_no=27187,로아나 케이블 브이 니트,니트/가디건,니트,17900,폴리에스터80% 아크릴20% 혼용 니트입니다,정핏,55-66반,어깨좁음,,클래식;데일리;오피스룩,봄;가을;겨울,기본,긴팔,핑크,4050,슬랙스;데님;니트,"미샵 - 로아나 케이블 브이 니트 (3 color) 로아나 케이블 브이 니트 (3 color) (해외배송 가능상품) ( 건) 로아나 케이블 브이 니트 (3 color) 25,500원 17,900원 남은시간 1250일 21:35:37 (7,600원 할인) 2017-01-12 00:00 ~ 2029-12-31 12:00 170원 (1%) 재입고 알림 SMS 상품 옵션 컬러 - [필수] 옵션을 선",36,44.5,circumference,43,59,,,,,text,"[{""어깨단면"": ""36""}, {""암홀둘레"": ""43""}, {""소매길이"": ""59""}, {""가슴둘레"": ""89""}]"
27169,https://www.misharp.co.kr/product/detail.html?product_no=27169,매그 S 595 슬랙스,팬츠,슬랙스,21800,폴리에스터93% / 스판7% 혼용 소재입니다,부츠컷;슬림핏;밴딩핏;정핏,55-88,복부체형;하체통통,힙커버;허리라인보정,클래식;데일리;오피스룩,봄;가을;간절기,기본,없음,블랙;화이트;베이지;핑크,4050,슬랙스;데님;니트,★ SS제작 팬츠 120 ★,,,,,,,,,,,
27136,https://www.misharp.co.kr/product/detail.html?product_no=27136,헤비 웰론 하이넥 패딩 조끼,,,30700,나일론100% 소재입니다,,55-77,어깨좁음,,데일리;오피스룩,봄;가을;겨울,기본,,아이보리,4050,데님,"미샵 - 헤비 웰론 하이넥 패딩 조끼 (2 color) 헤비 웰론 하이넥 패딩 조끼 (2 color) (해외배송 가능상품) ( 건) 헤비 웰론 하이넥 패딩 조끼 (2 color) 43,800원 30,700원 남은시간 1250일 21:35:34 (13,100원 할인) 2017-01-12 00:00 ~ 2029-12-31 12:00 300원 (1%) 재입고 알림 SMS 상품 옵션 컬러 - [필수",47,70,circumference,50,,,,,,text,"[{""어깨단면"": ""47""}, {""암홀둘레"": ""50""}, {""가슴둘레"": ""140""}]"
27122,https://www.misharp.co.kr/product/detail.html?product_no=27122,파리스 자수 니트,니트/가디건,니트,20640,폴리에스터80% 아크릴20% 혼용 니트입니다,정핏,55-66반,어깨좁음,,클래식;데일리;오피스룩,봄;가을;겨울,기본,긴팔,네이비,4050,슬랙스;데님;니트,"미샵 - 파리스 자수 니트 (3 color) 파리스 자수 니트 (3 color) (해외배송 가능상품) ( 건) 파리스 자수 니트 (3 color) 25,800원 20,640원 남은시간 1250일 21:35:33 (5,160원 할인) 2024-11-30 12:00 ~ 2029-12-31 12:00 200원 (1%) 재입고 알림 SMS 상품 옵션 컬러 - [필수] 옵션을 선택해 주세요 - ---",,46,circumference,,69,,,,,text,"[{""소매길이"": ""69""}, {""가슴둘레"": ""92""}]"
27107,https://www.misharp.co.kr/product/detail.html?product_no=27107,윈터 노르딕 니트,니트/가디건,니트,27900,나일론40% 혼용 니트입니다,,55-77,어깨좁음;하체통통,힙커버,데일리;오피스룩,겨울,기본,긴팔,소라,4050,슬랙스;데님;니트,"미샵 - 윈터 노르딕 니트 (3 color) 윈터 노르딕 니트 (3 color) (해외배송 가능상품) ( 건) 윈터 노르딕 니트 (3 color) 39,800원 27,900원 남은시간 1250일 21:35:32 (11,900원 할인) 2017-01-12 00:00 ~ 2029-12-31 12:00 270원 (1%) 재입고 알림 SMS 상품 옵션 컬러 - [필수] 옵션을 선택해 주세요 - --",,56,circumference,,78,,,,,text,"[{""소매길이"": ""78""}, {""가슴둘레"": ""112""}]"
27090,https://www.misharp.co.kr/product/detail.html?product_no=27090,매그 W 437 슬랙스,팬츠,슬랙스,27200,폴리에스터79% 레이온,세미와이드핏;와이드핏,55-77,복부체형;하체통통,힙커버,페미닌;데일리,겨울,롱,없음,블랙;베이지;그레이;핑크;브라운,4050,슬랙스;데님;니트,★ FW제작 팬츠 116 ★,,,,,,,,,,,
27089,https://www.misharp.co.kr/product/detail.html?product_no=27089,니트 후드 세트 크리미 패딩,아우터,점퍼,57800,,,55-77,어깨좁음,,클래식;데일리;오피스룩,겨울,기본,긴팔,베이지,4050,데님;니트,【사이즈별제작/후드탈부착】,,55,circumference,,68,,,,,text,"[{""소매길이"": ""68""}, {""가슴둘레"": ""110""}]"
27036,https://www.misharp.co.kr/product/detail.html?product_no=27036,노블 컬러 루즈핏 니트,니트/가디건,니트,30700,울10% 폴리에스터 혼용 니트입니다,루즈핏,55-77,어깨좁음,,데일리,겨울,기본,긴팔,,4050,데님;니트,"미샵 - 노블 컬러 루즈핏 니트 (4 color) 노블 컬러 루즈핏 니트 (4 color) (해외배송 가능상품) ( 건) 노블 컬러 루즈핏 니트 (4 color) 43,800원 30,700원 남은시간 1250일 21:35:27 (13,100원 할인) 2017-01-12 00:00 ~ 2029-12-31 12:00 300원 (1%) 재입고 알림 SMS 상품 옵션 컬러 - [필수] 옵션을 선택해",48,52,circumference,57,57,,,,,text,"[{""어깨단면"": ""48""}, {""암홀둘레"": ""57""}, {""소매길이"": ""57""}, {""가슴둘레"": ""104""}]"
27018,https://www.misharp.co.kr/product/detail.html?product_no=27018,이브 핀턱 플레어 스커트 / 사이즈별,원피스/스커트,스커트,41000,폴리에스터60% 레이온,플레어핏,55-66,복부체형;하체통통,힙커버,페미닌;데일리;오피스룩;모임룩,겨울,기본,없음,블랙,4050,데님;스커트;니트,【사이즈별 제작】,,,,,,,,,,,
26999,https://www.misharp.co.kr/product/detail.html?product_no=26999,몽뉴 라쿤 터틀 니트,니트/가디건,니트,55040,울40% 혼용의 헤어리한 결과 높은 보온력의 니트이며 / 울40% 혼용의 니트입니다,정핏;레글런핏,55-77,어깨좁음,팔뚝커버;허리라인보정,클래식;데일리,겨울,기본,레글런소매,베이지;브라운;카키,4050,데님;니트,【라쿤15% / 울40% 】,,51,circumference,,70,,,,,text,"[{""소매길이"": ""70""}, {""가슴둘레"": ""102""}]"
26974,https://www.misharp.co.kr/product/detail.html?product_no=26974,N. 논페이드 배기핏 기모 데님,팬츠,데님,38200,코튼98% 스판2% 혼용 소재입니다 / 스판2% 혼용 소재입니다,배기핏;테이퍼드핏,66-77,복부체형;하체통통,힙커버,클래식;데일리,겨울,기본,없음,,4050,데님;니트,【안기모/친환경적 논페이드 염료】,,,,,,,,,,,
26922,https://www.misharp.co.kr/product/detail.html?product_no=26922,라이트 피치 기모 코튼 팬츠,팬츠,팬츠,20700,코튼97% 스판3% 혼용 소재입니다 / 스판3% 혼용 소재입니다,일자핏;배기핏;슬림핏;세미루즈,44-99,복부체형;하체통통,힙커버;허리라인보정,데일리,봄;가을;겨울,기본,없음,블랙;베이지,4050,데님;니트,【겉피치/얇은 안기모/최고의 편안함】,,,,,,,,,,,
26867,https://www.misharp.co.kr/product/detail.html?product_no=26867,올가 W 419 면팬츠,팬츠,팬츠,34700,코튼97% 스판3% 혼용 소재입니다 / 스판3% 혼용 소재입니다,와이드핏;일자핏,55-99,복부체형;하체통통,힙커버,데일리,가을;겨울,롱,없음,블랙;베이지,4050,슬랙스;데님,★ FW제작 팬츠 95 ★ 【얇은 안기모】,,,,,,,,,,,
26771,https://www.misharp.co.kr/product/detail.html?product_no=26771,케이트 플레어 셔츠 트랜치,블라우스/셔츠,셔츠,53800,코튼 100%소재입니다,,55-77,어깨좁음;하체통통,힙커버;허리라인보정,클래식;데일리;오피스룩,가을,기본,긴팔,브라운,4050,슬랙스;데님;원피스,"미샵 - 케이트 플레어 셔츠 트랜치 (2 color) 케이트 플레어 셔츠 트랜치 (2 color) (해외배송 가능상품) ( 건) 케이트 플레어 셔츠 트랜치 (2 color) 76,800원 53,800원 남은시간 1250일 21:35:18 (23,000원 할인) 2017-02-03 00:00 ~ 2029-12-31 12:00 530원 (1%) 재입고 알림 SMS 상품 옵션 컬러 - [필수] 옵",38,58,circumference,48,59,,,,,text,"[{""어깨단면"": ""38""}, {""암홀둘레"": ""48""}, {""소매길이"": ""59""}, {""가슴둘레"": ""116""}]"
26735,https://www.misharp.co.kr/product/detail.html?product_no=26735,글리 뷔스티에 세트 블라우스,블라우스/셔츠,블라우스,39600,레이온40% 텐셀30% 혼용 소재입니다,민소매핏,55-66반,어깨좁음;하체통통,힙커버,페미닌;데일리,,기본,민소매,브라운,4050,데님,"미샵 - 글리 뷔스티에 세트 블라우스 (2 color) 글리 뷔스티에 세트 블라우스 (2 color) (해외배송 가능상품) ( 건) 글리 뷔스티에 세트 블라우스 (2 color) 56,500원 39,600원 남은시간 155일 09:30:17 (16,900원 할인) 2017-02-21 00:00 ~ 2026-12-31 23:55 390원 (1%) 재입고 알림 SMS 상품 옵션 컬러 - [필수]",53,46,circumference,52,62,,,,,text,"[{""어깨단면"": ""53""}, {""암홀둘레"": ""52""}, {""소매길이"": ""62""}, {""가슴둘레"": ""92""}]"
26717,https://www.misharp.co.kr/product/detail.html?product_no=26717,베라 F 171 데님,팬츠,데님,34000,코튼97% 스판3% 소재입니다 / 스판3% 혼용으로 골반과 다리라인 편안하게! 같은 데님이더라도 포멀한 라인의 옷들과도 매치가 좋고 / 스판3% 소재입니다,일자핏;슬림핏;루즈핏,55-88,복부체형;하체통통,힙커버;허리라인보정,클래식;데일리;오피스룩,봄;가을;간절기,롱,없음,,4050,슬랙스;데님,★ SS제작 팬츠 142 ★,,,,,,,,,,,
26676,https://www.misharp.co.kr/product/detail.html?product_no=26676,투 포켓 스트링 셔츠 자켓,아우터,자켓,39800,레이온71% 나일론29% 혼용 소재입니다 / 나일론29% 혼용 소재입니다,,55-77,어깨좁음;하체통통,,데일리;오피스룩,봄;여름;가을,크롭,긴팔,브라운;카키,4050,데님;스커트,"미샵 - 투 포켓 스트링 셔츠 자켓 (2 color) 투 포켓 스트링 셔츠 자켓 (2 color) (해외배송 가능상품) ( 건) 투 포켓 스트링 셔츠 자켓 (2 color) 56,800원 39,800원 남은시간 1250일 21:35:14 (17,000원 할인) 2017-02-03 00:00 ~ 2029-12-31 12:00 390원 (1%) 재입고 알림 SMS 상품 옵션 컬러 - [필수] 옵",49,59,circumference,52,51,,,,,text,"[{""어깨단면"": ""49""}, {""암홀둘레"": ""52""}, {""소매길이"": ""51""}, {""가슴둘레"": ""118""}]"
26667,https://www.misharp.co.kr/product/detail.html?product_no=26667,브리드 클래식 레이온 셔츠 - 알아보기,블라우스/셔츠,셔츠,20700,레이온30% 나일론70% 혼용 소재입니다 / 나일론70% 혼용 소재입니다,,55-77,어깨좁음,,클래식;데일리,봄;여름;가을,기본,긴팔,,4050,데님,"미샵 - 브리드 클래식 레이온 셔츠 (2 color) - 알아보기 브리드 클래식 레이온 셔츠 (2 color) - 알아보기 (해외배송 가능상품) ( 건) 브리드 클래식 레이온 셔츠 (2 color) - 알아보기 29,500원 20,700원 남은시간 1250일 21:35:12 (8,800원 할인) 2017-02-03 00:00 ~ 2029-12-31 12:00 200원 (1%) 재입고 알림 S",51,59,circumference,47,57,,,,,text,"[{""어깨단면"": ""51""}, {""암홀둘레"": ""47""}, {""소매길이"": ""57""}, {""가슴둘레"": ""118""}]"
26652,https://www.misharp.co.kr/product/detail.html?product_no=26652,모브 소프트 라운드 티셔츠,블라우스/셔츠,셔츠,18800,코튼50% 폴리에스터,,55-77,어깨좁음,허리라인보정,클래식;데일리,봄;여름;가을,기본,긴팔,베이지,4050,데님,"미샵 - 모브 소프트 라운드 티셔츠 (4 color) 모브 소프트 라운드 티셔츠 (4 color) (해외배송 가능상품) ( 건) 모브 소프트 라운드 티셔츠 (4 color) 26,800원 18,800원 남은시간 1250일 21:35:11 (8,000원 할인) 2017-02-03 00:00 ~ 2029-12-31 12:00 180원 (1%) 재입고 알림 SMS 상품 옵션 컬러 - [필수] 옵션",37,41.5,circumference,40,58,,,,,text,"[{""어깨단면"": ""37""}, {""암홀둘레"": ""40""}, {""소매길이"": ""58""}, {""가슴둘레"": ""83""}]"
26606,https://www.misharp.co.kr/product/detail.html?product_no=26606,샤론 패턴 반팔 원피스,원피스/스커트,원피스,48900,코튼100% 소재입니다,기본라인,55-66반,어깨좁음;복부체형;하체통통,힙커버,페미닌;데일리,여름;가을,기본,반팔,블랙;베이지,4050,데님;원피스,키작맘 추천해요:),37,49,circumference,44,25,,,,,text,"[{""어깨단면"": ""37""}, {""암홀둘레"": ""44""}, {""소매길이"": ""25""}, {""가슴둘레"": ""98""}]"
26600,https://www.misharp.co.kr/product/detail.html?product_no=26600,뉴이 플레어 미디 스커트,원피스/스커트,스커트,27000,나일론100% 소재입니다,플레어핏,55-66반,복부체형;하체통통,힙커버;허리라인보정,페미닌;데일리,봄;여름;가을,기본,없음,블랙;화이트;아이보리;베이지,4050,데님;스커트,"미샵 - 뉴이 플레어 미디 스커트 (3 color) 뉴이 플레어 미디 스커트 (3 color) (해외배송 가능상품) ( 건) 뉴이 플레어 미디 스커트 (3 color) 38,500원 27,000원 남은시간 155일 09:30:08 (11,500원 할인) 2017-02-21 00:00 ~ 2026-12-31 23:55 270원 (1%) 재입고 알림 SMS 상품 옵션 컬러 - [필수] 옵션을 선",,,,,,,,,,,
26586,https://www.misharp.co.kr/product/detail.html?product_no=26586,러플핏 롤업 반팔 블라우스,블라우스/셔츠,블라우스,24300,레이온50%가 혼용되어 더 부드러운 결을 연출하며,,55-77,어깨좁음;복부체형,뱃살커버;허리라인보정,클래식;데일리;오피스룩,여름,기본,반팔,화이트;베이지,4050,슬랙스;데님;스커트,(린넨 100),36.5,51,circumference,50,17,,,,,text,"[{""어깨단면"": ""36.5""}, {""암홀둘레"": ""50""}, {""소매길이"": ""17""}, {""가슴둘레"": ""102""}]"
26585,https://www.misharp.co.kr/product/detail.html?product_no=26585,셀로아 허리 스트랩 패턴 원피스,원피스/스커트,원피스,24200,,세미루즈,55-66반,어깨좁음;복부체형;하체통통,뱃살커버;힙커버;허리라인보정,클래식;데일리;오피스룩,,기본,긴팔,핑크,4050,데님;원피스,"미샵 - 셀로아 허리 스트랩 패턴 원피스 (2 color) 셀로아 허리 스트랩 패턴 원피스 (2 color) (해외배송 가능상품) ( 건) 셀로아 허리 스트랩 패턴 원피스 (2 color) 34,500원 24,200원 남은시간 155일 09:30:05 (10,300원 할인) 2017-02-21 00:00 ~ 2026-12-31 23:55 240원 (1%) 재입고 알림 SMS 상품 옵션 컬러",34,50,circumference,52,22,,,,,text,"[{""어깨단면"": ""34""}, {""암홀둘레"": ""52""}, {""소매길이"": ""22""}, {""가슴둘레"": ""100""}]"
26528,https://www.misharp.co.kr/product/detail.html?product_no=26528,포어 셔링 린넨 블라우스,블라우스/셔츠,블라우스,48000,,레글런핏,55-77,어깨좁음,팔뚝커버;허리라인보정,클래식;페미닌;데일리;오피스룩,여름,기본,레글런소매,,4050,데님,(린넨 100),,63,circumference,,49,,,,,text,"[{""소매길이"": ""49""}, {""가슴둘레"": ""126""}]"
26486,https://www.misharp.co.kr/product/detail.html?product_no=26486,아이스 쿨 커버 가디건,니트/가디건,가디건,17900,비스코스63% 나일론37% 혼용의 원사입니다 / 나일론37% 혼용의 원사입니다,,55-77,어깨좁음,뱃살커버;허리라인보정,데일리,여름,기본,긴팔,화이트;아이보리,4050,데님;니트,"미샵 - 아이스 쿨 커버 가디건 (3 color) 아이스 쿨 커버 가디건 (3 color) (해외배송 가능상품) ( 건) 아이스 쿨 커버 가디건 (3 color) 25,500원 17,900원 남은시간 155일 09:30:02 (7,600원 할인) 2017-02-21 00:00 ~ 2026-12-31 23:55 170원 (1%) 재입고 알림 SMS 상품 옵션 컬러 - [필수] 옵션을 선택해 주",,52,circumference,,23,,,,,text,"[{""소매길이"": ""23""}, {""가슴둘레"": ""104""}]"
26480,https://www.misharp.co.kr/product/detail.html?product_no=26480,플라워 쿨 랩 반팔 원피스,원피스/스커트,원피스,48900,,랩핏,55-66반,어깨좁음;복부체형;하체통통,힙커버,페미닌;데일리;오피스룩,여름,기본,반팔,블랙,4050,데님;원피스,"미샵 - 플라워 쿨 랩 반팔 원피스 (2 color) 플라워 쿨 랩 반팔 원피스 (2 color) (해외배송 가능상품) ( 건) 플라워 쿨 랩 반팔 원피스 (2 color) 69,800원 48,900원 남은시간 155일 09:30:01 (20,900원 할인) 2017-02-21 00:00 ~ 2026-12-31 23:55 480원 (1%) 재입고 알림 SMS 상품 옵션 컬러 - [필수] 옵션",38.5,47,circumference,50,22.5,,,,,text,"[{""어깨단면"": ""38.5""}, {""암홀둘레"": ""50""}, {""소매길이"": ""22.5""}, {""가슴둘레"": ""94""}]"
26473,https://www.misharp.co.kr/product/detail.html?product_no=26473,매그 S 591 슬랙스,팬츠,슬랙스,24200,레이온70% 나일론 혼용 소재입니다,,55-88,복부체형;하체통통,힙커버;허리라인보정,클래식;데일리,여름;겨울,기본,없음,블랙;베이지,4050,슬랙스;데님,★ SS제작 팬츠 62 ★,,,,,,,,,,,
26411,https://www.misharp.co.kr/product/detail.html?product_no=26411,베라 S 227 데님,팬츠,데님,34000,,세미와이드핏;와이드핏;일자핏,55-88,복부체형;하체통통,힙커버;허리라인보정,데일리,여름,기본,없음,,4050,슬랙스;데님,★ SS제작 팬츠 168 ★,,,,,,,,,,,
26332,https://www.misharp.co.kr/product/detail.html?product_no=26332,세인트 경량 셔츠 자켓,아우터,자켓,43800,나일론100% 소재입니다,민소매핏,55-77,어깨좁음,허리라인보정,클래식;페미닌;데일리;오피스룩,여름;겨울,기본,민소매,블랙;베이지,4050,데님,"미샵 - 세인트 경량 셔츠 자켓 (2 color) 세인트 경량 셔츠 자켓 (2 color) (해외배송 가능상품) ( 건) 세인트 경량 셔츠 자켓 (2 color) 62,500원 43,800원 남은시간 1250일 21:34:56 (18,700원 할인) 2017-02-03 00:00 ~ 2029-12-31 12:00 430원 (1%) 재입고 알림 SMS 상품 옵션 컬러 - [필수] 옵션을 선택해",55,57,circumference,41,49,,,,,text,"[{""어깨단면"": ""55""}, {""암홀둘레"": ""41""}, {""소매길이"": ""49""}, {""가슴둘레"": ""114""}]"
26254,https://www.misharp.co.kr/product/detail.html?product_no=26254,실키 소매 벌룬 티셔츠,블라우스/셔츠,셔츠,20200,코튼60% 폴리40% 혼용 소재이며 / 폴리40% 혼용 소재이며,벌룬소매,55-77,어깨좁음,허리라인보정,페미닌;데일리;오피스룩,봄;여름;가을,기본,5부소매,,4050,데님,"미샵 - 실키 소매 벌룬 티셔츠 (4 color) 실키 소매 벌룬 티셔츠 (4 color) (해외배송 가능상품) ( 건) 실키 소매 벌룬 티셔츠 (4 color) 28,800원 20,200원 남은시간 155일 09:29:54 (8,600원 할인) 2017-02-21 00:00 ~ 2026-12-31 23:55 200원 (1%) 재입고 알림 SMS 상품 옵션 컬러 - [필수] 옵션을 선택해 주",,,,,,,,,,table,"[{""실키 소매 벌룬 티셔츠 (4 color)"": """"}]"
26244,https://www.misharp.co.kr/product/detail.html?product_no=26244,베라 S 219 데님,팬츠,데님,24400,스판3% 혼용으로 텐션이 아주 뛰어납니다 / 스판3% 혼용으로 텐션이 뛰어나 착용감이 매우 편안합니다,와이드핏;일자핏,55-55반,복부체형;하체통통,힙커버,데일리,봄;여름,롱,없음,화이트,4050,데님,★ SS제작 팬츠 30 ★,,,,,,,,,,,
26228,https://www.misharp.co.kr/product/detail.html?product_no=26228,M 자수 경량 블라우스,블라우스/셔츠,블라우스,27900,코튼20% 나일론,,55-77,어깨좁음,뱃살커버,데일리;오피스룩,,기본,긴팔,베이지,4050,데님,"미샵 - M 자수 경량 블라우스 (3 color) M 자수 경량 블라우스 (3 color) (해외배송 가능상품) ( 건) M 자수 경량 블라우스 (3 color) 39,800원 27,900원 남은시간 1250일 21:34:52 (11,900원 할인) 2017-02-03 00:00 ~ 2029-12-31 12:00 270원 (1%) 재입고 알림 SMS 상품 옵션 컬러 - [필수] 옵션을 선택해",59.5,62,circumference,46,36.5,,,,,text,"[{""어깨단면"": ""59.5""}, {""암홀둘레"": ""46""}, {""소매길이"": ""36.5""}, {""가슴둘레"": ""124""}]"
26206,https://www.misharp.co.kr/product/detail.html?product_no=26206,소프트 슬럽 내추럴 코튼 팬츠,팬츠,팬츠,33300,,,55-99,복부체형;하체통통,힙커버;허리라인보정,데일리,,기본,없음,베이지;그레이;핑크,4050,데님,"미샵 - 소프트 슬럽 내추럴 코튼 팬츠 (3 color) 소프트 슬럽 내추럴 코튼 팬츠 (3 color) (해외배송 가능상품) ( 건) 소프트 슬럽 내추럴 코튼 팬츠 (3 color) 47,500원 33,300원 남은시간 1250일 21:34:50 (14,200원 할인) 2017-02-03 00:00 ~ 2029-12-31 12:00 330원 (1%) 재입고 알림 SMS 상품 옵션 컬러 -",,,,,,,,,,,
26202,https://www.misharp.co.kr/product/detail.html?product_no=26202,베러 와셔 레글런 점퍼,아우터,점퍼,60100,,레글런핏,55-77,어깨좁음,팔뚝커버,클래식;데일리,봄;여름;가을,기본,레글런소매,베이지;네이비,4050,데님,"미샵 - 베러 와셔 레글런 점퍼 (2 color) 베러 와셔 레글런 점퍼 (2 color) (해외배송 가능상품) ( 건) 베러 와셔 레글런 점퍼 (2 color) 85,800원 60,100원 남은시간 1250일 21:34:49 (25,700원 할인) 2017-02-03 00:00 ~ 2029-12-31 12:00 600원 (1%) 재입고 알림 SMS 상품 옵션 컬러 - [필수] 옵션을 선택해",,62,circumference,,71,,,,,text,"[{""소매길이"": ""71""}, {""가슴둘레"": ""124""}]"
26130,https://www.misharp.co.kr/product/detail.html?product_no=26130,에버 카라 블라우스,블라우스/셔츠,블라우스,30800,,,55-77,어깨좁음,,클래식;데일리;오피스룩,,기본,긴팔,베이지,4050,슬랙스;데님,"미샵 - 에버 카라 블라우스 (3 color) 에버 카라 블라우스 (3 color) (해외배송 가능상품) ( 건) 에버 카라 블라우스 (3 color) 38,500원 30,800원 남은시간 1250일 21:34:47 (7,700원 할인) 2024-11-26 12:00 ~ 2029-12-31 12:00 300원 (1%) 재입고 알림 SMS 상품 옵션 컬러 - [필수] 옵션을 선택해 주세요 -",34.5,51,circumference,47,60,,,,,text,"[{""어깨단면"": ""34.5""}, {""암홀둘레"": ""47""}, {""소매길이"": ""60""}, {""가슴둘레"": ""102""}]"
26124,https://www.misharp.co.kr/product/detail.html?product_no=26124,마일드 링 슬럽 와이드 데님,팬츠,데님,31900,코튼100% 소재이지만 / 코튼100%원단으로 소프트한 터치감과 선명한 색감을 연출합니다,세미와이드핏;와이드핏;일자핏;배기핏;세미루즈,55-55반,복부체형;하체통통,뱃살커버;힙커버,데일리,여름;겨울,기본,없음,,4050,데님,"미샵 - 마일드 링 슬럽 와이드 데님 (2 color) 마일드 링 슬럽 와이드 데님 (2 color) (해외배송 가능상품) ( 건) 마일드 링 슬럽 와이드 데님 (2 color) 45,500원 31,900원 남은시간 1250일 21:34:45 (13,600원 할인) 2017-02-03 00:00 ~ 2029-12-31 12:00 310원 (1%) 재입고 알림 SMS 상품 옵션 컬러 - [필수",,,,,,,,,,,
26011,https://www.misharp.co.kr/product/detail.html?product_no=26011,포밍 스트라이프 더블 블라우스,블라우스/셔츠,블라우스,34900,코튼50% 폴리에스터 혼용 소재입니다 / 코튼100% 소재에 비해 구김이 적고,,55-77,어깨좁음,,클래식;데일리,,기본,긴팔,핑크,4050,슬랙스;데님;스커트,"미샵 - 포밍 스트라이프 더블 블라우스 (2 color) 포밍 스트라이프 더블 블라우스 (2 color) (해외배송 가능상품) ( 건) 포밍 스트라이프 더블 블라우스 (2 color) 49,800원 34,900원 남은시간 1250일 21:34:44 (14,900원 할인) 2017-02-03 00:00 ~ 2029-12-31 12:00 340원 (1%) 재입고 알림 SMS 상품 옵션 컬러 -",40,51,circumference,45,57,,,,,text,"[{""어깨단면"": ""40""}, {""암홀둘레"": ""45""}, {""소매길이"": ""57""}, {""가슴둘레"": ""102""}]"
26003,https://www.misharp.co.kr/product/detail.html?product_no=26003,매그 S 571 슬랙스,팬츠,슬랙스,29800,폴리에스터61% 레이온,부츠컷;일자핏;슬림핏;밴딩핏,55-44,복부체형;하체통통,뱃살커버;힙커버;허리라인보정,데일리,봄;여름;가을,기본,없음,블랙;베이지,4050,슬랙스;데님,★ SS제작 팬츠 148 ★,,,,,,,,,,,
25981,https://www.misharp.co.kr/product/detail.html?product_no=25981,매그 S 567 슬랙스,팬츠,슬랙스,27000,,세미와이드핏;와이드핏;슬림핏,55-88,복부체형;하체통통,뱃살커버;힙커버;허리라인보정,데일리,겨울,기본,없음,블랙;베이지,4050,슬랙스;데님,★미샵 봄제작 팬츠 시리즈 4★,,,,,,,,,,,
25941,https://www.misharp.co.kr/product/detail.html?product_no=25941,캔디 스트라이프 티셔츠,블라우스/셔츠,셔츠,17900,코튼100% 소재입니다,,55-77,어깨좁음,,데일리,겨울,기본,긴팔,핑크,4050,데님;니트,"미샵 - 캔디 스트라이프 티셔츠 (6 color) 캔디 스트라이프 티셔츠 (6 color) (해외배송 가능상품) ( 건) 캔디 스트라이프 티셔츠 (6 color) 25,500원 17,900원 남은시간 1250일 21:34:40 (7,600원 할인) 2017-02-03 00:00 ~ 2029-12-31 12:00 170원 (1%) 재입고 알림 SMS 상품 옵션 컬러 - [필수] 옵션을 선택해",49,53,circumference,42,55,,,,,text,"[{""어깨단면"": ""49""}, {""암홀둘레"": ""42""}, {""소매길이"": ""55""}, {""가슴둘레"": ""106""}]"
25930,https://www.misharp.co.kr/product/detail.html?product_no=25930,샌드 러플 타이 블라우스,블라우스/셔츠,블라우스,34000,,,55-77,어깨좁음,,데일리;오피스룩,봄,기본,긴팔,아이보리,4050,데님;스커트,"미샵 - 샌드 러플 타이 블라우스 (3 color) 샌드 러플 타이 블라우스 (3 color) (해외배송 가능상품) ( 건) 샌드 러플 타이 블라우스 (3 color) 42,500원 34,000원 남은시간 1250일 21:34:38 (8,500원 할인) 2024-11-26 12:00 ~ 2029-12-31 12:00 340원 (1%) 재입고 알림 SMS 상품 옵션 컬러 - [필수] 옵션을 선",36,53,circumference,46,59,,,,,text,"[{""어깨단면"": ""36""}, {""암홀둘레"": ""46""}, {""소매길이"": ""59""}, {""가슴둘레"": ""106""}]"
25929,https://www.misharp.co.kr/product/detail.html?product_no=25929,매그 S 563 슬랙스,팬츠,슬랙스,26300,,부츠컷;세미루즈,55-55반,복부체형;하체통통,뱃살커버;힙커버;허리라인보정,데일리,,롱,없음,블랙,4050,슬랙스;데님,"미샵 - 매그 S 563 슬랙스 (2 color) 매그 S 563 슬랙스 (2 color) (해외배송 가능상품) ( 건) 매그 S 563 슬랙스 (2 color) 37,500원 26,300원 남은시간 1250일 21:34:37 (11,200원 할인) 2017-02-03 00:00 ~ 2029-12-31 12:00 260원 (1%) 재입고 알림 SMS 상품 옵션 컬러 - [필수] 옵션을 선택해",,,,,,,,,,,
25927,https://www.misharp.co.kr/product/detail.html?product_no=25927,파인 숄더 버튼 맨투맨,티셔츠,티셔츠,20900,코튼100% 소재입니다,세미루즈,55-77,어깨좁음,,데일리,겨울,기본,긴팔,아이보리,4050,슬랙스;데님,"미샵 - 파인 숄더 버튼 맨투맨 (3 color) 파인 숄더 버튼 맨투맨 (3 color) (해외배송 가능상품) ( 건) 파인 숄더 버튼 맨투맨 (3 color) 29,800원 20,900원 남은시간 1250일 21:34:35 (8,900원 할인) 2017-02-03 00:00 ~ 2029-12-31 12:00 200원 (1%) 재입고 알림 SMS 상품 옵션 컬러 - [필수] 옵션을 선택해",54,53.5,circumference,48,53,,,,,text,"[{""어깨단면"": ""54""}, {""암홀둘레"": ""48""}, {""소매길이"": ""53""}, {""가슴둘레"": ""107""}]"
25920,https://www.misharp.co.kr/product/detail.html?product_no=25920,와이드 스트레이트 코튼 팬츠,팬츠,팬츠,23000,,세미와이드핏;와이드핏;일자핏;루즈핏;세미루즈,55-44,복부체형;하체통통,힙커버,데일리,겨울,롱,없음,블랙;화이트,4050,슬랙스;데님,"미샵 - 와이드 스트레이트 코튼 팬츠 (2 color) 와이드 스트레이트 코튼 팬츠 (2 color) (해외배송 가능상품) ( 건) 와이드 스트레이트 코튼 팬츠 (2 color) 32,800원 23,000원 남은시간 1250일 21:34:34 (9,800원 할인) 2017-02-03 00:00 ~ 2029-12-31 12:00 230원 (1%) 재입고 알림 SMS 상품 옵션 컬러 - [필수]",,,,,,,,,,,
25836,https://www.misharp.co.kr/product/detail.html?product_no=25836,라쿤 폭스 터틀넥 니트,니트/가디건,니트,63040,울25% 혼용의 헤어리한 결과 높은 보온력의 니트이며 / 울25% 혼용의 니트입니다 / 나일론25%가 더해졌습니다,정핏,55-66반,어깨좁음,허리라인보정,데일리,겨울,기본,긴팔,핑크,4050,데님;니트,(울25+라쿤25+폭스25),,46,circumference,,70,,,,,text,"[{""소매길이"": ""70""}, {""가슴둘레"": ""92""}]"
25777,https://www.misharp.co.kr/product/detail.html?product_no=25777,와니 루즈핏 케이블 니트,니트/가디건,니트,38800,울80% 혼용의 니트이며 / 울80% 혼용의 부드럽고도 포근한 터치의 원사입니다,루즈핏,55-77,어깨좁음;하체통통,힙커버;허리라인보정,클래식;데일리,봄;가을;겨울,기본,긴팔,그레이,4050,슬랙스;데님;스커트;니트,(울 80),64,63,circumference,41,42,,,,,text,"[{""어깨단면"": ""64""}, {""암홀둘레"": ""41""}, {""소매길이"": ""42""}, {""가슴둘레"": ""126""}]"
25774,https://www.misharp.co.kr/product/detail.html?product_no=25774,W. 코모 피치 배기 면팬츠,팬츠,팬츠,33300,,배기핏;밴딩핏,55-55반,복부체형;하체통통,힙커버,클래식;데일리,겨울,크롭,없음,블랙;화이트;그레이;브라운,4050,데님,(부드럽고 따스한 피치),,,,,,,,,,,
25742,https://www.misharp.co.kr/product/detail.html?product_no=25742,포포 브이넥 니트,니트/가디건,니트,18800,,레글런핏,55-77,어깨좁음,팔뚝커버;허리라인보정,클래식;데일리;오피스룩,,기본,레글런소매,브라운,4050,데님;니트,"미샵 - 포포 브이넥 니트 (3 color) 포포 브이넥 니트 (3 color) (해외배송 가능상품) ( 건) 포포 브이넥 니트 (3 color) 26,800원 18,800원 남은시간 1250일 21:34:28 (8,000원 할인) 2017-01-12 00:00 ~ 2029-12-31 12:00 180원 (1%) 재입고 알림 SMS 상품 옵션 컬러 - [필수] 옵션을 선택해 주세요 - ---",,50,circumference,,66,,,,,text,"[{""소매길이"": ""66""}, {""가슴둘레"": ""100""}]"
25683,https://www.misharp.co.kr/product/detail.html?product_no=25683,루나 체크 훌 스커트 / 사이즈별,원피스/스커트,스커트,27300,울20%의 포근한 원단이며 / 울20% 나일론80% 혼용 원단입니다 / 나일론80% 혼용 원단입니다,플레어핏;슬림핏,55-66,복부체형;하체통통,힙커버;허리라인보정,데일리,겨울,크롭,없음,,4050,데님;스커트,【울20 / 안감도 함】,,,,,,,,,,,
25667,https://www.misharp.co.kr/product/detail.html?product_no=25667,매그 W 415 슬랙스,팬츠,슬랙스,27900,,일자핏;슬림핏,55-44,복부체형;하체통통,힙커버;허리라인보정,클래식;데일리,가을;겨울,기본,없음,블랙;그레이,4050,슬랙스;데님;니트,"★ FW제작 팬츠 93 ★ 【추워질 때, 가장 편안한 기모 정석핏】",,,,,,,,,,,
25656,https://www.misharp.co.kr/product/detail.html?product_no=25656,아린 포켓 버튼 니트,니트/가디건,니트,27900,,,55-66반,어깨좁음,뱃살커버,클래식;페미닌;데일리,봄;가을;겨울,기본,긴팔,블랙;핑크,4050,데님;니트,"미샵 - 아린 포켓 버튼 니트 (3 color) 아린 포켓 버튼 니트 (3 color) (해외배송 가능상품) ( 건) 아린 포켓 버튼 니트 (3 color) 39,800원 27,900원 남은시간 1250일 21:34:24 (11,900원 할인) 2017-02-03 00:00 ~ 2029-12-31 12:00 270원 (1%) 재입고 알림 SMS 상품 옵션 컬러 - [필수] 옵션을 선택해 주세",38,52,circumference,42,60,,,,,text,"[{""어깨단면"": ""38""}, {""암홀둘레"": ""42""}, {""소매길이"": ""60""}, {""가슴둘레"": ""104""}]"
25554,https://www.misharp.co.kr/product/detail.html?product_no=25554,언더슨 클래식 트렌치 코트,아우터,코트,97000,코튼57% 나일론 혼용 원단입니다,,55-77,어깨좁음,,클래식;데일리,,롱,긴팔,베이지,4050,데님;원피스,"미샵 - 언더슨 클래식 트렌치 코트 (2 color) 언더슨 클래식 트렌치 코트 (2 color) (해외배송 가능상품) ( 건) 언더슨 클래식 트렌치 코트 (2 color) 138,500원 97,000원 남은시간 1250일 21:34:23 (41,500원 할인) 2017-02-03 00:00 ~ 2029-12-31 12:00 970원 (1%) 재입고 알림 SMS 상품 옵션 컬러 - [필수]",,55,circumference,,69,,,,,text,"[{""소매길이"": ""69""}, {""가슴둘레"": ""110""}]"
25540,https://www.misharp.co.kr/product/detail.html?product_no=25540,매그 F 397 와이드 밴드 슬랙스,팬츠,슬랙스,27700,스판8% 혼용으로 늘어짐 없이 텐션이 아주 뛰어납니다,세미와이드핏;와이드핏,55-99,복부체형;하체통통,힙커버,데일리,가을,기본,없음,블랙;베이지,4050,슬랙스;데님,뱃살 쏙~ 탄탄 와이드 밴딩,,,,,,,,,,,
25522,https://www.misharp.co.kr/product/detail.html?product_no=25522,N. 코모 피치 배기 면팬츠,팬츠,팬츠,32100,,배기핏;밴딩핏;세미루즈,55-77,복부체형;하체통통,힙커버,데일리,봄;가을;겨울,크롭,없음,브라운,4050,데님,따스한 피치 코튼의 터치감,,,,,,,,,,,
25504,https://www.misharp.co.kr/product/detail.html?product_no=25504,3타입 다트 와이드 데님,팬츠,데님,20900,코튼100% 데님 원단입니다,와이드핏;슬림핏;밴딩핏,66-55반,복부체형;하체통통,힙커버;허리라인보정,클래식;페미닌;데일리,봄;여름;가을,롱,없음,,4050,데님,"미샵 - 3타입 다트 와이드 데님 (2 color) 3타입 다트 와이드 데님 (2 color) (해외배송 가능상품) ( 건) 3타입 다트 와이드 데님 (2 color) 29,800원 20,900원 남은시간 1250일 21:34:18 (8,900원 할인) 2017-02-03 00:00 ~ 2029-12-31 12:00 200원 (1%) 재입고 알림 SMS 상품 옵션 컬러-길이-사이즈 - [필수",,,,,,,,,,,
25495,https://www.misharp.co.kr/product/detail.html?product_no=25495,매그 F 395 슬랙스,팬츠,슬랙스,34500,,일자핏;슬림핏,55-44,복부체형;하체통통,힙커버;허리라인보정,데일리,봄;여름;가을,기본,없음,블랙;네이비,4050,슬랙스;데님,"미샵 - 매그 F 395 슬랙스 (3 color) 매그 F 395 슬랙스 (3 color) (해외배송 가능상품) ( 건) 매그 F 395 슬랙스 (3 color) 34,500원 340원 (1%) 재입고 알림 SMS 상품 옵션 컬러 - [필수] 옵션을 선택해 주세요 - ------------------- 카멜 네이비 블랙 사이즈 - [필수] 옵션을 선택해 주세요 - ---------------",,,,,,,,,,,
25461,https://www.misharp.co.kr/product/detail.html?product_no=25461,매그 F 391 슬랙스,팬츠,슬랙스,25600,,조거핏,55-88,복부체형;하체통통,힙커버;허리라인보정,데일리;오피스룩,봄;가을;간절기,기본,없음,블랙;브라운;카키,4050,슬랙스;데님,"미샵 - 매그 F 391 슬랙스 (3 color) 매그 F 391 슬랙스 (3 color) (해외배송 가능상품) ( 건) 매그 F 391 슬랙스 (3 color) 36,500원 25,600원 남은시간 1250일 21:34:15 (10,900원 할인) 2017-02-03 00:00 ~ 2029-12-31 12:00 250원 (1%) 재입고 알림 SMS 상품 옵션 컬러 - [필수] 옵션을 선택해",,,,,,,,,,,
25439,https://www.misharp.co.kr/product/detail.html?product_no=25439,매그 F 389 슬랙스,팬츠,슬랙스,22800,,세미와이드핏;와이드핏;밴딩핏,55-88,복부체형;하체통통,뱃살커버;힙커버;허리라인보정,페미닌;데일리;오피스룩,봄;가을;간절기,기본,없음,블랙;베이지;브라운,4050,슬랙스;데님,"미샵 - 매그 F 389 슬랙스 (3 color) 매그 F 389 슬랙스 (3 color) (해외배송 가능상품) ( 건) 매그 F 389 슬랙스 (3 color) 32,500원 22,800원 남은시간 1250일 21:34:14 (9,700원 할인) 2017-02-03 00:00 ~ 2029-12-31 12:00 220원 (1%) 재입고 알림 SMS 상품 옵션 컬러 - [필수] 옵션을 선택해",,,,,,,,,,,
25419,https://www.misharp.co.kr/product/detail.html?product_no=25419,로베 화이트 셔츠,블라우스/셔츠,셔츠,23840,코튼20% 폴리,,55-77,어깨좁음;하체통통,힙커버;허리라인보정,데일리,봄;가을;겨울,기본,긴팔,화이트,4050,데님,"미샵 - 로베 화이트 셔츠 (1 color) 로베 화이트 셔츠 (1 color) (해외배송 가능상품) ( 건) 로베 화이트 셔츠 (1 color) 29,800원 23,840원 남은시간 1250일 21:34:12 (5,960원 할인) 2024-11-26 12:00 ~ 2029-12-31 12:00 230원 (1%) 재입고 알림 SMS 상품 옵션 옵션선택 상품 목록 상품명 상품수 가격 로베 화이",54,63.5,circumference,48,51.5,,,,,text,"[{""어깨단면"": ""54""}, {""암홀둘레"": ""48""}, {""소매길이"": ""51.5""}, {""가슴둘레"": ""127""}]"
25411,https://www.misharp.co.kr/product/detail.html?product_no=25411,원마일 이지 골지 세트,,,50800,코튼50% 폴리,,55-66반,어깨좁음;복부체형;하체통통,뱃살커버;힙커버;허리라인보정,페미닌;데일리,봄;가을;간절기,기본,긴팔,,4050,데님,원단부터 럭스한 세트룩 / 각각 활용까지!,58.5,54.5,circumference,45,41.5,,,,,text,"[{""어깨단면"": ""58.5""}, {""암홀둘레"": ""45""}, {""소매길이"": ""41.5""}, {""가슴둘레"": ""109""}]"
25376,https://www.misharp.co.kr/product/detail.html?product_no=25376,허쉬 어텀 루즈핏 블라우스,블라우스/셔츠,블라우스,20900,,루즈핏;세미루즈;슬림핏,55-77,어깨좁음;하체통통,허리라인보정,페미닌;데일리,,기본,긴팔,브라운,4050,슬랙스;데님,"미샵 - 허쉬 어텀 루즈핏 블라우스 (3 color) 허쉬 어텀 루즈핏 블라우스 (3 color) (해외배송 가능상품) ( 건) 허쉬 어텀 루즈핏 블라우스 (3 color) 29,800원 20,900원 남은시간 1250일 21:34:09 (8,900원 할인) 2017-02-03 00:00 ~ 2029-12-31 12:00 200원 (1%) 재입고 알림 SMS 상품 옵션 컬러 - [필수] 옵션",50,58,circumference,47,55,,,,,text,"[{""어깨단면"": ""50""}, {""암홀둘레"": ""47""}, {""소매길이"": ""55""}, {""가슴둘레"": ""116""}]"
25229,https://www.misharp.co.kr/product/detail.html?product_no=25229,라이트 숏 레인 부츠,,,34900,,,55-55,4050 여성 일반체형,,데일리,,기본,,베이지,4050,데님,【국내생산 / 무겁지 않아요】,,,,,,,,,,,
25156,https://www.misharp.co.kr/product/detail.html?product_no=25156,키즈) 애니멀 프렌즈 잠옷 세트,,,20200,레이온 100% 원단입니다,,55-55,4050 여성 일반체형,,데일리,여름,기본,,그레이;핑크,4050,데님,"미샵 - 키즈) 애니멀 프렌즈 잠옷 세트 (2 color) 키즈) 애니멀 프렌즈 잠옷 세트 (2 color) (해외배송 가능상품) ( 건) 키즈) 애니멀 프렌즈 잠옷 세트 (2 color) 28,800원 20,200원 남은시간 155일 09:29:07 (8,600원 할인) 2017-02-21 00:00 ~ 2026-12-31 23:55 200원 (1%) 재입고 알림 SMS 상품 옵션 컬러 -",,,,,,,,,,,
25153,https://www.misharp.co.kr/product/detail.html?product_no=25153,산토스 라이트 부츠컷 데님,팬츠,데님,32100,코튼98% 스판2% 혼용의 데님입니다 / 스판2% 혼용의 데님입니다,부츠컷,55-77,복부체형;하체통통,힙커버;허리라인보정,데일리,여름,기본,없음,,4050,데님,"미샵 - 산토스 라이트 부츠컷 데님 (1 color) 산토스 라이트 부츠컷 데님 (1 color) (해외배송 가능상품) ( 건) 산토스 라이트 부츠컷 데님 (1 color) 45,800원 32,100원 남은시간 155일 09:29:05 (13,700원 할인) 2017-02-21 00:00 ~ 2026-12-31 23:55 320원 (1%) 재입고 알림 SMS 상품 옵션 사이즈 - [필수] 옵",,,,,,,,,,,
25149,https://www.misharp.co.kr/product/detail.html?product_no=25149,키즈) 체리 체크 잠옷 세트,,,20000,코튼65% 폴리 혼용 원단입니다,,55-55,4050 여성 일반체형,,데일리,여름;가을;겨울,기본,,,4050,데님,(국내공정 국내제작),,,,,,,,,,,
25070,https://www.misharp.co.kr/product/detail.html?product_no=25070,릴리 반팔 블라우스,블라우스/셔츠,블라우스,24400,,,55-66반,어깨좁음,허리라인보정,클래식;데일리;오피스룩,여름,기본,반팔,,4050,슬랙스;데님,"미샵 - 릴리 반팔 블라우스 (3 color) 릴리 반팔 블라우스 (3 color) (해외배송 가능상품) ( 건) 릴리 반팔 블라우스 (3 color) 34,800원 24,400원 남은시간 155일 09:29:02 (10,400원 할인) 2017-02-21 00:00 ~ 2026-12-31 23:55 240원 (1%) 재입고 알림 SMS 상품 옵션 컬러 - [필수] 옵션을 선택해 주세요 -",36.5,48,circumference,43,34,,,,,text,"[{""어깨단면"": ""36.5""}, {""암홀둘레"": ""43""}, {""소매길이"": ""34""}, {""가슴둘레"": ""96""}]"
25039,https://www.misharp.co.kr/product/detail.html?product_no=25039,프레시 와이드 일자 코튼 팬츠,팬츠,팬츠,27200,코튼98% 스판2%의 혼용이며 / 코튼98% 스판2% 혼용의 원단입니다 / 스판2%의 혼용이며 / 스판2%의 적절한 스판력으로 착용감을 진심 최고라고 생각합니다,와이드핏;일자핏;밴딩핏,55-88,복부체형;하체통통,힙커버;허리라인보정,데일리,여름,기본,없음,화이트;아이보리;베이지,4050,데님,"미샵 - 프레시 와이드 일자 코튼 팬츠 (3 color) 프레시 와이드 일자 코튼 팬츠 (3 color) (해외배송 가능상품) ( 건) 프레시 와이드 일자 코튼 팬츠 (3 color) 38,800원 27,200원 남은시간 155일 09:29:01 (11,600원 할인) 2017-02-21 00:00 ~ 2026-12-31 23:55 270원 (1%) 재입고 알림 SMS 상품 옵션 컬러 - [",,,,,,,,,,,
25003,https://www.misharp.co.kr/product/detail.html?product_no=25003,로하 버튼 포인트 블라우스,블라우스/셔츠,블라우스,26400,,,55-66,어깨좁음;복부체형;하체통통,허리라인보정,페미닌;데일리;오피스룩,여름,기본,긴팔,,4050,데님,"미샵 - 로하 버튼 포인트 블라우스 (3 color) 로하 버튼 포인트 블라우스 (3 color) (해외배송 가능상품) ( 건) 로하 버튼 포인트 블라우스 (3 color) 52,800원 26,400원 남은시간 155일 09:28:59 (26,400원 할인) 2017-02-21 00:00 ~ 2026-12-31 23:55 260원 (1%) 재입고 알림 SMS 상품 옵션 컬러 - [필수] 옵션",38.5,45,circumference,51,25.5,,,,,text,"[{""어깨단면"": ""38.5""}, {""암홀둘레"": ""51""}, {""소매길이"": ""25.5""}, {""가슴둘레"": ""90""}]"
24980,https://www.misharp.co.kr/product/detail.html?product_no=24980,매그 S 549 슬랙스,팬츠,슬랙스,20900,,와이드핏;일자핏;밴딩핏,55-55반,복부체형;하체통통,힙커버;허리라인보정,클래식;데일리,겨울,기본,없음,블랙;아이보리;베이지,4050,슬랙스;데님,★ SS제작 팬츠 31 ★,,,,,,,,,,,
24946,https://www.misharp.co.kr/product/detail.html?product_no=24946,카밍 셔링 블라우스,블라우스/셔츠,블라우스,30800,,,55-77,어깨좁음;하체통통,뱃살커버;힙커버,페미닌;데일리;오피스룩,봄;가을;겨울,기본,7부소매,,4050,슬랙스;데님,"미샵 - 카밍 셔링 블라우스 (2 color) 카밍 셔링 블라우스 (2 color) (해외배송 가능상품) ( 건) 카밍 셔링 블라우스 (2 color) 38,500원 30,800원 남은시간 1250일 21:33:56 (7,700원 할인) 2024-11-26 12:00 ~ 2029-12-31 12:00 300원 (1%) 재입고 알림 SMS 상품 옵션 컬러 - [필수] 옵션을 선택해 주세요 -",,67,circumference,,57,,,,,text,"[{""소매길이"": ""57""}, {""가슴둘레"": ""134""}]"
24923,https://www.misharp.co.kr/product/detail.html?product_no=24923,렌 바바리 점퍼,아우터,점퍼,44500,코튼30% 나일론 혼용 원단입니다,레글런핏,55-77,어깨좁음,팔뚝커버;힙커버;허리라인보정,클래식;데일리;오피스룩,봄;가을,하프,레글런소매,,4050,데님,"미샵 - 렌 바바리 점퍼 (2 color) 렌 바바리 점퍼 (2 color) (해외배송 가능상품) ( 건) 렌 바바리 점퍼 (2 color) 63,500원 44,500원 남은시간 1250일 21:33:55 (19,000원 할인) 2017-02-03 00:00 ~ 2029-12-31 12:00 440원 (1%) 재입고 알림 SMS 상품 옵션 컬러 - [필수] 옵션을 선택해 주세요 - -----",,57,circumference,,69,,,,,text,"[{""소매길이"": ""69""}, {""가슴둘레"": ""114""}]"
24921,https://www.misharp.co.kr/product/detail.html?product_no=24921,벌룬 쉬어 블라우스,블라우스/셔츠,블라우스,26500,,벌룬소매,55-77,어깨좁음;하체통통,,클래식;데일리,,기본,벌룬소매,블랙,4050,슬랙스;데님,"미샵 - 벌룬 쉬어 블라우스 (2 color) 벌룬 쉬어 블라우스 (2 color) (해외배송 가능상품) ( 건) 벌룬 쉬어 블라우스 (2 color) 37,800원 26,500원 남은시간 1250일 21:33:54 (11,300원 할인) 2017-02-03 00:00 ~ 2029-12-31 12:00 260원 (1%) 재입고 알림 SMS 상품 옵션 컬러 - [필수] 옵션을 선택해 주세요 -",36.5,50,circumference,44,47,,,,,text,"[{""어깨단면"": ""36.5""}, {""암홀둘레"": ""44""}, {""소매길이"": ""47""}, {""가슴둘레"": ""100""}]"
24849,https://www.misharp.co.kr/product/detail.html?product_no=24849,모달 드레이프 블라우스,블라우스/셔츠,블라우스,27900,,,55-77,어깨좁음,허리라인보정,페미닌;데일리,봄;가을;간절기,기본,긴팔,블랙;베이지,4050,데님,"미샵 - 모달 드레이프 블라우스 (3 color) 모달 드레이프 블라우스 (3 color) (해외배송 가능상품) ( 건) 모달 드레이프 블라우스 (3 color) 39,800원 27,900원 남은시간 1250일 21:33:52 (11,900원 할인) 2017-02-03 00:00 ~ 2029-12-31 12:00 270원 (1%) 재입고 알림 SMS 상품 옵션 컬러 - [필수] 옵션을 선택해",34.5,52.5,circumference,42,61,,,,,text,"[{""어깨단면"": ""34.5""}, {""암홀둘레"": ""42""}, {""소매길이"": ""61""}, {""가슴둘레"": ""105""}]"
24844,https://www.misharp.co.kr/product/detail.html?product_no=24844,리츠 롱 절개 티셔츠,블라우스/셔츠,셔츠,18800,,루즈핏;슬림핏,55-77,어깨좁음;하체통통,힙커버;허리라인보정,클래식;데일리;오피스룩,겨울,롱,긴팔,블랙;아이보리,4050,데님,"미샵 - 리츠 롱 절개 티셔츠 (4 color) 리츠 롱 절개 티셔츠 (4 color) (해외배송 가능상품) ( 건) 리츠 롱 절개 티셔츠 (4 color) 26,800원 18,800원 남은시간 1250일 21:33:50 (8,000원 할인) 2017-02-03 00:00 ~ 2029-12-31 12:00 180원 (1%) 재입고 알림 SMS 상품 옵션 컬러 - [필수] 옵션을 선택해 주세요",41,52.5,circumference,42,38,,,,,text,"[{""어깨단면"": ""41""}, {""암홀둘레"": ""42""}, {""소매길이"": ""38""}, {""가슴둘레"": ""105""}]"
24841,https://www.misharp.co.kr/product/detail.html?product_no=24841,매그 S 539 슬랙스,팬츠,슬랙스,27900,,부츠컷;일자핏;슬림핏,55-55반,복부체형;하체통통,힙커버;허리라인보정,데일리,여름,기본,없음,블랙,4050,슬랙스;데님,"미샵 - 매그 S 539 슬랙스 (3 color) 매그 S 539 슬랙스 (3 color) (해외배송 가능상품) ( 건) 매그 S 539 슬랙스 (3 color) 39,800원 27,900원 남은시간 1250일 21:33:49 (11,900원 할인) 2017-02-03 00:00 ~ 2029-12-31 12:00 270원 (1%) 재입고 알림 SMS 상품 옵션 컬러 - [필수] 옵션을 선택해",,,,,,,,,,,
24805,https://www.misharp.co.kr/product/detail.html?product_no=24805,매그 S 533 슬랙스,팬츠,슬랙스,23000,,와이드핏;밴딩핏,55-88,복부체형;하체통통,뱃살커버;힙커버;허리라인보정,페미닌;데일리;오피스룩,봄;여름;가을,기본,없음,블랙;베이지,4050,슬랙스;데님,★ SS제작 팬츠 125 ★,,,,,,,,,,,
24790,https://www.misharp.co.kr/product/detail.html?product_no=24790,라운지 후드 세트룩,아우터,점퍼,33300,코튼100% 원단이며,세미루즈,55-66반,어깨좁음;복부체형;하체통통,힙커버;허리라인보정,클래식;데일리,,크롭,,블랙;화이트,4050,데님,"미샵 - 라운지 후드 세트룩 (2 color) 라운지 후드 세트룩 (2 color) (해외배송 가능상품) ( 건) 라운지 후드 세트룩 (2 color) 47,500원 33,300원 남은시간 1250일 21:33:46 (14,200원 할인) 2017-02-03 00:00 ~ 2029-12-31 12:00 330원 (1%) 재입고 알림 SMS 상품 옵션 타입-컬러 - [필수] 옵션을 선택해 주세",61.5,58,circumference,44,,,,,,text,"[{""어깨단면"": ""61.5""}, {""암홀둘레"": ""44""}, {""가슴둘레"": ""116""}]"
24770,https://www.misharp.co.kr/product/detail.html?product_no=24770,내추럴 배기핏 다잉 면팬츠,팬츠,팬츠,30500,코튼100% 원단에 비해 아주 가볍고 쾌적한 터치 / 코튼97% 스판 혼용 원단입니다,일자핏;배기핏,55-55반,복부체형;하체통통,힙커버;허리라인보정,데일리,봄;가을;간절기,기본,없음,화이트,4050,데님,(피그먼트&바이오가공),,,,,,,,,,,
24767,https://www.misharp.co.kr/product/detail.html?product_no=24767,골드 버튼 포인트 블라우스,블라우스/셔츠,블라우스,19400,,,55-66반,어깨좁음;하체통통,허리라인보정,데일리,겨울,기본,긴팔,블랙;화이트;베이지,4050,슬랙스;데님;스커트,"미샵 - 골드 버튼 포인트 블라우스 (3 color) 골드 버튼 포인트 블라우스 (3 color) (해외배송 가능상품) ( 건) 골드 버튼 포인트 블라우스 (3 color) 38,800원 19,400원 남은시간 1250일 21:33:43 (19,400원 할인) 2017-02-03 00:00 ~ 2029-12-31 12:00 190원 (1%) 재입고 알림 SMS 상품 옵션 컬러 - [필수] 옵",35,48,circumference,46,58.5,,,,,text,"[{""어깨단면"": ""35""}, {""암홀둘레"": ""46""}, {""소매길이"": ""58.5""}, {""가슴둘레"": ""96""}]"
24741,https://www.misharp.co.kr/product/detail.html?product_no=24741,N. 라이트 퀼팅 점퍼,아우터,점퍼,41900,,정핏,55-77,어깨좁음;하체통통,힙커버;허리라인보정,데일리;오피스룩,봄;가을;겨울,기본,긴팔,블랙;네이비,4050,데님,"미샵 - N. 라이트 퀼팅 점퍼 (2 color) N. 라이트 퀼팅 점퍼 (2 color) (해외배송 가능상품) ( 건) N. 라이트 퀼팅 점퍼 (2 color) 59,800원 41,900원 남은시간 1250일 21:33:42 (17,900원 할인) 2017-01-12 00:00 ~ 2029-12-31 12:00 410원 (1%) 재입고 알림 SMS 상품 옵션 컬러 - [필수] 옵션을 선택해",43,55,circumference,48,58.5,,,,,text,"[{""어깨단면"": ""43""}, {""암홀둘레"": ""48""}, {""소매길이"": ""58.5""}, {""가슴둘레"": ""110""}]"
24459,https://www.misharp.co.kr/product/detail.html?product_no=24459,캐시미어 하프넥 니트,니트/가디건,니트,53100,울40% 혼용의 니트입니다,루즈핏,55-77,어깨좁음,힙커버;허리라인보정,데일리,겨울,하프,긴팔,,4050,데님;니트,(울40+캐시미어10),61,57,circumference,35,48,,,,,text,"[{""어깨단면"": ""61""}, {""암홀둘레"": ""35""}, {""소매길이"": ""48""}, {""가슴둘레"": ""114""}]"
24438,https://www.misharp.co.kr/product/detail.html?product_no=24438,올가 F 355 면팬츠,팬츠,팬츠,35040,코튼97% 스판 혼용의 코듀로이 원단입니다,와이드핏;테이퍼드핏;밴딩핏,55-77,복부체형;하체통통,힙커버,데일리,겨울,기본,없음,베이지;카키,4050,슬랙스;데님,"미샵 - 올가 F 355 면팬츠 (4 color) 올가 F 355 면팬츠 (4 color) (해외배송 가능상품) ( 건) 올가 F 355 면팬츠 (4 color) 43,800원 35,040원 남은시간 1250일 21:33:39 (8,760원 할인) 2024-11-26 12:00 ~ 2029-12-31 12:00 350원 (1%) 재입고 알림 SMS 상품 옵션 컬러-사이즈 - [필수] 옵션을",,,,,,,,,,,
24338,https://www.misharp.co.kr/product/detail.html?product_no=24338,웜 하프넥 티셔츠3,블라우스/셔츠,셔츠,20640,,슬림핏;정핏,55-77,어깨좁음,뱃살커버;힙커버;허리라인보정,데일리,봄;가을;겨울,하프,긴팔,블랙;아이보리;베이지;핑크;브라운,4050,데님,"(울50)겨울까지 최고판매량, 올해컬러로 재입고!",39,52.5,circumference,42,59,,,,,text,"[{""어깨단면"": ""39""}, {""암홀둘레"": ""42""}, {""소매길이"": ""59""}, {""가슴둘레"": ""105""}]"
24313,https://www.misharp.co.kr/product/detail.html?product_no=24313,코모 피치 배기 면팬츠,팬츠,팬츠,29800,,배기핏;밴딩핏,55-77,복부체형;하체통통,힙커버,데일리,봄;가을;겨울,크롭,없음,블랙;카키,4050,데님,(안기모 원단으로 변경),,,,,,,,,,,
24254,https://www.misharp.co.kr/product/detail.html?product_no=24254,소가죽 튤립 라인 미들힐,,,44300,,,88-44,4050 여성 일반체형,허리라인보정,데일리,,기본,,그레이,4050,데님,고퀄리티 / 천연가죽,,,,,,,,,,,
24176,https://www.misharp.co.kr/product/detail.html?product_no=24176,블린 카라 블라우스,블라우스/셔츠,블라우스,30240,,,55-77,어깨좁음,,데일리,봄;가을;간절기,기본,긴팔,화이트;아이보리;핑크,4050,데님,"미샵 - 블린 카라 블라우스 (2 color) 블린 카라 블라우스 (2 color) (해외배송 가능상품) ( 건) 블린 카라 블라우스 (2 color) 37,800원 30,240원 남은시간 1250일 21:33:33 (7,560원 할인) 2024-11-26 12:00 ~ 2029-12-31 12:00 300원 (1%) 재입고 알림 SMS 상품 옵션 컬러 - [필수] 옵션을 선택해 주세요 -",34.5,50,circumference,45,60,,,,,text,"[{""어깨단면"": ""34.5""}, {""암홀둘레"": ""45""}, {""소매길이"": ""60""}, {""가슴둘레"": ""100""}]"
24163,https://www.misharp.co.kr/product/detail.html?product_no=24163,3타입 블랙 부츠컷 면팬츠,팬츠,팬츠,18800,,부츠컷;슬림핏;밴딩핏,55-77,복부체형;하체통통,힙커버;허리라인보정,데일리,봄;가을;간절기,롱,없음,블랙,4050,데님,"미샵 - 3타입 블랙 부츠컷 면팬츠 (1 color) 3타입 블랙 부츠컷 면팬츠 (1 color) (해외배송 가능상품) ( 건) 3타입 블랙 부츠컷 면팬츠 (1 color) 26,800원 18,800원 남은시간 1250일 21:33:31 (8,000원 할인) 2017-02-03 00:00 ~ 2029-12-31 12:00 180원 (1%) 재입고 알림 SMS 상품 옵션 길이 - [필수] 옵션",,,,,,,,,,,
24132,https://www.misharp.co.kr/product/detail.html?product_no=24132,벨트 다트 점퍼,아우터,점퍼,34400,,,55-77,어깨좁음;복부체형,허리라인보정,클래식;데일리;오피스룩,봄;여름;가을,기본,긴팔,베이지;카키,4050,데님,"미샵 - 벨트 다트 점퍼 (2 color) 벨트 다트 점퍼 (2 color) (해외배송 가능상품) ( 건) 벨트 다트 점퍼 (2 color) 68,800원 34,400원 남은시간 1250일 21:33:30 (34,400원 할인) 2017-02-03 00:00 ~ 2029-12-31 12:00 340원 (1%) 재입고 알림 SMS 상품 옵션 컬러 - [필수] 옵션을 선택해 주세요 - -----",41,50,circumference,44,57,,,,,text,"[{""어깨단면"": ""41""}, {""암홀둘레"": ""44""}, {""소매길이"": ""57""}, {""가슴둘레"": ""100""}]"
24109,https://www.misharp.co.kr/product/detail.html?product_no=24109,벤 카라 원피스,원피스/스커트,원피스,41000,,기본라인,55-66반,어깨좁음;복부체형;하체통통,힙커버;허리라인보정,클래식;데일리;오피스룩;모임룩,봄;가을;간절기,기본,7부소매,베이지,4050,데님;스커트;원피스,"미샵 - 벤 카라 원피스 (2 color) 벤 카라 원피스 (2 color) (해외배송 가능상품) ( 건) 벤 카라 원피스 (2 color) 58,500원 41,000원 남은시간 1250일 21:33:29 (17,500원 할인) 2017-02-03 00:00 ~ 2029-12-31 12:00 410원 (1%) 재입고 알림 SMS 상품 옵션 컬러 - [필수] 옵션을 선택해 주세요 - -----",49,50,circumference,48,38,,,,,text,"[{""어깨단면"": ""49""}, {""암홀둘레"": ""48""}, {""소매길이"": ""38""}, {""가슴둘레"": ""100""}]"
24096,https://www.misharp.co.kr/product/detail.html?product_no=24096,럭스 소프트 블라우스,블라우스/셔츠,블라우스,41200,,,55-77,어깨좁음,,클래식;데일리;오피스룩;모임룩,여름,기본,7부소매,블랙,4050,슬랙스;데님,"미샵 - 럭스 소프트 블라우스 (3 color) 럭스 소프트 블라우스 (3 color) (해외배송 가능상품) ( 건) 럭스 소프트 블라우스 (3 color) 51,500원 41,200원 남은시간 1250일 21:33:27 (10,300원 할인) 2024-11-26 12:00 ~ 2029-12-31 12:00 410원 (1%) 재입고 알림 SMS 상품 옵션 컬러 - [필수] 옵션을 선택해 주세",,59,circumference,,53,,,,,text,"[{""소매길이"": ""53""}, {""가슴둘레"": ""118""}]"
23969,https://www.misharp.co.kr/product/detail.html?product_no=23969,3타입 쿨 텐셀 데님,팬츠,데님,22800,,일자핏;밴딩핏;세미루즈,55-88,복부체형;하체통통,힙커버;허리라인보정,데일리,여름;겨울,롱,없음,그레이,4050,데님,(숏/기본/롱) 길이별 사이즈별 제작,,,,,,,,,,,
23897,https://www.misharp.co.kr/product/detail.html?product_no=23897,하트 맨투맨 블라우스,블라우스/셔츠,블라우스,27900,,,55-77,어깨좁음,허리라인보정,데일리;오피스룩,여름;겨울,기본,긴팔,,4050,데님;스커트,"미샵 - 하트 맨투맨 블라우스 (3 color) 하트 맨투맨 블라우스 (3 color) (해외배송 가능상품) ( 건) 하트 맨투맨 블라우스 (3 color) 39,800원 27,900원 남은시간 155일 09:28:24 (11,900원 할인) 2017-02-21 00:00 ~ 2026-12-31 23:55 270원 (1%) 재입고 알림 SMS 상품 옵션 컬러 - [필수] 옵션을 선택해 주세요",37,54.5,circumference,48,26,,,,,text,"[{""어깨단면"": ""37""}, {""암홀둘레"": ""48""}, {""소매길이"": ""26""}, {""가슴둘레"": ""109""}]"
23887,https://www.misharp.co.kr/product/detail.html?product_no=23887,엔젤 실켓티,,,15800,,,55-77,어깨좁음;하체통통,힙커버;허리라인보정,데일리,,기본,긴팔,블랙;아이보리;그레이,4050,슬랙스;데님;스커트,"미샵 - 엔젤 실켓티 (3 color) 엔젤 실켓티 (3 color) (해외배송 가능상품) ( 건) 엔젤 실켓티 (3 color) 22,500원 15,800원 남은시간 155일 09:28:23 (6,700원 할인) 2017-02-21 00:00 ~ 2026-12-31 23:55 150원 (1%) 재입고 알림 SMS 상품 옵션 컬러 - [필수] 옵션을 선택해 주세요 - -------------",49.5,52,circumference,44,20.5,,,,,text,"[{""어깨단면"": ""49.5""}, {""암홀둘레"": ""44""}, {""소매길이"": ""20.5""}, {""가슴둘레"": ""104""}]"
23826,https://www.misharp.co.kr/product/detail.html?product_no=23826,써머 킹짱 조거 팬츠,팬츠,팬츠,25100,,조거핏;슬림핏;밴딩핏,55-77,복부체형;하체통통,힙커버;허리라인보정,데일리,여름,기본,없음,블랙;그레이,4050,데님;니트,★ SS제작 팬츠 196 ★,,,,,,,,,,,
23802,https://www.misharp.co.kr/product/detail.html?product_no=23802,S. 올데이 코튼 배기 팬츠,팬츠,팬츠,34000,코튼98% 스판2% 혼용 소재로 더 섬세하게 얇고 쾌적한 감촉을 전합니다 / 스판2% 혼용 소재로 더 섬세하게 얇고 쾌적한 감촉을 전합니다,배기핏;테이퍼드핏;루즈핏,55-77,복부체형;하체통통,힙커버;허리라인보정,데일리,여름,기본,없음,아이보리;베이지;그레이;핑크,4050,데님,"미샵 - S. 올데이 코튼 배기 팬츠 (5 color) S. 올데이 코튼 배기 팬츠 (5 color) (해외배송 가능상품) ( 건) S. 올데이 코튼 배기 팬츠 (5 color) 48,500원 34,000원 남은시간 1250일 21:33:20 (14,500원 할인) 2017-02-03 00:00 ~ 2029-12-31 12:00 340원 (1%) 재입고 알림 SMS 상품 옵션 컬러 - [필수",,,,,,,,,,,
23735,https://www.misharp.co.kr/product/detail.html?product_no=23735,다트 4부 데님 팬츠,팬츠,데님,20900,,슬림핏,55-44,복부체형;하체통통,뱃살커버;힙커버;허리라인보정,데일리,봄;여름;가을,기본,없음,,4050,데님,"미샵 - 다트 4부 데님 팬츠 (1 color) 다트 4부 데님 팬츠 (1 color) (해외배송 가능상품) ( 건) 다트 4부 데님 팬츠 (1 color) 29,800원 20,900원 남은시간 155일 09:28:18 (8,900원 할인) 2017-02-21 00:00 ~ 2026-12-31 23:55 200원 (1%) 재입고 알림 SMS 상품 옵션 사이즈 - [필수] 옵션을 선택해 주세요",,,,,,,,,,,
23710,https://www.misharp.co.kr/product/detail.html?product_no=23710,요르 린넨 나시,,,20900,,민소매핏,55-66반,어깨좁음,허리라인보정,데일리,여름;겨울,기본,민소매,블랙;화이트;베이지;핑크;카키,4050,데님,【고급 린넨 100】,39,48,circumference,36,,,,,,text,"[{""어깨단면"": ""39""}, {""암홀둘레"": ""36""}, {""가슴둘레"": ""96""}]"
23666,https://www.misharp.co.kr/product/detail.html?product_no=23666,밀리언 코튼 배기 팬츠,팬츠,팬츠,27900,,배기핏;테이퍼드핏,55-66,복부체형;하체통통,힙커버;허리라인보정,데일리,,기본,없음,,4050,데님,2022 트렌드 그린컬러 추천,,,,,,,,,,,
23662,https://www.misharp.co.kr/product/detail.html?product_no=23662,투포켓 클래식 블라우스,블라우스/셔츠,블라우스,29100,,,55-77,어깨좁음,허리라인보정,클래식;데일리,,기본,긴팔,블랙;아이보리;핑크;네이비,4050,슬랙스;데님,(사이즈별 제작),35,50,circumference,48,59.5,,,,,text,"[{""어깨단면"": ""35""}, {""암홀둘레"": ""48""}, {""소매길이"": ""59.5""}, {""가슴둘레"": ""100""}]"
23660,https://www.misharp.co.kr/product/detail.html?product_no=23660,니드 사파리 점퍼,아우터,점퍼,48700,,,55-77,복부체형;하체통통,힙커버;허리라인보정,데일리,,하프,긴팔,베이지,4050,데님,"미샵 - 니드 사파리 점퍼 (2 color) 니드 사파리 점퍼 (2 color) (해외배송 가능상품) ( 건) 니드 사파리 점퍼 (2 color) 69,500원 48,700원 남은시간 1250일 21:33:12 (20,800원 할인) 2017-02-03 00:00 ~ 2029-12-31 12:00 480원 (1%) 재입고 알림 SMS 상품 옵션 컬러 - [필수] 옵션을 선택해 주세요 - --",,59,circumference,,69.5,,,,,text,"[{""소매길이"": ""69.5""}, {""가슴둘레"": ""118""}]"
23587,https://www.misharp.co.kr/product/detail.html?product_no=23587,데이 앤 데이 티셔츠,블라우스/셔츠,셔츠,11100,,,55-66반,어깨좁음;하체통통,허리라인보정,데일리,봄;여름;가을,기본,긴팔,블랙;화이트;베이지;그레이;핑크,4050,데님,(1+1) 한정수량,41.5,49,circumference,47,21,,,,,text,"[{""어깨단면"": ""41.5""}, {""암홀둘레"": ""47""}, {""소매길이"": ""21""}, {""가슴둘레"": ""98""}]"
23425,https://www.misharp.co.kr/product/detail.html?product_no=23425,키작키큰 스트릿 팬츠,팬츠,팬츠,16700,,와이드핏;밴딩핏,55-88,복부체형;하체통통,힙커버;허리라인보정,데일리,봄;가을;간절기,롱,없음,블랙;그레이,4050,슬랙스;데님,(3개의 길이별 제작) 가족모두 함께!,,,,,,,,,,,
23413,https://www.misharp.co.kr/product/detail.html?product_no=23413,키작키큰 조거팬츠,팬츠,팬츠,18100,,조거핏;밴딩핏,55-88,복부체형;하체통통,힙커버;허리라인보정,데일리,봄;여름;가을,롱,없음,블랙;그레이,4050,데님,(옵션별 빠른 품절),,,,,,,90,,,text,"[{""총장"": ""90""}]"
23226,https://www.misharp.co.kr/product/detail.html?product_no=23226,길이 블랙 슬랙스 (2 type),팬츠,슬랙스,20000,,와이드핏;일자핏,44-88,복부체형;하체통통,힙커버;허리라인보정,데일리,봄;겨울,롱,없음,블랙,4050,슬랙스;데님,(길이별/사이즈별 제작),,,,,,,,,,,
23170,https://www.misharp.co.kr/product/detail.html?product_no=23170,카라 패딩 자켓,아우터,자켓,65000,,,55-88,4050 여성 일반체형,,데일리,,기본,,베이지;네이비,4050,데님,(국내제작) /사이즈별입고,,,,,,,,,,,
23094,https://www.misharp.co.kr/product/detail.html?product_no=23094,매그 W 371 슬랙스,팬츠,슬랙스,12400,,일자핏;슬림핏;세미루즈,55-55반,복부체형;하체통통,힙커버;허리라인보정,클래식;데일리,겨울,기본,없음,블랙;아이보리;베이지;그레이,4050,슬랙스;데님,"★15.000원 할인★ (후기90+) 소비자가 : 39,800원",,,,,,,,,,,
22974,https://www.misharp.co.kr/product/detail.html?product_no=22974,투 타입 캐시미어 니트,니트/가디건,니트,20700,울20% 혼용의 니트입니다,슬림핏;정핏,55-66반,어깨좁음,허리라인보정,데일리,봄;가을;겨울,기본,긴팔,블랙;아이보리;베이지;그레이;핑크;브라운,4050,데님;니트,【캐시미어5% 울20% 】,40,47.5,circumference,40,56,,,,,text,"[{""어깨단면"": ""40""}, {""암홀둘레"": ""40""}, {""소매길이"": ""56""}, {""가슴둘레"": ""95""}]"
22879,https://www.misharp.co.kr/product/detail.html?product_no=22879,속굽 리본 로퍼,,,22300,,,,4050 여성 일반체형,,데일리,,기본,,블랙,4050,데님,겉굽1cm+속굽2cm / 폭신 쿠션,,,,,,,,,,,
22854,https://www.misharp.co.kr/product/detail.html?product_no=22854,(기획) 매그 F 345 블랙슬랙스,팬츠,슬랙스,12400,,일자핏;슬림핏;밴딩핏,44-55,복부체형;하체통통,힙커버;허리라인보정,클래식;데일리,가을;겨울,기본,없음,블랙,4050,슬랙스;데님,일부사이즈 소량남음! 한정특가세일!,,,,,,,,,,,
22778,https://www.misharp.co.kr/product/detail.html?product_no=22778,파스텔 린넨 셔츠,블라우스/셔츠,셔츠,30500,,,55-77,어깨좁음,허리라인보정,데일리,여름,기본,긴팔,핑크,4050,데님,"미샵 - 파스텔 린넨 셔츠 (2 color) 파스텔 린넨 셔츠 (2 color) (해외배송 가능상품) ( 건) 파스텔 린넨 셔츠 (2 color) 43,500원 30,500원 남은시간 155일 09:27:56 (13,000원 할인) 2017-02-21 00:00 ~ 2026-12-31 23:55 300원 (1%) 재입고 알림 SMS 상품 옵션 컬러 - [필수] 옵션을 선택해 주세요 - ---",43,55,circumference,50,21,,,,,text,"[{""어깨단면"": ""43""}, {""암홀둘레"": ""50""}, {""소매길이"": ""21""}, {""가슴둘레"": ""110""}]"
22757,https://www.misharp.co.kr/product/detail.html?product_no=22757,써머 텐셀 데님,팬츠,데님,27900,,일자핏,55-66,복부체형;하체통통,힙커버;허리라인보정,데일리,봄;여름;겨울,기본,없음,,4050,데님,여름 데님이면 이 정도!,,,,,,,,,,,
22720,https://www.misharp.co.kr/product/detail.html?product_no=22720,메이 블라우스,블라우스/셔츠,블라우스,39800,,,55-77,어깨좁음,허리라인보정,데일리,여름;겨울,기본,긴팔,아이보리;베이지,4050,데님;스커트,【앞뒤 다른 소재의 시원타입】,39,52,circumference,50,30,,,,,text,"[{""어깨단면"": ""39""}, {""암홀둘레"": ""50""}, {""소매길이"": ""30""}, {""가슴둘레"": ""104""}]"
22564,https://www.misharp.co.kr/product/detail.html?product_no=22564,모이 린넨 티셔츠,블라우스/셔츠,셔츠,14900,,,55-66반,어깨좁음;복부체형;하체통통,힙커버;허리라인보정,데일리,여름;겨울,기본,긴팔,블랙;화이트;아이보리;베이지,4050,슬랙스;데님;스커트,한사이즈 날씬핏,37,44,circumference,40,12,,,,,text,"[{""어깨단면"": ""37""}, {""암홀둘레"": ""40""}, {""소매길이"": ""12""}, {""가슴둘레"": ""88""}]"
22363,https://www.misharp.co.kr/product/detail.html?product_no=22363,플링 윈디 점퍼,아우터,점퍼,40300,,오버핏;루즈핏,55-77,복부체형,허리라인보정,데일리;오피스룩,봄;여름;가을,기본,반팔,네이비,4050,데님,"미샵 - 플링 윈디 점퍼 (3 color) 플링 윈디 점퍼 (3 color) (해외배송 가능상품) ( 건) 플링 윈디 점퍼 (3 color) 57,500원 40,300원 남은시간 1250일 21:32:48 (17,200원 할인) 2017-02-03 00:00 ~ 2029-12-31 12:00 400원 (1%) 재입고 알림 SMS 상품 옵션 컬러 - [필수] 옵션을 선택해 주세요 - -----",,55,circumference,,73,,,,,text,"[{""소매길이"": ""73""}, {""가슴둘레"": ""110""}]"
22346,https://www.misharp.co.kr/product/detail.html?product_no=22346,투버튼 세미 와이드 데님,팬츠,데님,39500,,세미와이드핏;와이드핏;밴딩핏,66-66,복부체형;하체통통,힙커버;허리라인보정,데일리,여름;가을,기본,없음,,4050,데님,"미샵 - 투버튼 세미 와이드 데님 (2 color) 투버튼 세미 와이드 데님 (2 color) (해외배송 가능상품) ( 건) 투버튼 세미 와이드 데님 (2 color) 39,500원 390원 (1%) 재입고 알림 SMS 상품 옵션 컬러-사이즈 - [필수] 옵션을 선택해 주세요 - ------------------- 연청-M(66) 옵션선택 상품 목록 상품명 상품수 가격 투버튼 세미 와이드 데",,,,,,,,,,,
22234,https://www.misharp.co.kr/product/detail.html?product_no=22234,매그 S 477 슬랙스,팬츠,슬랙스,26500,,와이드핏;부츠컷;일자핏;세미루즈,55-66반,복부체형;하체통통,힙커버;허리라인보정,데일리,봄;가을;겨울,기본,없음,블랙;베이지,4050,슬랙스;데님,"미샵 - 매그 S 477 슬랙스 (4 color) 매그 S 477 슬랙스 (4 color) (해외배송 가능상품) ( 건) 매그 S 477 슬랙스 (4 color) 37,800원 26,500원 남은시간 1250일 21:32:45 (11,300원 할인) 2017-02-03 00:00 ~ 2029-12-31 12:00 260원 (1%) 재입고 알림 SMS 상품 옵션 컬러-사이즈 - [필수] 옵션을",,,,,,,87,,,text,"[{""총장"": ""87""}]"
22162,https://www.misharp.co.kr/product/detail.html?product_no=22162,리핏 다트 스커트,원피스/스커트,스커트,24200,,A라인,55-66반,하체통통,허리라인보정,클래식;데일리;오피스룩,봄;가을;간절기,기본,없음,핑크,4050,데님;스커트,"미샵 - 리핏 다트 스커트 (3 color) 리핏 다트 스커트 (3 color) (해외배송 가능상품) ( 건) 리핏 다트 스커트 (3 color) 34,500원 24,200원 남은시간 1250일 21:32:43 (10,300원 할인) 2017-01-12 00:00 ~ 2029-12-31 12:00 240원 (1%) 재입고 알림 SMS 상품 옵션 컬러 - [필수] 옵션을 선택해 주세요 - --",,,,,,,,,,,
21823,https://www.misharp.co.kr/product/detail.html?product_no=21823,소가죽 스웨이드 슬립온,,,34000,,,,4050 여성 일반체형,,데일리,,기본,,블랙;그레이,4050,데님,3cm의 키높이! 가볍고 편안해요!,,,,,,,,,,,
21561,https://www.misharp.co.kr/product/detail.html?product_no=21561,페리 블라우스4,블라우스/셔츠,블라우스,13400,,슬림핏,55-77,어깨좁음,뱃살커버;허리라인보정,데일리,봄;겨울,기본,긴팔,블랙;네이비,4050,슬랙스;데님,"미샵 - 페리 블라우스4 (1 color) 페리 블라우스4 (1 color) (해외배송 가능상품) ( 건) 페리 블라우스4 (1 color) 26,800원 13,400원 남은시간 1250일 21:32:40 (13,400원 할인) 2017-02-03 00:00 ~ 2029-12-31 12:00 130원 (1%) 재입고 알림 SMS 상품 옵션 컬러 - [필수] 옵션을 선택해 주세요 - -----",37,53,circumference,46,57,,,,,text,"[{""어깨단면"": ""37""}, {""암홀둘레"": ""46""}, {""소매길이"": ""57""}, {""가슴둘레"": ""106""}]"
21502,https://www.misharp.co.kr/product/detail.html?product_no=21502,샌디 롤업 셔츠,블라우스/셔츠,셔츠,38500,,,55-77,어깨좁음,허리라인보정,데일리;오피스룩,여름,기본,긴팔,핑크,4050,데님,"미샵 - 샌디 롤업 셔츠 (6 color) 샌디 롤업 셔츠 (6 color) (해외배송 가능상품) ( 건) 샌디 롤업 셔츠 (6 color) 38,500원 380원 (1%) 재입고 알림 SMS 상품 옵션 컬러 - [필수] 옵션을 선택해 주세요 - ------------------- 핑크 옵션선택 상품 목록 상품명 상품수 가격 샌디 롤업 셔츠 (6 color) 수량증가 수량감소 38500 (",,,,,,,,,,,
21425,https://www.misharp.co.kr/product/detail.html?product_no=21425,버나드 스트랩 샌들,,,41500,,,,4050 여성 일반체형,,데일리,,기본,,블랙;베이지,4050,데님,"미샵 - 버나드 스트랩 샌들 (2 color) 버나드 스트랩 샌들 (2 color) (해외배송 가능상품) ( 건) 버나드 스트랩 샌들 (2 color) 41,500원 410원 (1%) 재입고 알림 SMS 상품 옵션 컬러-사이즈 - [필수] 옵션을 선택해 주세요 - ------------------- 베이지-240 블랙-240 옵션선택 상품 목록 상품명 상품수 가격 버나드 스트랩 샌들 (2 c",,,,,,,,,,,
21386,https://www.misharp.co.kr/product/detail.html?product_no=21386,루브 젤리 슬리퍼,,,24800,,,,4050 여성 일반체형,,데일리,,기본,,,4050,데님,"미샵 - 루브 젤리 슬리퍼 (4 color) 루브 젤리 슬리퍼 (4 color) (해외배송 가능상품) ( 건) 루브 젤리 슬리퍼 (4 color) 24,800원 240원 (1%) 재입고 알림 SMS 상품 옵션 컬러-사이즈 - [필수] 옵션을 선택해 주세요 - ------------------- 와인-240 옵션선택 상품 목록 상품명 상품수 가격 루브 젤리 슬리퍼 (4 color) 수량증가 수",,,,,,,,,,,
21373,https://www.misharp.co.kr/product/detail.html?product_no=21373,에디트 실루엣 원피스,원피스/스커트,원피스,59500,,기본라인,,4050 여성 일반체형,허리라인보정,데일리;오피스룩,,기본,,브라운,4050,데님;원피스,비침없이 가장 얇은 원단,,,,,,,,,,,
21323,https://www.misharp.co.kr/product/detail.html?product_no=21323,쿨 인견 슬립 원피스,원피스/스커트,원피스,19800,,기본라인,55-55,복부체형;하체통통,뱃살커버;힙커버,데일리,여름,기본,,블랙,4050,데님;원피스,2XL까지,,,,,,,,,,,
21002,https://www.misharp.co.kr/product/detail.html?product_no=21002,에어로실버 향균 마스크,,,1800,,,,4050 여성 일반체형,,데일리,,기본,,블랙;아이보리;그레이,4050,데님,"세 가지 사이즈, 세탁 가능!",,,,,,,,,,,
20942,https://www.misharp.co.kr/product/detail.html?product_no=20942,베이직 일자 텐션 팬츠,팬츠,팬츠,16400,,일자핏;밴딩핏;세미루즈,55-77,복부체형,,데일리;오피스룩,겨울,기본,없음,블랙;베이지,4050,슬랙스;데님,기막힌 편안함!,,,,,,,,,,,
20839,https://www.misharp.co.kr/product/detail.html?product_no=20839,매그 S 401,,,17300,,,88-88,하체통통,뱃살커버;허리라인보정,데일리;오피스룩,봄,기본,,,4050,슬랙스;데님,브랜드 그대로 재현,,,,,,,,,,,
20826,https://www.misharp.co.kr/product/detail.html?product_no=20826,매그 S 399 슬랙스,팬츠,슬랙스,23840,,와이드핏;일자핏;세미루즈,55-88,하체통통,힙커버;허리라인보정,데일리,봄;여름;가을,기본,없음,베이지,4050,슬랙스;데님,"미샵 - 매그 S 399 슬랙스 (4 color) 매그 S 399 슬랙스 (4 color) (해외배송 가능상품) ( 건) 매그 S 399 슬랙스 (4 color) 29,800원 23,840원 남은시간 1250일 21:32:27 (5,960원 할인) 2024-11-26 12:00 ~ 2029-12-31 12:00 230원 (1%) 재입고 알림 SMS 상품 옵션 컬러-사이즈 - [필수] 옵션을",,,,,,,,,,,
20796,https://www.misharp.co.kr/product/detail.html?product_no=20796,딥 클래식 데님,팬츠,데님,14900,,일자핏;슬림핏;밴딩핏,55-88,복부체형,허리라인보정,클래식;데일리;오피스룩,봄,기본,없음,블랙,4050,데님,생지데님에 부드러운 린스워싱,,,,,,,,,,,
20754,https://www.misharp.co.kr/product/detail.html?product_no=20754,브이 체크 원피스,원피스/스커트,원피스,27300,,기본라인,55-66,4050 여성 일반체형,뱃살커버;허리라인보정,클래식;데일리,,기본,,아이보리,4050,데님;원피스,"미샵 - 브이 체크 원피스 (2 color) 브이 체크 원피스 (2 color) (해외배송 가능상품) ( 건) 브이 체크 원피스 (2 color) 54,500원 27,300원 남은시간 1250일 21:32:24 (27,200원 할인) 2017-01-12 00:00 ~ 2029-12-31 12:00 270원 (1%) 재입고 알림 SMS 상품 옵션 컬러 - [필수] 옵션을 선택해 주세요 - --",,,,,,,,,,,
20549,https://www.misharp.co.kr/product/detail.html?product_no=20549,포근 수면 잠옷 팬츠,팬츠,팬츠,7600,,밴딩핏;세미루즈,55-77,복부체형;하체통통,힙커버,데일리,겨울,기본,없음,핑크,4050,데님,"미샵 - 포근 수면 잠옷 팬츠 (4 color) 포근 수면 잠옷 팬츠 (4 color) (해외배송 가능상품) ( 건) 포근 수면 잠옷 팬츠 (4 color) 9,500원 7,600원 남은시간 1250일 21:32:22 (1,900원 할인) 2024-11-30 12:00 ~ 2029-12-31 12:00 70원 (1%) 재입고 알림 SMS 상품 옵션 컬러 - [필수] 옵션을 선택해 주세요 -",,,,,,,,,,,
20309,https://www.misharp.co.kr/product/detail.html?product_no=20309,D오르 플랫,,,20900,,,,4050 여성 일반체형,,데일리,,기본,,소라,4050,데님,"미샵 - D오르 플랫 (3 color) D오르 플랫 (3 color) (해외배송 가능상품) ( 건) D오르 플랫 (3 color) 29,800원 20,900원 남은시간 1250일 21:32:21 (8,900원 할인) 2017-02-03 00:00 ~ 2029-12-31 12:00 200원 (1%) 재입고 알림 SMS 상품 옵션 컬러-사이즈 - [필수] 옵션을 선택해 주세요 - --------",,,,,,,,,,,
20303,https://www.misharp.co.kr/product/detail.html?product_no=20303,올가 F 309,,,15800,,,55-88,복부체형,허리라인보정,데일리,봄;가을;겨울,기본,,블랙;베이지;그레이,4050,데님,빈p 라인~ 미샵 시그니처 면스키니,,,,,,,,,,,
20114,https://www.misharp.co.kr/product/detail.html?product_no=20114,럽 원피스,원피스/스커트,원피스,38200,,기본라인,55-77,어깨좁음;복부체형;하체통통,힙커버;허리라인보정,클래식;페미닌;데일리;오피스룩,여름;겨울,롱,긴팔,베이지;핑크;네이비,4050,데님;스커트;원피스,"미샵 - 럽 원피스 (3 color) 럽 원피스 (3 color) (해외배송 가능상품) ( 건) 럽 원피스 (3 color) 54,500원 38,200원 남은시간 155일 09:27:18 (16,300원 할인) 2017-02-21 00:00 ~ 2026-12-31 23:55 380원 (1%) 재입고 알림 SMS 상품 옵션 컬러 - [필수] 옵션을 선택해 주세요 - ---------------",38.5,50,circumference,46,26,,,,,text,"[{""어깨단면"": ""38.5""}, {""암홀둘레"": ""46""}, {""소매길이"": ""26""}, {""가슴둘레"": ""100""}]"
20012,https://www.misharp.co.kr/product/detail.html?product_no=20012,매그 S 385,,,20700,,슬림핏,55-88,복부체형;하체통통,힙커버,데일리,여름,기본,,그레이,4050,데님,"미샵 - 매그 S 385 (3 color) 매그 S 385 (3 color) (해외배송 가능상품) ( 건) 매그 S 385 (3 color) 29,500원 20,700원 남은시간 155일 09:27:17 (8,800원 할인) 2017-02-21 00:00 ~ 2026-12-31 23:55 200원 (1%) 재입고 알림 SMS 상품 옵션 컬러-사이즈 - [필수] 옵션을 선택해 주세요 - ---",,,,,,,,,,,
19944,https://www.misharp.co.kr/product/detail.html?product_no=19944,리본 미들 뮬,,,41800,,,,4050 여성 일반체형,,데일리,,기본,,블랙;화이트,4050,데님,"미샵 - 리본 미들 뮬 (2 color) 리본 미들 뮬 (2 color) (해외배송 가능상품) ( 건) 리본 미들 뮬 (2 color) 41,800원 410원 (1%) 재입고 알림 SMS 상품 옵션 컬러-사이즈 - [필수] 옵션을 선택해 주세요 - ------------------- 화이트-240 블랙-240 옵션선택 상품 목록 상품명 상품수 가격 리본 미들 뮬 (2 color) 수량증가 수",,,,,,,,,,,
19894,https://www.misharp.co.kr/product/detail.html?product_no=19894,페리 블라우스3,블라우스/셔츠,블라우스,7400,,민소매핏,,팔뚝통통,팔뚝커버;허리라인보정,데일리,봄;여름;겨울,기본,민소매,블랙;아이보리,4050,슬랙스;데님;스커트,[회원혜택 50%할인 / 한정수량],,,,,,,,,,,
19872,https://www.misharp.co.kr/product/detail.html?product_no=19872,스트랩 미들 힐,,,43800,,,,4050 여성 일반체형,,데일리,겨울,기본,,블랙;브라운,4050,데님,"미샵 - 스트랩 미들 힐 (4 color) 스트랩 미들 힐 (4 color) (해외배송 가능상품) ( 건) 스트랩 미들 힐 (4 color) 43,800원 430원 (1%) 재입고 알림 SMS 상품 옵션 컬러-사이즈 - [필수] 옵션을 선택해 주세요 - ------------------- 브라운-240 옵션선택 상품 목록 상품명 상품수 가격 스트랩 미들 힐 (4 color) 수량증가 수량감소",,,,,,,,,,,
19839,https://www.misharp.co.kr/product/detail.html?product_no=19839,스틸레토 뮬,,,21400,,,,4050 여성 일반체형,,데일리,,기본,,블랙;화이트;베이지,4050,데님,"미샵 - 스틸레토 뮬 (3 color) 스틸레토 뮬 (3 color) (해외배송 가능상품) ( 건) 스틸레토 뮬 (3 color) 42,800원 21,400원 남은시간 1250일 21:32:10 (21,400원 할인) 2017-02-03 00:00 ~ 2029-12-31 12:00 210원 (1%) 재입고 알림 SMS 상품 옵션 컬러-사이즈 - [필수] 옵션을 선택해 주세요 - -------",,,,,,,,,,,
19827,https://www.misharp.co.kr/product/detail.html?product_no=19827,F. 리뉴 원피스,원피스/스커트,원피스,14900,,기본라인,55-66,4050 여성 일반체형,,데일리,여름;겨울,기본,긴팔,블랙,4050,데님;스커트;원피스,"미샵 - F. 리뉴 원피스 (2 color) F. 리뉴 원피스 (2 color) (해외배송 가능상품) ( 건) F. 리뉴 원피스 (2 color) 29,800원 14,900원 남은시간 1250일 21:32:09 (14,900원 할인) 2017-02-03 00:00 ~ 2029-12-31 12:00 140원 (1%) 재입고 알림 SMS 상품 옵션 컬러 - [필수] 옵션을 선택해 주세요 - --",,,,,,,,,,,
19694,https://www.misharp.co.kr/product/detail.html?product_no=19694,매그 S 373 슬랙스,팬츠,슬랙스,13400,,부츠컷;일자핏;슬림핏,88-44,복부체형;하체통통,힙커버;허리라인보정,데일리,봄;여름;가을,기본,없음,아이보리;베이지,4050,슬랙스;데님,(후기180개돌파) 놀라운 편안함!,,,,,,,,,,,
18818,https://www.misharp.co.kr/product/detail.html?product_no=18818,엘리제 블라우스,블라우스/셔츠,블라우스,13900,,,55-77,어깨좁음;팔뚝통통,팔뚝커버;허리라인보정,데일리,여름;겨울,기본,긴팔,,4050,데님,우아함에 시원함까지~,,,,,,,,,,,
18290,https://www.misharp.co.kr/product/detail.html?product_no=18290,매그 S 361 슬랙스,팬츠,슬랙스,5500,,일자핏;스키니핏;밴딩핏,55-77,복부체형,허리라인보정,데일리,봄;가을;겨울,기본,없음,블랙;베이지;핑크,4050,슬랙스;데님,"미샵 - 매그 S 361 슬랙스 (2 color) 매그 S 361 슬랙스 (2 color) (해외배송 가능상품) ( 건) 매그 S 361 슬랙스 (2 color) 27,500원 5,500원 남은시간 1250일 21:32:04 (22,000원 할인) 2024-11-26 12:00 ~ 2029-12-31 12:00 50원 (1%) 재입고 알림 SMS 상품 옵션 컬러-사이즈 - [필수] 옵션을 선",,,,,,,,,,,
17151,https://www.misharp.co.kr/product/detail.html?product_no=17151,올가 S 313,,,5000,,,55-55반,하체통통,힙커버;허리라인보정,데일리,여름,기본,,블랙;화이트;핑크,4050,데님,더 시원한 면스키니! 종아리까지 타잇함없어요^^,,,,,,,,,,,
16790,https://www.misharp.co.kr/product/detail.html?product_no=16790,매그 S 239,,,6960,,슬림핏,55-55반,복부체형,허리라인보정,데일리;오피스룩,봄;가을;겨울,기본,,블랙,4050,데님,"아래로 살짝 좁아지는 세미 오피스라인, 가장 안정감있고 세련된 핏과 허리밴딩의 편안함까지!",,,,,,,,,,,
13331,https://www.misharp.co.kr/product/detail.html?product_no=13331,올가 S 172,,,10400,,,,복부체형,허리라인보정,데일리,봄;겨울,기본,,블랙;화이트,4050,데님;니트,[3 color],,,,,,,,,,,
13204,https://www.misharp.co.kr/product/detail.html?product_no=13204,올가 W 168,,,7300,,,55-55,복부체형,허리라인보정,데일리,겨울,기본,,블랙;아이보리;카키,4050,데님;니트,"미샵 - 올가 W 168 올가 W 168 (해외배송 가능상품) ( 건) 올가 W 168 36,500원 7,300원 남은시간 1245일 09:26:58 (29,200원 할인) 2024-11-26 12:00 ~ 2029-12-25 23:55 70원 (1%) 재입고 알림 SMS 상품 옵션 컬러／사이즈 - [필수] 옵션을 선택해 주세요 - ------------------- 카키 ／ S 카키／M 카",,,,,,,,,,,
27938,https://www.misharp.co.kr/product/detail.html?product_no=27938,[미샵X밀로차] 콩 판테놀 EGF 크림 150ml,,,33600,,,,4050 여성 일반체형,,데일리,,기본,,,4050,데님,【피부과 NO! 속건조/보습/민감피부 고민끝!】,,,,,,,,,,,
27939,https://www.misharp.co.kr/product/detail.html?product_no=27939,[미샵X밀로차] 콩 알란토인 세럼 210ml,,,31200,,퍼프소매,55-55,팔뚝통통,팔뚝커버,데일리,여름,기본,퍼프소매,,4050,데님,【피부자극지수 0.00% 의 저자극 보습】,,,,,,,,,,,
27940,https://www.misharp.co.kr/product/detail.html?product_no=27940,[미샵X밀로차] 주름 보습 리페어 기초세트(크림150ml+세럼210ml),,,64000,,,,4050 여성 일반체형,,데일리,,기본,,,4050,데님,【미샵 전직원 체험 추천_피부에 자연을 발라요!】,,,,,,,,,,,
25041,https://www.misharp.co.kr/product/detail.html?product_no=25041,베니스 레이어드 점프수트,,,43500,,민소매핏,55-66반,복부체형;하체통통,힙커버;허리라인보정,데일리,봄;여름;가을,기본,민소매,블랙;베이지,4050,데님,"미샵 - 베니스 레이어드 점프수트 (2 color) 베니스 레이어드 점프수트 (2 color) (해외배송 가능상품) ( 건) 베니스 레이어드 점프수트 (2 color) 43,500원 430원 (1%) 재입고 알림 SMS 상품 옵션 컬러 - [필수] 옵션을 선택해 주세요 - ------------------- 머스터드베이지 블랙 옵션선택 상품 목록 상품명 상품수 가격 베니스 레이어드 점프수트",,,,,,,,,,,
25042,https://www.misharp.co.kr/product/detail.html?product_no=25042,르웰 이중 소매 티셔츠,블라우스/셔츠,셔츠,34500,코튼100% 원단입니다,,55-66반,어깨좁음;팔뚝통통,팔뚝커버,클래식;데일리,,기본,긴팔,블랙;화이트,4050,슬랙스;데님;스커트;원피스,"미샵 - 르웰 이중 소매 티셔츠 (2 color) 르웰 이중 소매 티셔츠 (2 color) (해외배송 가능상품) ( 건) 르웰 이중 소매 티셔츠 (2 color) 34,500원 340원 (1%) 재입고 알림 SMS 상품 옵션 컬러 - [필수] 옵션을 선택해 주세요 - ------------------- 화이트 블랙 옵션선택 상품 목록 상품명 상품수 가격 르웰 이중 소매 티셔츠 (2 color",,,,,,,,,,table,"[{""르웰 이중 소매 티셔츠 (2 color)"": """"}]"
28939,https://www.misharp.co.kr/product/detail.html?product_no=28939,데일리 썸머 셔링 롤업 셔츠,블라우스/셔츠,셔츠,36500,면100% 소재입니다 / 면 100% 소재로 통기성이 뛰어나 여름철에도 시원하게 입을 수 있습니다,루즈핏;슬림핏,55-77,어깨좁음,허리라인보정,클래식;데일리;오피스룩,여름;겨울,기본,긴팔,화이트;핑크;소라,4050,슬랙스;데님;스커트,"미샵 - 데일리 썸머 셔링 롤업 셔츠 (3 color) 데일리 썸머 셔링 롤업 셔츠 (3 color) (해외배송 가능상품) ( 건) 데일리 썸머 셔링 롤업 셔츠 (3 color) 36,500원 360원 (1%) 재입고 알림 SMS 상품 옵션 컬러 - [필수] 옵션을 선택해 주세요 - ------------------- 화이트 핑크 소라 옵션선택 상품 목록 상품명 상품수 가격 데일리 썸머 셔링",,37.2,circumference,,28,,,,,text,"[{""소매길이"": ""28""}, {""가슴둘레"": ""74.5""}]"
28889,https://www.misharp.co.kr/product/detail.html?product_no=28889,린넨 스트라이프 노카라 하프 자켓,아우터,자켓,118500,,민소매핏,55-77,어깨좁음;하체통통,뱃살커버;힙커버;허리라인보정,클래식;데일리;오피스룩,여름;겨울,하프,민소매,아이보리;베이지,4050,슬랙스;데님;원피스,【유연한 린넨100% / 사이즈별】,37,52.5,circumference,53,26,,,,,text,"[{""어깨단면"": ""37""}, {""암홀둘레"": ""53""}, {""소매길이"": ""26""}, {""가슴둘레"": ""105""}]"
28875,https://www.misharp.co.kr/product/detail.html?product_no=28875,산뜻 워싱 체크 스트링 셔츠 점퍼,아우터,점퍼,59800,코튼100% 소재입니다,오버핏,55-77,어깨좁음,뱃살커버,데일리;오피스룩,여름;겨울,롱,긴팔,네이비;소라,4050,슬랙스;데님;스커트,【린넨처럼 고슬한 코튼 100】,50,62,circumference,58,56,,,,,text,"[{""어깨단면"": ""50""}, {""암홀둘레"": ""58""}, {""소매길이"": ""56""}, {""가슴둘레"": ""124""}]"
26401,https://www.misharp.co.kr/product/detail.html?product_no=26401,러비 썸머 브이 홀가먼트 니트,니트/가디건,니트,59500,,,55-77,어깨좁음;팔뚝통통,팔뚝커버;허리라인보정,데일리;오피스룩,여름,기본,긴팔,화이트;베이지;핑크,4050,데님;니트,【린넨14 / 고슬고슬함】,,51,circumference,,33,,,,,text,"[{""소매길이"": ""33""}, {""가슴둘레"": ""102""}]"
23844,https://www.misharp.co.kr/product/detail.html?product_no=23844,쿨 베이직 슬립 원피스,원피스/스커트,원피스,19500,,세미루즈;정핏,55-77,4050 여성 일반체형,뱃살커버;허리라인보정,데일리,여름,기본,,블랙;화이트,4050,데님;원피스,"【국내생산 / M, L 사이즈별】",,44,circumference,,,,,,,text,"[{""가슴둘레"": ""88""}]"
